[dotenv] Set [36mJWT_SECRET[0m, [36mJWT_EXPIRY[0m
[dotenv] Loaded [33m.env[0m
Started POST "/api/v1/login" for ::1 at 2026-02-08 22:13:10 +0530
  [1m[36mActiveRecord::SchemaMigration Load (0.9ms)[0m  [1m[34mSELECT "schema_migrations"."version" FROM "schema_migrations" ORDER BY "schema_migrations"."version" ASC /*application='ApprovalEngine'*/[0m
Processing by Api::V1::AuthController#login as HTML
  Parameters: {"email" => "[FILTERED]", "password" => "[FILTERED]", "auth" => {"email" => "[FILTERED]", "password" => "[FILTERED]"}}
  [1m[36mUser Load (1.0ms)[0m  [1m[34mSELECT "users".* FROM "users" WHERE "users"."deleted_at" IS NULL AND "users"."email" = 'admin@example.com' LIMIT 1 /*action='login',application='ApprovalEngine',controller='auth'*/[0m
  ↳ app/controllers/api/v1/auth_controller.rb:7:in 'Api::V1::AuthController#login'
Completed 200 OK in 230ms (Views: 0.2ms | ActiveRecord: 9.1ms (1 query, 0 cached) | GC: 0.3ms)


Started GET "/api/v1/admin/reports/summary" for ::1 at 2026-02-08 22:13:10 +0530
Started GET "/api/v1/requests?page=1" for ::1 at 2026-02-08 22:13:10 +0530
Processing by Api::V1::Admin::ReportsController#summary as HTML
Processing by Api::V1::RequestsController#index as HTML
  Parameters: {"page" => "1"}
  [1m[36mUser Load (1.6ms)[0m  [1m[34mSELECT "users".* FROM "users" WHERE "users"."deleted_at" IS NULL AND "users"."id" = 'a8b58455-32ed-4b42-af48-3bb969d2c5b8' LIMIT 1 /*action='summary',application='ApprovalEngine',controller='reports'*/[0m
  ↳ app/controllers/concerns/authenticatable.rb:20:in 'Authenticatable#authenticate_user'
  [1m[36mTenant Load (0.6ms)[0m  [1m[34mSELECT "tenants".* FROM "tenants" WHERE "tenants"."deleted_at" IS NULL AND "tenants"."id" = 'aa29ef8c-86bf-413d-9ea9-ed2c4360c3a5' LIMIT 1 /*action='summary',application='ApprovalEngine',controller='reports'*/[0m
  ↳ app/controllers/api/v1/admin/reports_controller.rb:8:in 'Api::V1::Admin::ReportsController#summary'
  [1m[36mRequest Count (1.3ms)[0m  [1m[34mSELECT COUNT(*) FROM "requests" WHERE "requests"."tenant_id" = 'aa29ef8c-86bf-413d-9ea9-ed2c4360c3a5' /*action='summary',application='ApprovalEngine',controller='reports'*/[0m
  ↳ app/controllers/api/v1/admin/reports_controller.rb:22:in 'Api::V1::Admin::ReportsController#total_requests'
  [1m[36mRequest Count (0.3ms)[0m  [1m[34mSELECT COUNT(*) AS "count_all", "requests"."status" AS "requests_status" FROM "requests" WHERE "requests"."tenant_id" = 'aa29ef8c-86bf-413d-9ea9-ed2c4360c3a5' GROUP BY "requests"."status" /*action='summary',application='ApprovalEngine',controller='reports'*/[0m
  ↳ app/controllers/api/v1/admin/reports_controller.rb:26:in 'Api::V1::Admin::ReportsController#status_breakdown'
  [1m[36mUser Load (0.7ms)[0m  [1m[34mSELECT "users".* FROM "users" WHERE "users"."deleted_at" IS NULL AND "users"."id" = 'a8b58455-32ed-4b42-af48-3bb969d2c5b8' LIMIT 1 /*action='index',application='ApprovalEngine',controller='requests'*/[0m
  ↳ app/controllers/concerns/authenticatable.rb:20:in 'Authenticatable#authenticate_user'
  [1m[36mTenant Load (0.2ms)[0m  [1m[34mSELECT "tenants".* FROM "tenants" WHERE "tenants"."deleted_at" IS NULL AND "tenants"."id" = 'aa29ef8c-86bf-413d-9ea9-ed2c4360c3a5' LIMIT 1 /*action='index',application='ApprovalEngine',controller='requests'*/[0m
  ↳ app/controllers/api/v1/requests_controller.rb:9:in 'Api::V1::RequestsController#index'
  [1m[36mRequest Count (1.7ms)[0m  [1m[34mSELECT COUNT(*) AS "count_all", "request_types"."name" AS "request_types_name" FROM "requests" INNER JOIN "request_types" ON "request_types"."deleted_at" IS NULL AND "request_types"."id" = "requests"."request_type_id" WHERE "requests"."tenant_id" = 'aa29ef8c-86bf-413d-9ea9-ed2c4360c3a5' GROUP BY "request_types"."name" /*action='summary',application='ApprovalEngine',controller='reports'*/[0m
  ↳ app/controllers/api/v1/admin/reports_controller.rb:33:in 'Api::V1::Admin::ReportsController#request_type_breakdown'
  [1m[36mRequest Count (1.8ms)[0m  [1m[34mSELECT COUNT(*) FROM "requests" WHERE "requests"."tenant_id" = 'aa29ef8c-86bf-413d-9ea9-ed2c4360c3a5' /*action='index',application='ApprovalEngine',controller='requests'*/[0m
  ↳ app/controllers/api/v1/requests_controller.rb:16:in 'Api::V1::RequestsController#index'
  [1m[36mRequest Load (0.2ms)[0m  [1m[34mSELECT "requests".* FROM "requests" WHERE "requests"."tenant_id" = 'aa29ef8c-86bf-413d-9ea9-ed2c4360c3a5' LIMIT 10 OFFSET 0 /*action='index',application='ApprovalEngine',controller='requests'*/[0m
  ↳ app/controllers/api/v1/requests_controller.rb:22:in 'Api::V1::RequestsController#index'
  [1m[36mApproval Count (4.0ms)[0m  [1m[34mSELECT COUNT(*) AS "count_all", "approvals"."action" AS "approvals_action" FROM "approvals" WHERE "approvals"."tenant_id" = 'aa29ef8c-86bf-413d-9ea9-ed2c4360c3a5' GROUP BY "approvals"."action" /*action='summary',application='ApprovalEngine',controller='reports'*/[0m
  ↳ app/controllers/api/v1/admin/reports_controller.rb:37:in 'Api::V1::Admin::ReportsController#decision_breakdown'
  [1m[36mUser Load (0.4ms)[0m  [1m[34mSELECT "users".* FROM "users" WHERE "users"."deleted_at" IS NULL AND "users"."id" IN ('fe43d2ce-b8cd-4d8e-b6ed-2bd799945724', '37ec41c9-c494-4128-bb94-07c2b87ad9e6', '24c0e984-3d03-44c6-bdb3-9e397ba9d8c2') /*action='index',application='ApprovalEngine',controller='requests'*/[0m
  ↳ app/controllers/api/v1/requests_controller.rb:22:in 'Api::V1::RequestsController#index'
  [1m[36mApproval Count (1.1ms)[0m  [1m[34mSELECT COUNT(*) AS "count_all", "approvals"."rule_id" AS "approvals_rule_id" FROM "approvals" WHERE "approvals"."tenant_id" = 'aa29ef8c-86bf-413d-9ea9-ed2c4360c3a5' AND "approvals"."rule_id" IS NOT NULL GROUP BY "approvals"."rule_id" /*action='summary',application='ApprovalEngine',controller='reports'*/[0m
  ↳ app/controllers/api/v1/admin/reports_controller.rb:44:in 'Api::V1::Admin::ReportsController#rule_hit_counts'
Completed 200 OK in 40ms (Views: 0.1ms | ActiveRecord: 16.4ms (7 queries, 0 cached) | GC: 0.0ms)


  [1m[36mRequestType Load (1.2ms)[0m  [1m[34mSELECT "request_types".* FROM "request_types" WHERE "request_types"."deleted_at" IS NULL AND "request_types"."id" IN ('dbc4ad97-8696-4a00-9423-3d4df65dbd59', '1f5dd956-b4d1-456e-a5ea-d3c63ebde7b8') /*action='index',application='ApprovalEngine',controller='requests'*/[0m
  ↳ app/controllers/api/v1/requests_controller.rb:22:in 'Api::V1::RequestsController#index'
  [1m[36mApproval Load (0.4ms)[0m  [1m[34mSELECT "approvals".* FROM "approvals" WHERE "approvals"."request_id" IN ('2250d943-5e91-418f-bb33-a65d48294246', '3349468a-bcfd-4c23-a10a-67f15e8ab049', '80a2e814-4ac5-4c14-aa03-65297f8e8a05', 'd31cb57e-3c91-4e86-a2d6-a850d791d93c', '907c2d07-9cb6-4d85-a45f-0909c013f7b3', '9bebdd1e-d5eb-4f0c-be3a-68caecd92ea5', 'e19d56e8-6d6c-4ac1-b939-e50ecdf6cdcb', 'f4b90444-bf2f-41a1-9ac4-c1925813404b', '59504973-a39c-45b4-8944-2caf42d8b290', 'c40b1942-ea39-425c-8541-297a8c1f9afa') /*action='index',application='ApprovalEngine',controller='requests'*/[0m
  ↳ app/controllers/api/v1/requests_controller.rb:22:in 'Api::V1::RequestsController#index'
  [1m[36mUser Load (0.7ms)[0m  [1m[34mSELECT "users".* FROM "users" INNER JOIN "request_type_approvers" ON "users"."id" = "request_type_approvers"."user_id" WHERE "users"."deleted_at" IS NULL AND "request_type_approvers"."request_type_id" = 'dbc4ad97-8696-4a00-9423-3d4df65dbd59' /*action='index',application='ApprovalEngine',controller='requests'*/[0m
  ↳ app/controllers/api/v1/requests_controller.rb:22:in 'Api::V1::RequestsController#index'
  [1m[36mRule Load (1.1ms)[0m  [1m[34mSELECT "rules".* FROM "rules" WHERE "rules"."deleted_at" IS NULL AND "rules"."id" = '4f5a2b27-f6dd-47a0-ba23-bb8b1c83d65f' LIMIT 1 /*action='index',application='ApprovalEngine',controller='requests'*/[0m
  ↳ app/controllers/api/v1/requests_controller.rb:22:in 'Api::V1::RequestsController#index'
  [1m[36mRequestType Load (0.2ms)[0m  [1m[34mSELECT "request_types".* FROM "request_types" WHERE "request_types"."deleted_at" IS NULL AND "request_types"."id" = 'dbc4ad97-8696-4a00-9423-3d4df65dbd59' LIMIT 1 /*action='index',application='ApprovalEngine',controller='requests'*/[0m
  ↳ app/controllers/api/v1/requests_controller.rb:22:in 'Api::V1::RequestsController#index'
  [1m[36mCACHE User Load (0.0ms)[0m  [1m[34mSELECT "users".* FROM "users" INNER JOIN "request_type_approvers" ON "users"."id" = "request_type_approvers"."user_id" WHERE "users"."deleted_at" IS NULL AND "request_type_approvers"."request_type_id" = 'dbc4ad97-8696-4a00-9423-3d4df65dbd59'[0m
  ↳ app/controllers/api/v1/requests_controller.rb:22:in 'Api::V1::RequestsController#index'
  [1m[36mCACHE Rule Load (0.0ms)[0m  [1m[34mSELECT "rules".* FROM "rules" WHERE "rules"."deleted_at" IS NULL AND "rules"."id" = '4f5a2b27-f6dd-47a0-ba23-bb8b1c83d65f' LIMIT 1[0m
  ↳ app/controllers/api/v1/requests_controller.rb:22:in 'Api::V1::RequestsController#index'
  [1m[36mCACHE RequestType Load (0.0ms)[0m  [1m[34mSELECT "request_types".* FROM "request_types" WHERE "request_types"."deleted_at" IS NULL AND "request_types"."id" = 'dbc4ad97-8696-4a00-9423-3d4df65dbd59' LIMIT 1[0m
  ↳ app/controllers/api/v1/requests_controller.rb:22:in 'Api::V1::RequestsController#index'
  [1m[36mCACHE User Load (0.0ms)[0m  [1m[34mSELECT "users".* FROM "users" INNER JOIN "request_type_approvers" ON "users"."id" = "request_type_approvers"."user_id" WHERE "users"."deleted_at" IS NULL AND "request_type_approvers"."request_type_id" = 'dbc4ad97-8696-4a00-9423-3d4df65dbd59'[0m
  ↳ app/controllers/api/v1/requests_controller.rb:22:in 'Api::V1::RequestsController#index'
  [1m[36mCACHE Rule Load (0.0ms)[0m  [1m[34mSELECT "rules".* FROM "rules" WHERE "rules"."deleted_at" IS NULL AND "rules"."id" = '4f5a2b27-f6dd-47a0-ba23-bb8b1c83d65f' LIMIT 1[0m
  ↳ app/controllers/api/v1/requests_controller.rb:22:in 'Api::V1::RequestsController#index'
  [1m[36mCACHE RequestType Load (0.0ms)[0m  [1m[34mSELECT "request_types".* FROM "request_types" WHERE "request_types"."deleted_at" IS NULL AND "request_types"."id" = 'dbc4ad97-8696-4a00-9423-3d4df65dbd59' LIMIT 1[0m
  ↳ app/controllers/api/v1/requests_controller.rb:22:in 'Api::V1::RequestsController#index'
  [1m[36mCACHE User Load (0.0ms)[0m  [1m[34mSELECT "users".* FROM "users" INNER JOIN "request_type_approvers" ON "users"."id" = "request_type_approvers"."user_id" WHERE "users"."deleted_at" IS NULL AND "request_type_approvers"."request_type_id" = 'dbc4ad97-8696-4a00-9423-3d4df65dbd59'[0m
  ↳ app/controllers/api/v1/requests_controller.rb:22:in 'Api::V1::RequestsController#index'
  [1m[36mUser Load (0.3ms)[0m  [1m[34mSELECT "users".* FROM "users" INNER JOIN "request_type_approvers" ON "users"."id" = "request_type_approvers"."user_id" WHERE "users"."deleted_at" IS NULL AND "request_type_approvers"."request_type_id" = '1f5dd956-b4d1-456e-a5ea-d3c63ebde7b8' /*action='index',application='ApprovalEngine',controller='requests'*/[0m
  ↳ app/controllers/api/v1/requests_controller.rb:22:in 'Api::V1::RequestsController#index'
  [1m[36mRule Load (0.2ms)[0m  [1m[34mSELECT "rules".* FROM "rules" WHERE "rules"."deleted_at" IS NULL AND "rules"."id" = '269d79fa-dc15-4468-a104-db1cf9dc960b' LIMIT 1 /*action='index',application='ApprovalEngine',controller='requests'*/[0m
  ↳ app/controllers/api/v1/requests_controller.rb:22:in 'Api::V1::RequestsController#index'
  [1m[36mRequestType Load (0.2ms)[0m  [1m[34mSELECT "request_types".* FROM "request_types" WHERE "request_types"."deleted_at" IS NULL AND "request_types"."id" = '1f5dd956-b4d1-456e-a5ea-d3c63ebde7b8' LIMIT 1 /*action='index',application='ApprovalEngine',controller='requests'*/[0m
  ↳ app/controllers/api/v1/requests_controller.rb:22:in 'Api::V1::RequestsController#index'
  [1m[36mCACHE User Load (0.0ms)[0m  [1m[34mSELECT "users".* FROM "users" INNER JOIN "request_type_approvers" ON "users"."id" = "request_type_approvers"."user_id" WHERE "users"."deleted_at" IS NULL AND "request_type_approvers"."request_type_id" = '1f5dd956-b4d1-456e-a5ea-d3c63ebde7b8'[0m
  ↳ app/controllers/api/v1/requests_controller.rb:22:in 'Api::V1::RequestsController#index'
  [1m[36mCACHE Rule Load (0.0ms)[0m  [1m[34mSELECT "rules".* FROM "rules" WHERE "rules"."deleted_at" IS NULL AND "rules"."id" = '269d79fa-dc15-4468-a104-db1cf9dc960b' LIMIT 1[0m
  ↳ app/controllers/api/v1/requests_controller.rb:22:in 'Api::V1::RequestsController#index'
  [1m[36mCACHE RequestType Load (0.0ms)[0m  [1m[34mSELECT "request_types".* FROM "request_types" WHERE "request_types"."deleted_at" IS NULL AND "request_types"."id" = '1f5dd956-b4d1-456e-a5ea-d3c63ebde7b8' LIMIT 1[0m
  ↳ app/controllers/api/v1/requests_controller.rb:22:in 'Api::V1::RequestsController#index'
  [1m[36mCACHE User Load (0.0ms)[0m  [1m[34mSELECT "users".* FROM "users" INNER JOIN "request_type_approvers" ON "users"."id" = "request_type_approvers"."user_id" WHERE "users"."deleted_at" IS NULL AND "request_type_approvers"."request_type_id" = '1f5dd956-b4d1-456e-a5ea-d3c63ebde7b8'[0m
  ↳ app/controllers/api/v1/requests_controller.rb:22:in 'Api::V1::RequestsController#index'
  [1m[36mCACHE Rule Load (0.0ms)[0m  [1m[34mSELECT "rules".* FROM "rules" WHERE "rules"."deleted_at" IS NULL AND "rules"."id" = '269d79fa-dc15-4468-a104-db1cf9dc960b' LIMIT 1[0m
  ↳ app/controllers/api/v1/requests_controller.rb:22:in 'Api::V1::RequestsController#index'
  [1m[36mCACHE RequestType Load (0.0ms)[0m  [1m[34mSELECT "request_types".* FROM "request_types" WHERE "request_types"."deleted_at" IS NULL AND "request_types"."id" = '1f5dd956-b4d1-456e-a5ea-d3c63ebde7b8' LIMIT 1[0m
  ↳ app/controllers/api/v1/requests_controller.rb:22:in 'Api::V1::RequestsController#index'
  [1m[36mCACHE User Load (0.0ms)[0m  [1m[34mSELECT "users".* FROM "users" INNER JOIN "request_type_approvers" ON "users"."id" = "request_type_approvers"."user_id" WHERE "users"."deleted_at" IS NULL AND "request_type_approvers"."request_type_id" = '1f5dd956-b4d1-456e-a5ea-d3c63ebde7b8'[0m
  ↳ app/controllers/api/v1/requests_controller.rb:22:in 'Api::V1::RequestsController#index'
  [1m[36mRule Load (0.2ms)[0m  [1m[34mSELECT "rules".* FROM "rules" WHERE "rules"."deleted_at" IS NULL AND "rules"."id" = '6d9b88af-a02d-4d3c-8099-8cb7fb3a2d4a' LIMIT 1 /*action='index',application='ApprovalEngine',controller='requests'*/[0m
  ↳ app/controllers/api/v1/requests_controller.rb:22:in 'Api::V1::RequestsController#index'
  [1m[36mCACHE RequestType Load (0.0ms)[0m  [1m[34mSELECT "request_types".* FROM "request_types" WHERE "request_types"."deleted_at" IS NULL AND "request_types"."id" = 'dbc4ad97-8696-4a00-9423-3d4df65dbd59' LIMIT 1[0m
  ↳ app/controllers/api/v1/requests_controller.rb:22:in 'Api::V1::RequestsController#index'
  [1m[36mCACHE User Load (0.0ms)[0m  [1m[34mSELECT "users".* FROM "users" INNER JOIN "request_type_approvers" ON "users"."id" = "request_type_approvers"."user_id" WHERE "users"."deleted_at" IS NULL AND "request_type_approvers"."request_type_id" = 'dbc4ad97-8696-4a00-9423-3d4df65dbd59'[0m
  ↳ app/controllers/api/v1/requests_controller.rb:22:in 'Api::V1::RequestsController#index'
  [1m[36mCACHE Rule Load (0.0ms)[0m  [1m[34mSELECT "rules".* FROM "rules" WHERE "rules"."deleted_at" IS NULL AND "rules"."id" = '6d9b88af-a02d-4d3c-8099-8cb7fb3a2d4a' LIMIT 1[0m
  ↳ app/controllers/api/v1/requests_controller.rb:22:in 'Api::V1::RequestsController#index'
  [1m[36mCACHE RequestType Load (0.0ms)[0m  [1m[34mSELECT "request_types".* FROM "request_types" WHERE "request_types"."deleted_at" IS NULL AND "request_types"."id" = 'dbc4ad97-8696-4a00-9423-3d4df65dbd59' LIMIT 1[0m
  ↳ app/controllers/api/v1/requests_controller.rb:22:in 'Api::V1::RequestsController#index'
  [1m[36mCACHE User Load (0.0ms)[0m  [1m[34mSELECT "users".* FROM "users" INNER JOIN "request_type_approvers" ON "users"."id" = "request_type_approvers"."user_id" WHERE "users"."deleted_at" IS NULL AND "request_type_approvers"."request_type_id" = 'dbc4ad97-8696-4a00-9423-3d4df65dbd59'[0m
  ↳ app/controllers/api/v1/requests_controller.rb:22:in 'Api::V1::RequestsController#index'
  [1m[36mRule Load (0.2ms)[0m  [1m[34mSELECT "rules".* FROM "rules" WHERE "rules"."deleted_at" IS NULL AND "rules"."id" = '8a1dd6be-6d3e-43cb-86c0-7b9c09bb6f91' LIMIT 1 /*action='index',application='ApprovalEngine',controller='requests'*/[0m
  ↳ app/controllers/api/v1/requests_controller.rb:22:in 'Api::V1::RequestsController#index'
  [1m[36mRule Load (0.2ms)[0m  [1m[34mSELECT "rules".* FROM "rules" WHERE "rules"."deleted_at" IS NULL AND "rules"."id" = '48a78e3e-3f71-41f5-a9b5-01ff3306a6d0' LIMIT 1 /*action='index',application='ApprovalEngine',controller='requests'*/[0m
  ↳ app/controllers/api/v1/requests_controller.rb:22:in 'Api::V1::RequestsController#index'
  [1m[36mCACHE RequestType Load (0.0ms)[0m  [1m[34mSELECT "request_types".* FROM "request_types" WHERE "request_types"."deleted_at" IS NULL AND "request_types"."id" = 'dbc4ad97-8696-4a00-9423-3d4df65dbd59' LIMIT 1[0m
  ↳ app/controllers/api/v1/requests_controller.rb:22:in 'Api::V1::RequestsController#index'
  [1m[36mCACHE User Load (0.0ms)[0m  [1m[34mSELECT "users".* FROM "users" INNER JOIN "request_type_approvers" ON "users"."id" = "request_type_approvers"."user_id" WHERE "users"."deleted_at" IS NULL AND "request_type_approvers"."request_type_id" = 'dbc4ad97-8696-4a00-9423-3d4df65dbd59'[0m
  ↳ app/controllers/api/v1/requests_controller.rb:22:in 'Api::V1::RequestsController#index'
Completed 200 OK in 78ms (Views: 0.2ms | ActiveRecord: 17.8ms (37 queries, 21 cached) | GC: 0.0ms)


Started GET "/api/v1/approver/requests?page=1" for ::1 at 2026-02-08 22:13:20 +0530
Processing by Api::V1::Approver::RequestsController#index as HTML
  Parameters: {"page" => "1"}
  [1m[36mUser Load (0.5ms)[0m  [1m[34mSELECT "users".* FROM "users" WHERE "users"."deleted_at" IS NULL AND "users"."id" = 'a8b58455-32ed-4b42-af48-3bb969d2c5b8' LIMIT 1 /*action='index',application='ApprovalEngine',controller='requests'*/[0m
  ↳ app/controllers/concerns/authenticatable.rb:20:in 'Authenticatable#authenticate_user'
  [1m[36mRequest Count (0.3ms)[0m  [1m[34mSELECT COUNT(*) FROM "requests" WHERE "requests"."status" = 'pending_approval' AND "requests"."tenant_id" = 'aa29ef8c-86bf-413d-9ea9-ed2c4360c3a5' /*action='index',application='ApprovalEngine',controller='requests'*/[0m
  ↳ app/controllers/api/v1/approver/requests_controller.rb:24:in 'Api::V1::Approver::RequestsController#index'
  [1m[36mRequest Load (0.2ms)[0m  [1m[34mSELECT "requests".* FROM "requests" WHERE "requests"."status" = 'pending_approval' AND "requests"."tenant_id" = 'aa29ef8c-86bf-413d-9ea9-ed2c4360c3a5' LIMIT 10 OFFSET 0 /*action='index',application='ApprovalEngine',controller='requests'*/[0m
  ↳ app/controllers/api/v1/approver/requests_controller.rb:30:in 'Api::V1::Approver::RequestsController#index'
Completed 200 OK in 4ms (Views: 0.1ms | ActiveRecord: 0.9ms (3 queries, 0 cached) | GC: 0.0ms)


Started GET "/api/v1/requests?page=1" for ::1 at 2026-02-08 22:13:21 +0530
Started GET "/api/v1/approver/requests?page=1" for ::1 at 2026-02-08 22:13:21 +0530
Processing by Api::V1::RequestsController#index as HTML
  Parameters: {"page" => "1"}
Processing by Api::V1::Approver::RequestsController#index as HTML
  Parameters: {"page" => "1"}
  [1m[36mUser Load (0.9ms)[0m  [1m[34mSELECT "users".* FROM "users" WHERE "users"."deleted_at" IS NULL AND "users"."id" = 'a8b58455-32ed-4b42-af48-3bb969d2c5b8' LIMIT 1 /*action='index',application='ApprovalEngine',controller='requests'*/[0m
  ↳ app/controllers/concerns/authenticatable.rb:20:in 'Authenticatable#authenticate_user'
  [1m[36mUser Load (1.1ms)[0m  [1m[34mSELECT "users".* FROM "users" WHERE "users"."deleted_at" IS NULL AND "users"."id" = 'a8b58455-32ed-4b42-af48-3bb969d2c5b8' LIMIT 1 /*action='index',application='ApprovalEngine',controller='requests'*/[0m
  ↳ app/controllers/concerns/authenticatable.rb:20:in 'Authenticatable#authenticate_user'
  [1m[36mTenant Load (0.9ms)[0m  [1m[34mSELECT "tenants".* FROM "tenants" WHERE "tenants"."deleted_at" IS NULL AND "tenants"."id" = 'aa29ef8c-86bf-413d-9ea9-ed2c4360c3a5' LIMIT 1 /*action='index',application='ApprovalEngine',controller='requests'*/[0m
  ↳ app/controllers/api/v1/requests_controller.rb:9:in 'Api::V1::RequestsController#index'
  [1m[36mRequest Count (1.0ms)[0m  [1m[34mSELECT COUNT(*) FROM "requests" WHERE "requests"."status" = 'pending_approval' AND "requests"."tenant_id" = 'aa29ef8c-86bf-413d-9ea9-ed2c4360c3a5' /*action='index',application='ApprovalEngine',controller='requests'*/[0m
  ↳ app/controllers/api/v1/approver/requests_controller.rb:24:in 'Api::V1::Approver::RequestsController#index'
  [1m[36mRequest Count (0.7ms)[0m  [1m[34mSELECT COUNT(*) FROM "requests" WHERE "requests"."tenant_id" = 'aa29ef8c-86bf-413d-9ea9-ed2c4360c3a5' /*action='index',application='ApprovalEngine',controller='requests'*/[0m
  ↳ app/controllers/api/v1/requests_controller.rb:16:in 'Api::V1::RequestsController#index'
  [1m[36mRequest Load (0.7ms)[0m  [1m[34mSELECT "requests".* FROM "requests" WHERE "requests"."status" = 'pending_approval' AND "requests"."tenant_id" = 'aa29ef8c-86bf-413d-9ea9-ed2c4360c3a5' LIMIT 10 OFFSET 0 /*action='index',application='ApprovalEngine',controller='requests'*/[0m
  ↳ app/controllers/api/v1/approver/requests_controller.rb:30:in 'Api::V1::Approver::RequestsController#index'
Completed 200 OK in 5ms (Views: 0.1ms | ActiveRecord: 2.8ms (3 queries, 0 cached) | GC: 0.0ms)


  [1m[36mRequest Load (1.1ms)[0m  [1m[34mSELECT "requests".* FROM "requests" WHERE "requests"."tenant_id" = 'aa29ef8c-86bf-413d-9ea9-ed2c4360c3a5' LIMIT 10 OFFSET 0 /*action='index',application='ApprovalEngine',controller='requests'*/[0m
  ↳ app/controllers/api/v1/requests_controller.rb:22:in 'Api::V1::RequestsController#index'
  [1m[36mUser Load (0.2ms)[0m  [1m[34mSELECT "users".* FROM "users" WHERE "users"."deleted_at" IS NULL AND "users"."id" IN ('fe43d2ce-b8cd-4d8e-b6ed-2bd799945724', '37ec41c9-c494-4128-bb94-07c2b87ad9e6', '24c0e984-3d03-44c6-bdb3-9e397ba9d8c2') /*action='index',application='ApprovalEngine',controller='requests'*/[0m
  ↳ app/controllers/api/v1/requests_controller.rb:22:in 'Api::V1::RequestsController#index'
  [1m[36mRequestType Load (0.2ms)[0m  [1m[34mSELECT "request_types".* FROM "request_types" WHERE "request_types"."deleted_at" IS NULL AND "request_types"."id" IN ('dbc4ad97-8696-4a00-9423-3d4df65dbd59', '1f5dd956-b4d1-456e-a5ea-d3c63ebde7b8') /*action='index',application='ApprovalEngine',controller='requests'*/[0m
  ↳ app/controllers/api/v1/requests_controller.rb:22:in 'Api::V1::RequestsController#index'
  [1m[36mApproval Load (0.2ms)[0m  [1m[34mSELECT "approvals".* FROM "approvals" WHERE "approvals"."request_id" IN ('2250d943-5e91-418f-bb33-a65d48294246', '3349468a-bcfd-4c23-a10a-67f15e8ab049', '80a2e814-4ac5-4c14-aa03-65297f8e8a05', 'd31cb57e-3c91-4e86-a2d6-a850d791d93c', '907c2d07-9cb6-4d85-a45f-0909c013f7b3', '9bebdd1e-d5eb-4f0c-be3a-68caecd92ea5', 'e19d56e8-6d6c-4ac1-b939-e50ecdf6cdcb', 'f4b90444-bf2f-41a1-9ac4-c1925813404b', '59504973-a39c-45b4-8944-2caf42d8b290', 'c40b1942-ea39-425c-8541-297a8c1f9afa') /*action='index',application='ApprovalEngine',controller='requests'*/[0m
  ↳ app/controllers/api/v1/requests_controller.rb:22:in 'Api::V1::RequestsController#index'
  [1m[36mUser Load (0.3ms)[0m  [1m[34mSELECT "users".* FROM "users" INNER JOIN "request_type_approvers" ON "users"."id" = "request_type_approvers"."user_id" WHERE "users"."deleted_at" IS NULL AND "request_type_approvers"."request_type_id" = 'dbc4ad97-8696-4a00-9423-3d4df65dbd59' /*action='index',application='ApprovalEngine',controller='requests'*/[0m
  ↳ app/controllers/api/v1/requests_controller.rb:22:in 'Api::V1::RequestsController#index'
  [1m[36mRule Load (0.2ms)[0m  [1m[34mSELECT "rules".* FROM "rules" WHERE "rules"."deleted_at" IS NULL AND "rules"."id" = '4f5a2b27-f6dd-47a0-ba23-bb8b1c83d65f' LIMIT 1 /*action='index',application='ApprovalEngine',controller='requests'*/[0m
  ↳ app/controllers/api/v1/requests_controller.rb:22:in 'Api::V1::RequestsController#index'
  [1m[36mRequestType Load (0.2ms)[0m  [1m[34mSELECT "request_types".* FROM "request_types" WHERE "request_types"."deleted_at" IS NULL AND "request_types"."id" = 'dbc4ad97-8696-4a00-9423-3d4df65dbd59' LIMIT 1 /*action='index',application='ApprovalEngine',controller='requests'*/[0m
  ↳ app/controllers/api/v1/requests_controller.rb:22:in 'Api::V1::RequestsController#index'
  [1m[36mCACHE User Load (0.0ms)[0m  [1m[34mSELECT "users".* FROM "users" INNER JOIN "request_type_approvers" ON "users"."id" = "request_type_approvers"."user_id" WHERE "users"."deleted_at" IS NULL AND "request_type_approvers"."request_type_id" = 'dbc4ad97-8696-4a00-9423-3d4df65dbd59'[0m
  ↳ app/controllers/api/v1/requests_controller.rb:22:in 'Api::V1::RequestsController#index'
  [1m[36mCACHE Rule Load (0.0ms)[0m  [1m[34mSELECT "rules".* FROM "rules" WHERE "rules"."deleted_at" IS NULL AND "rules"."id" = '4f5a2b27-f6dd-47a0-ba23-bb8b1c83d65f' LIMIT 1[0m
  ↳ app/controllers/api/v1/requests_controller.rb:22:in 'Api::V1::RequestsController#index'
  [1m[36mCACHE RequestType Load (0.0ms)[0m  [1m[34mSELECT "request_types".* FROM "request_types" WHERE "request_types"."deleted_at" IS NULL AND "request_types"."id" = 'dbc4ad97-8696-4a00-9423-3d4df65dbd59' LIMIT 1[0m
  ↳ app/controllers/api/v1/requests_controller.rb:22:in 'Api::V1::RequestsController#index'
  [1m[36mCACHE User Load (0.0ms)[0m  [1m[34mSELECT "users".* FROM "users" INNER JOIN "request_type_approvers" ON "users"."id" = "request_type_approvers"."user_id" WHERE "users"."deleted_at" IS NULL AND "request_type_approvers"."request_type_id" = 'dbc4ad97-8696-4a00-9423-3d4df65dbd59'[0m
  ↳ app/controllers/api/v1/requests_controller.rb:22:in 'Api::V1::RequestsController#index'
  [1m[36mCACHE Rule Load (0.0ms)[0m  [1m[34mSELECT "rules".* FROM "rules" WHERE "rules"."deleted_at" IS NULL AND "rules"."id" = '4f5a2b27-f6dd-47a0-ba23-bb8b1c83d65f' LIMIT 1[0m
  ↳ app/controllers/api/v1/requests_controller.rb:22:in 'Api::V1::RequestsController#index'
  [1m[36mCACHE RequestType Load (0.0ms)[0m  [1m[34mSELECT "request_types".* FROM "request_types" WHERE "request_types"."deleted_at" IS NULL AND "request_types"."id" = 'dbc4ad97-8696-4a00-9423-3d4df65dbd59' LIMIT 1[0m
  ↳ app/controllers/api/v1/requests_controller.rb:22:in 'Api::V1::RequestsController#index'
  [1m[36mCACHE User Load (0.0ms)[0m  [1m[34mSELECT "users".* FROM "users" INNER JOIN "request_type_approvers" ON "users"."id" = "request_type_approvers"."user_id" WHERE "users"."deleted_at" IS NULL AND "request_type_approvers"."request_type_id" = 'dbc4ad97-8696-4a00-9423-3d4df65dbd59'[0m
  ↳ app/controllers/api/v1/requests_controller.rb:22:in 'Api::V1::RequestsController#index'
  [1m[36mUser Load (0.2ms)[0m  [1m[34mSELECT "users".* FROM "users" INNER JOIN "request_type_approvers" ON "users"."id" = "request_type_approvers"."user_id" WHERE "users"."deleted_at" IS NULL AND "request_type_approvers"."request_type_id" = '1f5dd956-b4d1-456e-a5ea-d3c63ebde7b8' /*action='index',application='ApprovalEngine',controller='requests'*/[0m
  ↳ app/controllers/api/v1/requests_controller.rb:22:in 'Api::V1::RequestsController#index'
  [1m[36mRule Load (0.2ms)[0m  [1m[34mSELECT "rules".* FROM "rules" WHERE "rules"."deleted_at" IS NULL AND "rules"."id" = '269d79fa-dc15-4468-a104-db1cf9dc960b' LIMIT 1 /*action='index',application='ApprovalEngine',controller='requests'*/[0m
  ↳ app/controllers/api/v1/requests_controller.rb:22:in 'Api::V1::RequestsController#index'
  [1m[36mRequestType Load (0.1ms)[0m  [1m[34mSELECT "request_types".* FROM "request_types" WHERE "request_types"."deleted_at" IS NULL AND "request_types"."id" = '1f5dd956-b4d1-456e-a5ea-d3c63ebde7b8' LIMIT 1 /*action='index',application='ApprovalEngine',controller='requests'*/[0m
  ↳ app/controllers/api/v1/requests_controller.rb:22:in 'Api::V1::RequestsController#index'
  [1m[36mCACHE User Load (0.0ms)[0m  [1m[34mSELECT "users".* FROM "users" INNER JOIN "request_type_approvers" ON "users"."id" = "request_type_approvers"."user_id" WHERE "users"."deleted_at" IS NULL AND "request_type_approvers"."request_type_id" = '1f5dd956-b4d1-456e-a5ea-d3c63ebde7b8'[0m
  ↳ app/controllers/api/v1/requests_controller.rb:22:in 'Api::V1::RequestsController#index'
  [1m[36mCACHE Rule Load (0.0ms)[0m  [1m[34mSELECT "rules".* FROM "rules" WHERE "rules"."deleted_at" IS NULL AND "rules"."id" = '269d79fa-dc15-4468-a104-db1cf9dc960b' LIMIT 1[0m
  ↳ app/controllers/api/v1/requests_controller.rb:22:in 'Api::V1::RequestsController#index'
  [1m[36mCACHE RequestType Load (0.0ms)[0m  [1m[34mSELECT "request_types".* FROM "request_types" WHERE "request_types"."deleted_at" IS NULL AND "request_types"."id" = '1f5dd956-b4d1-456e-a5ea-d3c63ebde7b8' LIMIT 1[0m
  ↳ app/controllers/api/v1/requests_controller.rb:22:in 'Api::V1::RequestsController#index'
  [1m[36mCACHE User Load (0.0ms)[0m  [1m[34mSELECT "users".* FROM "users" INNER JOIN "request_type_approvers" ON "users"."id" = "request_type_approvers"."user_id" WHERE "users"."deleted_at" IS NULL AND "request_type_approvers"."request_type_id" = '1f5dd956-b4d1-456e-a5ea-d3c63ebde7b8'[0m
  ↳ app/controllers/api/v1/requests_controller.rb:22:in 'Api::V1::RequestsController#index'
  [1m[36mCACHE Rule Load (0.0ms)[0m  [1m[34mSELECT "rules".* FROM "rules" WHERE "rules"."deleted_at" IS NULL AND "rules"."id" = '269d79fa-dc15-4468-a104-db1cf9dc960b' LIMIT 1[0m
  ↳ app/controllers/api/v1/requests_controller.rb:22:in 'Api::V1::RequestsController#index'
  [1m[36mCACHE RequestType Load (0.0ms)[0m  [1m[34mSELECT "request_types".* FROM "request_types" WHERE "request_types"."deleted_at" IS NULL AND "request_types"."id" = '1f5dd956-b4d1-456e-a5ea-d3c63ebde7b8' LIMIT 1[0m
  ↳ app/controllers/api/v1/requests_controller.rb:22:in 'Api::V1::RequestsController#index'
  [1m[36mCACHE User Load (0.0ms)[0m  [1m[34mSELECT "users".* FROM "users" INNER JOIN "request_type_approvers" ON "users"."id" = "request_type_approvers"."user_id" WHERE "users"."deleted_at" IS NULL AND "request_type_approvers"."request_type_id" = '1f5dd956-b4d1-456e-a5ea-d3c63ebde7b8'[0m
  ↳ app/controllers/api/v1/requests_controller.rb:22:in 'Api::V1::RequestsController#index'
  [1m[36mRule Load (0.2ms)[0m  [1m[34mSELECT "rules".* FROM "rules" WHERE "rules"."deleted_at" IS NULL AND "rules"."id" = '6d9b88af-a02d-4d3c-8099-8cb7fb3a2d4a' LIMIT 1 /*action='index',application='ApprovalEngine',controller='requests'*/[0m
  ↳ app/controllers/api/v1/requests_controller.rb:22:in 'Api::V1::RequestsController#index'
  [1m[36mCACHE RequestType Load (0.0ms)[0m  [1m[34mSELECT "request_types".* FROM "request_types" WHERE "request_types"."deleted_at" IS NULL AND "request_types"."id" = 'dbc4ad97-8696-4a00-9423-3d4df65dbd59' LIMIT 1[0m
  ↳ app/controllers/api/v1/requests_controller.rb:22:in 'Api::V1::RequestsController#index'
  [1m[36mCACHE User Load (0.0ms)[0m  [1m[34mSELECT "users".* FROM "users" INNER JOIN "request_type_approvers" ON "users"."id" = "request_type_approvers"."user_id" WHERE "users"."deleted_at" IS NULL AND "request_type_approvers"."request_type_id" = 'dbc4ad97-8696-4a00-9423-3d4df65dbd59'[0m
  ↳ app/controllers/api/v1/requests_controller.rb:22:in 'Api::V1::RequestsController#index'
  [1m[36mCACHE Rule Load (0.0ms)[0m  [1m[34mSELECT "rules".* FROM "rules" WHERE "rules"."deleted_at" IS NULL AND "rules"."id" = '6d9b88af-a02d-4d3c-8099-8cb7fb3a2d4a' LIMIT 1[0m
  ↳ app/controllers/api/v1/requests_controller.rb:22:in 'Api::V1::RequestsController#index'
  [1m[36mCACHE RequestType Load (0.0ms)[0m  [1m[34mSELECT "request_types".* FROM "request_types" WHERE "request_types"."deleted_at" IS NULL AND "request_types"."id" = 'dbc4ad97-8696-4a00-9423-3d4df65dbd59' LIMIT 1[0m
  ↳ app/controllers/api/v1/requests_controller.rb:22:in 'Api::V1::RequestsController#index'
  [1m[36mCACHE User Load (0.0ms)[0m  [1m[34mSELECT "users".* FROM "users" INNER JOIN "request_type_approvers" ON "users"."id" = "request_type_approvers"."user_id" WHERE "users"."deleted_at" IS NULL AND "request_type_approvers"."request_type_id" = 'dbc4ad97-8696-4a00-9423-3d4df65dbd59'[0m
  ↳ app/controllers/api/v1/requests_controller.rb:22:in 'Api::V1::RequestsController#index'
  [1m[36mRule Load (0.2ms)[0m  [1m[34mSELECT "rules".* FROM "rules" WHERE "rules"."deleted_at" IS NULL AND "rules"."id" = '8a1dd6be-6d3e-43cb-86c0-7b9c09bb6f91' LIMIT 1 /*action='index',application='ApprovalEngine',controller='requests'*/[0m
  ↳ app/controllers/api/v1/requests_controller.rb:22:in 'Api::V1::RequestsController#index'
  [1m[36mRule Load (0.1ms)[0m  [1m[34mSELECT "rules".* FROM "rules" WHERE "rules"."deleted_at" IS NULL AND "rules"."id" = '48a78e3e-3f71-41f5-a9b5-01ff3306a6d0' LIMIT 1 /*action='index',application='ApprovalEngine',controller='requests'*/[0m
  ↳ app/controllers/api/v1/requests_controller.rb:22:in 'Api::V1::RequestsController#index'
  [1m[36mCACHE RequestType Load (0.0ms)[0m  [1m[34mSELECT "request_types".* FROM "request_types" WHERE "request_types"."deleted_at" IS NULL AND "request_types"."id" = 'dbc4ad97-8696-4a00-9423-3d4df65dbd59' LIMIT 1[0m
  ↳ app/controllers/api/v1/requests_controller.rb:22:in 'Api::V1::RequestsController#index'
  [1m[36mCACHE User Load (0.0ms)[0m  [1m[34mSELECT "users".* FROM "users" INNER JOIN "request_type_approvers" ON "users"."id" = "request_type_approvers"."user_id" WHERE "users"."deleted_at" IS NULL AND "request_type_approvers"."request_type_id" = 'dbc4ad97-8696-4a00-9423-3d4df65dbd59'[0m
  ↳ app/controllers/api/v1/requests_controller.rb:22:in 'Api::V1::RequestsController#index'
Completed 200 OK in 34ms (Views: 0.1ms | ActiveRecord: 6.0ms (37 queries, 21 cached) | GC: 0.0ms)


Started GET "/api/v1/requests?page=2" for ::1 at 2026-02-08 22:13:24 +0530
Processing by Api::V1::RequestsController#index as HTML
  Parameters: {"page" => "2"}
  [1m[36mUser Load (0.4ms)[0m  [1m[34mSELECT "users".* FROM "users" WHERE "users"."deleted_at" IS NULL AND "users"."id" = 'a8b58455-32ed-4b42-af48-3bb969d2c5b8' LIMIT 1 /*action='index',application='ApprovalEngine',controller='requests'*/[0m
  ↳ app/controllers/concerns/authenticatable.rb:20:in 'Authenticatable#authenticate_user'
  [1m[36mTenant Load (0.2ms)[0m  [1m[34mSELECT "tenants".* FROM "tenants" WHERE "tenants"."deleted_at" IS NULL AND "tenants"."id" = 'aa29ef8c-86bf-413d-9ea9-ed2c4360c3a5' LIMIT 1 /*action='index',application='ApprovalEngine',controller='requests'*/[0m
  ↳ app/controllers/api/v1/requests_controller.rb:9:in 'Api::V1::RequestsController#index'
  [1m[36mRequest Count (0.2ms)[0m  [1m[34mSELECT COUNT(*) FROM "requests" WHERE "requests"."tenant_id" = 'aa29ef8c-86bf-413d-9ea9-ed2c4360c3a5' /*action='index',application='ApprovalEngine',controller='requests'*/[0m
  ↳ app/controllers/api/v1/requests_controller.rb:16:in 'Api::V1::RequestsController#index'
  [1m[36mRequest Load (0.2ms)[0m  [1m[34mSELECT "requests".* FROM "requests" WHERE "requests"."tenant_id" = 'aa29ef8c-86bf-413d-9ea9-ed2c4360c3a5' LIMIT 10 OFFSET 10 /*action='index',application='ApprovalEngine',controller='requests'*/[0m
  ↳ app/controllers/api/v1/requests_controller.rb:22:in 'Api::V1::RequestsController#index'
  [1m[36mUser Load (0.2ms)[0m  [1m[34mSELECT "users".* FROM "users" WHERE "users"."deleted_at" IS NULL AND "users"."id" IN ('24c0e984-3d03-44c6-bdb3-9e397ba9d8c2', '37ec41c9-c494-4128-bb94-07c2b87ad9e6', 'fe43d2ce-b8cd-4d8e-b6ed-2bd799945724', 'e3143983-a8ea-40e8-b2e5-399b41d73282') /*action='index',application='ApprovalEngine',controller='requests'*/[0m
  ↳ app/controllers/api/v1/requests_controller.rb:22:in 'Api::V1::RequestsController#index'
  [1m[36mRequestType Load (0.2ms)[0m  [1m[34mSELECT "request_types".* FROM "request_types" WHERE "request_types"."deleted_at" IS NULL AND "request_types"."id" IN ('1f5dd956-b4d1-456e-a5ea-d3c63ebde7b8', 'dbc4ad97-8696-4a00-9423-3d4df65dbd59') /*action='index',application='ApprovalEngine',controller='requests'*/[0m
  ↳ app/controllers/api/v1/requests_controller.rb:22:in 'Api::V1::RequestsController#index'
  [1m[36mApproval Load (0.2ms)[0m  [1m[34mSELECT "approvals".* FROM "approvals" WHERE "approvals"."request_id" IN ('40873ba3-35c3-4506-82e6-4f595ba5634c', '98dec99d-ce2c-4268-97d7-ebc7d5a6b62d', '185afc40-3aa9-4a26-8177-8d7bca45870c', '174d6d3c-993e-47b4-a309-3e63cb94c137', '145440e7-7ef4-4652-ae0e-e79515aac035', '4953134c-7c5c-4a29-8132-50bd579fcec8', '45ea2a57-b83c-406c-9a91-e54605c89fa0', '5baae476-eb1d-407f-9cf0-a4addb60c542', '0b14874d-75a2-49ac-af54-7025e87f2935', '337744f0-b2c2-4474-8a70-3c3e2a1e5cca') /*action='index',application='ApprovalEngine',controller='requests'*/[0m
  ↳ app/controllers/api/v1/requests_controller.rb:22:in 'Api::V1::RequestsController#index'
  [1m[36mUser Load (0.2ms)[0m  [1m[34mSELECT "users".* FROM "users" INNER JOIN "request_type_approvers" ON "users"."id" = "request_type_approvers"."user_id" WHERE "users"."deleted_at" IS NULL AND "request_type_approvers"."request_type_id" = '1f5dd956-b4d1-456e-a5ea-d3c63ebde7b8' /*action='index',application='ApprovalEngine',controller='requests'*/[0m
  ↳ app/controllers/api/v1/requests_controller.rb:22:in 'Api::V1::RequestsController#index'
  [1m[36mRule Load (0.2ms)[0m  [1m[34mSELECT "rules".* FROM "rules" WHERE "rules"."deleted_at" IS NULL AND "rules"."id" = 'bf0d0cb8-758c-434f-beb1-e73dee813eec' LIMIT 1 /*action='index',application='ApprovalEngine',controller='requests'*/[0m
  ↳ app/controllers/api/v1/requests_controller.rb:22:in 'Api::V1::RequestsController#index'
  [1m[36mRequestType Load (0.2ms)[0m  [1m[34mSELECT "request_types".* FROM "request_types" WHERE "request_types"."deleted_at" IS NULL AND "request_types"."id" = '1f5dd956-b4d1-456e-a5ea-d3c63ebde7b8' LIMIT 1 /*action='index',application='ApprovalEngine',controller='requests'*/[0m
  ↳ app/controllers/api/v1/requests_controller.rb:22:in 'Api::V1::RequestsController#index'
  [1m[36mCACHE User Load (0.0ms)[0m  [1m[34mSELECT "users".* FROM "users" INNER JOIN "request_type_approvers" ON "users"."id" = "request_type_approvers"."user_id" WHERE "users"."deleted_at" IS NULL AND "request_type_approvers"."request_type_id" = '1f5dd956-b4d1-456e-a5ea-d3c63ebde7b8'[0m
  ↳ app/controllers/api/v1/requests_controller.rb:22:in 'Api::V1::RequestsController#index'
  [1m[36mUser Load (0.2ms)[0m  [1m[34mSELECT "users".* FROM "users" INNER JOIN "request_type_approvers" ON "users"."id" = "request_type_approvers"."user_id" WHERE "users"."deleted_at" IS NULL AND "request_type_approvers"."request_type_id" = 'dbc4ad97-8696-4a00-9423-3d4df65dbd59' /*action='index',application='ApprovalEngine',controller='requests'*/[0m
  ↳ app/controllers/api/v1/requests_controller.rb:22:in 'Api::V1::RequestsController#index'
  [1m[36mCACHE User Load (0.0ms)[0m  [1m[34mSELECT "users".* FROM "users" WHERE "users"."deleted_at" IS NULL AND "users"."id" = 'a8b58455-32ed-4b42-af48-3bb969d2c5b8' LIMIT 1[0m
  ↳ app/controllers/api/v1/requests_controller.rb:22:in 'Api::V1::RequestsController#index'
  [1m[36mRule Load (0.2ms)[0m  [1m[34mSELECT "rules".* FROM "rules" WHERE "rules"."deleted_at" IS NULL AND "rules"."id" = '6d9b88af-a02d-4d3c-8099-8cb7fb3a2d4a' LIMIT 1 /*action='index',application='ApprovalEngine',controller='requests'*/[0m
  ↳ app/controllers/api/v1/requests_controller.rb:22:in 'Api::V1::RequestsController#index'
  [1m[36mRequestType Load (0.1ms)[0m  [1m[34mSELECT "request_types".* FROM "request_types" WHERE "request_types"."deleted_at" IS NULL AND "request_types"."id" = 'dbc4ad97-8696-4a00-9423-3d4df65dbd59' LIMIT 1 /*action='index',application='ApprovalEngine',controller='requests'*/[0m
  ↳ app/controllers/api/v1/requests_controller.rb:22:in 'Api::V1::RequestsController#index'
  [1m[36mCACHE User Load (0.0ms)[0m  [1m[34mSELECT "users".* FROM "users" INNER JOIN "request_type_approvers" ON "users"."id" = "request_type_approvers"."user_id" WHERE "users"."deleted_at" IS NULL AND "request_type_approvers"."request_type_id" = 'dbc4ad97-8696-4a00-9423-3d4df65dbd59'[0m
  ↳ app/controllers/api/v1/requests_controller.rb:22:in 'Api::V1::RequestsController#index'
  [1m[36mCACHE User Load (0.0ms)[0m  [1m[34mSELECT "users".* FROM "users" WHERE "users"."deleted_at" IS NULL AND "users"."id" = 'a8b58455-32ed-4b42-af48-3bb969d2c5b8' LIMIT 1[0m
  ↳ app/controllers/api/v1/requests_controller.rb:22:in 'Api::V1::RequestsController#index'
  [1m[36mRule Load (0.2ms)[0m  [1m[34mSELECT "rules".* FROM "rules" WHERE "rules"."deleted_at" IS NULL AND "rules"."id" = '48a78e3e-3f71-41f5-a9b5-01ff3306a6d0' LIMIT 1 /*action='index',application='ApprovalEngine',controller='requests'*/[0m
  ↳ app/controllers/api/v1/requests_controller.rb:22:in 'Api::V1::RequestsController#index'
  [1m[36mCACHE RequestType Load (0.0ms)[0m  [1m[34mSELECT "request_types".* FROM "request_types" WHERE "request_types"."deleted_at" IS NULL AND "request_types"."id" = 'dbc4ad97-8696-4a00-9423-3d4df65dbd59' LIMIT 1[0m
  ↳ app/controllers/api/v1/requests_controller.rb:22:in 'Api::V1::RequestsController#index'
  [1m[36mCACHE User Load (0.0ms)[0m  [1m[34mSELECT "users".* FROM "users" INNER JOIN "request_type_approvers" ON "users"."id" = "request_type_approvers"."user_id" WHERE "users"."deleted_at" IS NULL AND "request_type_approvers"."request_type_id" = 'dbc4ad97-8696-4a00-9423-3d4df65dbd59'[0m
  ↳ app/controllers/api/v1/requests_controller.rb:22:in 'Api::V1::RequestsController#index'
  [1m[36mCACHE User Load (0.0ms)[0m  [1m[34mSELECT "users".* FROM "users" WHERE "users"."deleted_at" IS NULL AND "users"."id" = 'a8b58455-32ed-4b42-af48-3bb969d2c5b8' LIMIT 1[0m
  ↳ app/controllers/api/v1/requests_controller.rb:22:in 'Api::V1::RequestsController#index'
  [1m[36mCACHE Rule Load (0.0ms)[0m  [1m[34mSELECT "rules".* FROM "rules" WHERE "rules"."deleted_at" IS NULL AND "rules"."id" = '48a78e3e-3f71-41f5-a9b5-01ff3306a6d0' LIMIT 1[0m
  ↳ app/controllers/api/v1/requests_controller.rb:22:in 'Api::V1::RequestsController#index'
  [1m[36mCACHE RequestType Load (0.0ms)[0m  [1m[34mSELECT "request_types".* FROM "request_types" WHERE "request_types"."deleted_at" IS NULL AND "request_types"."id" = 'dbc4ad97-8696-4a00-9423-3d4df65dbd59' LIMIT 1[0m
  ↳ app/controllers/api/v1/requests_controller.rb:22:in 'Api::V1::RequestsController#index'
  [1m[36mCACHE User Load (0.0ms)[0m  [1m[34mSELECT "users".* FROM "users" INNER JOIN "request_type_approvers" ON "users"."id" = "request_type_approvers"."user_id" WHERE "users"."deleted_at" IS NULL AND "request_type_approvers"."request_type_id" = 'dbc4ad97-8696-4a00-9423-3d4df65dbd59'[0m
  ↳ app/controllers/api/v1/requests_controller.rb:22:in 'Api::V1::RequestsController#index'
  [1m[36mCACHE User Load (0.0ms)[0m  [1m[34mSELECT "users".* FROM "users" WHERE "users"."deleted_at" IS NULL AND "users"."id" = 'a8b58455-32ed-4b42-af48-3bb969d2c5b8' LIMIT 1[0m
  ↳ app/controllers/api/v1/requests_controller.rb:22:in 'Api::V1::RequestsController#index'
  [1m[36mRule Load (0.2ms)[0m  [1m[34mSELECT "rules".* FROM "rules" WHERE "rules"."deleted_at" IS NULL AND "rules"."id" = '8a1dd6be-6d3e-43cb-86c0-7b9c09bb6f91' LIMIT 1 /*action='index',application='ApprovalEngine',controller='requests'*/[0m
  ↳ app/controllers/api/v1/requests_controller.rb:22:in 'Api::V1::RequestsController#index'
  [1m[36mCACHE User Load (0.0ms)[0m  [1m[34mSELECT "users".* FROM "users" WHERE "users"."deleted_at" IS NULL AND "users"."id" = 'a8b58455-32ed-4b42-af48-3bb969d2c5b8' LIMIT 1[0m
  ↳ app/controllers/api/v1/requests_controller.rb:22:in 'Api::V1::RequestsController#index'
  [1m[36mCACHE Rule Load (0.0ms)[0m  [1m[34mSELECT "rules".* FROM "rules" WHERE "rules"."deleted_at" IS NULL AND "rules"."id" = 'bf0d0cb8-758c-434f-beb1-e73dee813eec' LIMIT 1[0m
  ↳ app/controllers/api/v1/requests_controller.rb:22:in 'Api::V1::RequestsController#index'
  [1m[36mCACHE RequestType Load (0.0ms)[0m  [1m[34mSELECT "request_types".* FROM "request_types" WHERE "request_types"."deleted_at" IS NULL AND "request_types"."id" = '1f5dd956-b4d1-456e-a5ea-d3c63ebde7b8' LIMIT 1[0m
  ↳ app/controllers/api/v1/requests_controller.rb:22:in 'Api::V1::RequestsController#index'
  [1m[36mCACHE User Load (0.0ms)[0m  [1m[34mSELECT "users".* FROM "users" INNER JOIN "request_type_approvers" ON "users"."id" = "request_type_approvers"."user_id" WHERE "users"."deleted_at" IS NULL AND "request_type_approvers"."request_type_id" = '1f5dd956-b4d1-456e-a5ea-d3c63ebde7b8'[0m
  ↳ app/controllers/api/v1/requests_controller.rb:22:in 'Api::V1::RequestsController#index'
  [1m[36mCACHE User Load (0.0ms)[0m  [1m[34mSELECT "users".* FROM "users" WHERE "users"."deleted_at" IS NULL AND "users"."id" = 'a8b58455-32ed-4b42-af48-3bb969d2c5b8' LIMIT 1[0m
  ↳ app/controllers/api/v1/requests_controller.rb:22:in 'Api::V1::RequestsController#index'
  [1m[36mRule Load (0.1ms)[0m  [1m[34mSELECT "rules".* FROM "rules" WHERE "rules"."deleted_at" IS NULL AND "rules"."id" = '4f5a2b27-f6dd-47a0-ba23-bb8b1c83d65f' LIMIT 1 /*action='index',application='ApprovalEngine',controller='requests'*/[0m
  ↳ app/controllers/api/v1/requests_controller.rb:22:in 'Api::V1::RequestsController#index'
  [1m[36mCACHE RequestType Load (0.0ms)[0m  [1m[34mSELECT "request_types".* FROM "request_types" WHERE "request_types"."deleted_at" IS NULL AND "request_types"."id" = 'dbc4ad97-8696-4a00-9423-3d4df65dbd59' LIMIT 1[0m
  ↳ app/controllers/api/v1/requests_controller.rb:22:in 'Api::V1::RequestsController#index'
  [1m[36mCACHE User Load (0.0ms)[0m  [1m[34mSELECT "users".* FROM "users" INNER JOIN "request_type_approvers" ON "users"."id" = "request_type_approvers"."user_id" WHERE "users"."deleted_at" IS NULL AND "request_type_approvers"."request_type_id" = 'dbc4ad97-8696-4a00-9423-3d4df65dbd59'[0m
  ↳ app/controllers/api/v1/requests_controller.rb:22:in 'Api::V1::RequestsController#index'
  [1m[36mCACHE Rule Load (0.0ms)[0m  [1m[34mSELECT "rules".* FROM "rules" WHERE "rules"."deleted_at" IS NULL AND "rules"."id" = 'bf0d0cb8-758c-434f-beb1-e73dee813eec' LIMIT 1[0m
  ↳ app/controllers/api/v1/requests_controller.rb:22:in 'Api::V1::RequestsController#index'
  [1m[36mCACHE RequestType Load (0.0ms)[0m  [1m[34mSELECT "request_types".* FROM "request_types" WHERE "request_types"."deleted_at" IS NULL AND "request_types"."id" = '1f5dd956-b4d1-456e-a5ea-d3c63ebde7b8' LIMIT 1[0m
  ↳ app/controllers/api/v1/requests_controller.rb:22:in 'Api::V1::RequestsController#index'
  [1m[36mCACHE User Load (0.0ms)[0m  [1m[34mSELECT "users".* FROM "users" INNER JOIN "request_type_approvers" ON "users"."id" = "request_type_approvers"."user_id" WHERE "users"."deleted_at" IS NULL AND "request_type_approvers"."request_type_id" = '1f5dd956-b4d1-456e-a5ea-d3c63ebde7b8'[0m
  ↳ app/controllers/api/v1/requests_controller.rb:22:in 'Api::V1::RequestsController#index'
  [1m[36mCACHE Rule Load (0.0ms)[0m  [1m[34mSELECT "rules".* FROM "rules" WHERE "rules"."deleted_at" IS NULL AND "rules"."id" = '48a78e3e-3f71-41f5-a9b5-01ff3306a6d0' LIMIT 1[0m
  ↳ app/controllers/api/v1/requests_controller.rb:22:in 'Api::V1::RequestsController#index'
  [1m[36mCACHE RequestType Load (0.0ms)[0m  [1m[34mSELECT "request_types".* FROM "request_types" WHERE "request_types"."deleted_at" IS NULL AND "request_types"."id" = 'dbc4ad97-8696-4a00-9423-3d4df65dbd59' LIMIT 1[0m
  ↳ app/controllers/api/v1/requests_controller.rb:22:in 'Api::V1::RequestsController#index'
  [1m[36mCACHE User Load (0.0ms)[0m  [1m[34mSELECT "users".* FROM "users" INNER JOIN "request_type_approvers" ON "users"."id" = "request_type_approvers"."user_id" WHERE "users"."deleted_at" IS NULL AND "request_type_approvers"."request_type_id" = 'dbc4ad97-8696-4a00-9423-3d4df65dbd59'[0m
  ↳ app/controllers/api/v1/requests_controller.rb:22:in 'Api::V1::RequestsController#index'
  [1m[36mCACHE User Load (0.0ms)[0m  [1m[34mSELECT "users".* FROM "users" WHERE "users"."deleted_at" IS NULL AND "users"."id" = 'a8b58455-32ed-4b42-af48-3bb969d2c5b8' LIMIT 1[0m
  ↳ app/controllers/api/v1/requests_controller.rb:22:in 'Api::V1::RequestsController#index'
  [1m[36mRule Load (0.4ms)[0m  [1m[34mSELECT "rules".* FROM "rules" WHERE "rules"."deleted_at" IS NULL AND "rules"."id" = '1080d429-9d8c-4294-bf05-4b56efcf7824' LIMIT 1 /*action='index',application='ApprovalEngine',controller='requests'*/[0m
  ↳ app/controllers/api/v1/requests_controller.rb:22:in 'Api::V1::RequestsController#index'
  [1m[36mCACHE RequestType Load (0.0ms)[0m  [1m[34mSELECT "request_types".* FROM "request_types" WHERE "request_types"."deleted_at" IS NULL AND "request_types"."id" = '1f5dd956-b4d1-456e-a5ea-d3c63ebde7b8' LIMIT 1[0m
  ↳ app/controllers/api/v1/requests_controller.rb:22:in 'Api::V1::RequestsController#index'
  [1m[36mCACHE User Load (0.0ms)[0m  [1m[34mSELECT "users".* FROM "users" INNER JOIN "request_type_approvers" ON "users"."id" = "request_type_approvers"."user_id" WHERE "users"."deleted_at" IS NULL AND "request_type_approvers"."request_type_id" = '1f5dd956-b4d1-456e-a5ea-d3c63ebde7b8'[0m
  ↳ app/controllers/api/v1/requests_controller.rb:22:in 'Api::V1::RequestsController#index'
Completed 200 OK in 50ms (Views: 0.2ms | ActiveRecord: 3.4ms (44 queries, 27 cached) | GC: 15.0ms)


Started GET "/api/v1/requests?page=1" for ::1 at 2026-02-08 22:13:27 +0530
Processing by Api::V1::RequestsController#index as HTML
  Parameters: {"page" => "1"}
  [1m[36mUser Load (0.5ms)[0m  [1m[34mSELECT "users".* FROM "users" WHERE "users"."deleted_at" IS NULL AND "users"."id" = 'a8b58455-32ed-4b42-af48-3bb969d2c5b8' LIMIT 1 /*action='index',application='ApprovalEngine',controller='requests'*/[0m
  ↳ app/controllers/concerns/authenticatable.rb:20:in 'Authenticatable#authenticate_user'
  [1m[36mTenant Load (0.3ms)[0m  [1m[34mSELECT "tenants".* FROM "tenants" WHERE "tenants"."deleted_at" IS NULL AND "tenants"."id" = 'aa29ef8c-86bf-413d-9ea9-ed2c4360c3a5' LIMIT 1 /*action='index',application='ApprovalEngine',controller='requests'*/[0m
  ↳ app/controllers/api/v1/requests_controller.rb:9:in 'Api::V1::RequestsController#index'
  [1m[36mRequest Count (0.2ms)[0m  [1m[34mSELECT COUNT(*) FROM "requests" WHERE "requests"."tenant_id" = 'aa29ef8c-86bf-413d-9ea9-ed2c4360c3a5' /*action='index',application='ApprovalEngine',controller='requests'*/[0m
  ↳ app/controllers/api/v1/requests_controller.rb:16:in 'Api::V1::RequestsController#index'
  [1m[36mRequest Load (0.2ms)[0m  [1m[34mSELECT "requests".* FROM "requests" WHERE "requests"."tenant_id" = 'aa29ef8c-86bf-413d-9ea9-ed2c4360c3a5' LIMIT 10 OFFSET 0 /*action='index',application='ApprovalEngine',controller='requests'*/[0m
  ↳ app/controllers/api/v1/requests_controller.rb:22:in 'Api::V1::RequestsController#index'
  [1m[36mUser Load (0.2ms)[0m  [1m[34mSELECT "users".* FROM "users" WHERE "users"."deleted_at" IS NULL AND "users"."id" IN ('fe43d2ce-b8cd-4d8e-b6ed-2bd799945724', '37ec41c9-c494-4128-bb94-07c2b87ad9e6', '24c0e984-3d03-44c6-bdb3-9e397ba9d8c2') /*action='index',application='ApprovalEngine',controller='requests'*/[0m
  ↳ app/controllers/api/v1/requests_controller.rb:22:in 'Api::V1::RequestsController#index'
  [1m[36mRequestType Load (0.2ms)[0m  [1m[34mSELECT "request_types".* FROM "request_types" WHERE "request_types"."deleted_at" IS NULL AND "request_types"."id" IN ('dbc4ad97-8696-4a00-9423-3d4df65dbd59', '1f5dd956-b4d1-456e-a5ea-d3c63ebde7b8') /*action='index',application='ApprovalEngine',controller='requests'*/[0m
  ↳ app/controllers/api/v1/requests_controller.rb:22:in 'Api::V1::RequestsController#index'
  [1m[36mApproval Load (0.2ms)[0m  [1m[34mSELECT "approvals".* FROM "approvals" WHERE "approvals"."request_id" IN ('2250d943-5e91-418f-bb33-a65d48294246', '3349468a-bcfd-4c23-a10a-67f15e8ab049', '80a2e814-4ac5-4c14-aa03-65297f8e8a05', 'd31cb57e-3c91-4e86-a2d6-a850d791d93c', '907c2d07-9cb6-4d85-a45f-0909c013f7b3', '9bebdd1e-d5eb-4f0c-be3a-68caecd92ea5', 'e19d56e8-6d6c-4ac1-b939-e50ecdf6cdcb', 'f4b90444-bf2f-41a1-9ac4-c1925813404b', '59504973-a39c-45b4-8944-2caf42d8b290', 'c40b1942-ea39-425c-8541-297a8c1f9afa') /*action='index',application='ApprovalEngine',controller='requests'*/[0m
  ↳ app/controllers/api/v1/requests_controller.rb:22:in 'Api::V1::RequestsController#index'
  [1m[36mUser Load (0.3ms)[0m  [1m[34mSELECT "users".* FROM "users" INNER JOIN "request_type_approvers" ON "users"."id" = "request_type_approvers"."user_id" WHERE "users"."deleted_at" IS NULL AND "request_type_approvers"."request_type_id" = 'dbc4ad97-8696-4a00-9423-3d4df65dbd59' /*action='index',application='ApprovalEngine',controller='requests'*/[0m
  ↳ app/controllers/api/v1/requests_controller.rb:22:in 'Api::V1::RequestsController#index'
  [1m[36mRule Load (0.2ms)[0m  [1m[34mSELECT "rules".* FROM "rules" WHERE "rules"."deleted_at" IS NULL AND "rules"."id" = '4f5a2b27-f6dd-47a0-ba23-bb8b1c83d65f' LIMIT 1 /*action='index',application='ApprovalEngine',controller='requests'*/[0m
  ↳ app/controllers/api/v1/requests_controller.rb:22:in 'Api::V1::RequestsController#index'
  [1m[36mRequestType Load (0.2ms)[0m  [1m[34mSELECT "request_types".* FROM "request_types" WHERE "request_types"."deleted_at" IS NULL AND "request_types"."id" = 'dbc4ad97-8696-4a00-9423-3d4df65dbd59' LIMIT 1 /*action='index',application='ApprovalEngine',controller='requests'*/[0m
  ↳ app/controllers/api/v1/requests_controller.rb:22:in 'Api::V1::RequestsController#index'
  [1m[36mCACHE User Load (0.0ms)[0m  [1m[34mSELECT "users".* FROM "users" INNER JOIN "request_type_approvers" ON "users"."id" = "request_type_approvers"."user_id" WHERE "users"."deleted_at" IS NULL AND "request_type_approvers"."request_type_id" = 'dbc4ad97-8696-4a00-9423-3d4df65dbd59'[0m
  ↳ app/controllers/api/v1/requests_controller.rb:22:in 'Api::V1::RequestsController#index'
  [1m[36mCACHE Rule Load (0.0ms)[0m  [1m[34mSELECT "rules".* FROM "rules" WHERE "rules"."deleted_at" IS NULL AND "rules"."id" = '4f5a2b27-f6dd-47a0-ba23-bb8b1c83d65f' LIMIT 1[0m
  ↳ app/controllers/api/v1/requests_controller.rb:22:in 'Api::V1::RequestsController#index'
  [1m[36mCACHE RequestType Load (0.0ms)[0m  [1m[34mSELECT "request_types".* FROM "request_types" WHERE "request_types"."deleted_at" IS NULL AND "request_types"."id" = 'dbc4ad97-8696-4a00-9423-3d4df65dbd59' LIMIT 1[0m
  ↳ app/controllers/api/v1/requests_controller.rb:22:in 'Api::V1::RequestsController#index'
  [1m[36mCACHE User Load (0.0ms)[0m  [1m[34mSELECT "users".* FROM "users" INNER JOIN "request_type_approvers" ON "users"."id" = "request_type_approvers"."user_id" WHERE "users"."deleted_at" IS NULL AND "request_type_approvers"."request_type_id" = 'dbc4ad97-8696-4a00-9423-3d4df65dbd59'[0m
  ↳ app/controllers/api/v1/requests_controller.rb:22:in 'Api::V1::RequestsController#index'
  [1m[36mCACHE Rule Load (0.0ms)[0m  [1m[34mSELECT "rules".* FROM "rules" WHERE "rules"."deleted_at" IS NULL AND "rules"."id" = '4f5a2b27-f6dd-47a0-ba23-bb8b1c83d65f' LIMIT 1[0m
  ↳ app/controllers/api/v1/requests_controller.rb:22:in 'Api::V1::RequestsController#index'
  [1m[36mCACHE RequestType Load (0.0ms)[0m  [1m[34mSELECT "request_types".* FROM "request_types" WHERE "request_types"."deleted_at" IS NULL AND "request_types"."id" = 'dbc4ad97-8696-4a00-9423-3d4df65dbd59' LIMIT 1[0m
  ↳ app/controllers/api/v1/requests_controller.rb:22:in 'Api::V1::RequestsController#index'
  [1m[36mCACHE User Load (0.0ms)[0m  [1m[34mSELECT "users".* FROM "users" INNER JOIN "request_type_approvers" ON "users"."id" = "request_type_approvers"."user_id" WHERE "users"."deleted_at" IS NULL AND "request_type_approvers"."request_type_id" = 'dbc4ad97-8696-4a00-9423-3d4df65dbd59'[0m
  ↳ app/controllers/api/v1/requests_controller.rb:22:in 'Api::V1::RequestsController#index'
  [1m[36mUser Load (0.3ms)[0m  [1m[34mSELECT "users".* FROM "users" INNER JOIN "request_type_approvers" ON "users"."id" = "request_type_approvers"."user_id" WHERE "users"."deleted_at" IS NULL AND "request_type_approvers"."request_type_id" = '1f5dd956-b4d1-456e-a5ea-d3c63ebde7b8' /*action='index',application='ApprovalEngine',controller='requests'*/[0m
  ↳ app/controllers/api/v1/requests_controller.rb:22:in 'Api::V1::RequestsController#index'
  [1m[36mRule Load (0.2ms)[0m  [1m[34mSELECT "rules".* FROM "rules" WHERE "rules"."deleted_at" IS NULL AND "rules"."id" = '269d79fa-dc15-4468-a104-db1cf9dc960b' LIMIT 1 /*action='index',application='ApprovalEngine',controller='requests'*/[0m
  ↳ app/controllers/api/v1/requests_controller.rb:22:in 'Api::V1::RequestsController#index'
  [1m[36mRequestType Load (0.1ms)[0m  [1m[34mSELECT "request_types".* FROM "request_types" WHERE "request_types"."deleted_at" IS NULL AND "request_types"."id" = '1f5dd956-b4d1-456e-a5ea-d3c63ebde7b8' LIMIT 1 /*action='index',application='ApprovalEngine',controller='requests'*/[0m
  ↳ app/controllers/api/v1/requests_controller.rb:22:in 'Api::V1::RequestsController#index'
  [1m[36mCACHE User Load (0.0ms)[0m  [1m[34mSELECT "users".* FROM "users" INNER JOIN "request_type_approvers" ON "users"."id" = "request_type_approvers"."user_id" WHERE "users"."deleted_at" IS NULL AND "request_type_approvers"."request_type_id" = '1f5dd956-b4d1-456e-a5ea-d3c63ebde7b8'[0m
  ↳ app/controllers/api/v1/requests_controller.rb:22:in 'Api::V1::RequestsController#index'
  [1m[36mCACHE Rule Load (0.0ms)[0m  [1m[34mSELECT "rules".* FROM "rules" WHERE "rules"."deleted_at" IS NULL AND "rules"."id" = '269d79fa-dc15-4468-a104-db1cf9dc960b' LIMIT 1[0m
  ↳ app/controllers/api/v1/requests_controller.rb:22:in 'Api::V1::RequestsController#index'
  [1m[36mCACHE RequestType Load (0.0ms)[0m  [1m[34mSELECT "request_types".* FROM "request_types" WHERE "request_types"."deleted_at" IS NULL AND "request_types"."id" = '1f5dd956-b4d1-456e-a5ea-d3c63ebde7b8' LIMIT 1[0m
  ↳ app/controllers/api/v1/requests_controller.rb:22:in 'Api::V1::RequestsController#index'
  [1m[36mCACHE User Load (0.0ms)[0m  [1m[34mSELECT "users".* FROM "users" INNER JOIN "request_type_approvers" ON "users"."id" = "request_type_approvers"."user_id" WHERE "users"."deleted_at" IS NULL AND "request_type_approvers"."request_type_id" = '1f5dd956-b4d1-456e-a5ea-d3c63ebde7b8'[0m
  ↳ app/controllers/api/v1/requests_controller.rb:22:in 'Api::V1::RequestsController#index'
  [1m[36mCACHE Rule Load (0.0ms)[0m  [1m[34mSELECT "rules".* FROM "rules" WHERE "rules"."deleted_at" IS NULL AND "rules"."id" = '269d79fa-dc15-4468-a104-db1cf9dc960b' LIMIT 1[0m
  ↳ app/controllers/api/v1/requests_controller.rb:22:in 'Api::V1::RequestsController#index'
  [1m[36mCACHE RequestType Load (0.0ms)[0m  [1m[34mSELECT "request_types".* FROM "request_types" WHERE "request_types"."deleted_at" IS NULL AND "request_types"."id" = '1f5dd956-b4d1-456e-a5ea-d3c63ebde7b8' LIMIT 1[0m
  ↳ app/controllers/api/v1/requests_controller.rb:22:in 'Api::V1::RequestsController#index'
  [1m[36mCACHE User Load (0.0ms)[0m  [1m[34mSELECT "users".* FROM "users" INNER JOIN "request_type_approvers" ON "users"."id" = "request_type_approvers"."user_id" WHERE "users"."deleted_at" IS NULL AND "request_type_approvers"."request_type_id" = '1f5dd956-b4d1-456e-a5ea-d3c63ebde7b8'[0m
  ↳ app/controllers/api/v1/requests_controller.rb:22:in 'Api::V1::RequestsController#index'
  [1m[36mRule Load (0.2ms)[0m  [1m[34mSELECT "rules".* FROM "rules" WHERE "rules"."deleted_at" IS NULL AND "rules"."id" = '6d9b88af-a02d-4d3c-8099-8cb7fb3a2d4a' LIMIT 1 /*action='index',application='ApprovalEngine',controller='requests'*/[0m
  ↳ app/controllers/api/v1/requests_controller.rb:22:in 'Api::V1::RequestsController#index'
  [1m[36mCACHE RequestType Load (0.0ms)[0m  [1m[34mSELECT "request_types".* FROM "request_types" WHERE "request_types"."deleted_at" IS NULL AND "request_types"."id" = 'dbc4ad97-8696-4a00-9423-3d4df65dbd59' LIMIT 1[0m
  ↳ app/controllers/api/v1/requests_controller.rb:22:in 'Api::V1::RequestsController#index'
  [1m[36mCACHE User Load (0.0ms)[0m  [1m[34mSELECT "users".* FROM "users" INNER JOIN "request_type_approvers" ON "users"."id" = "request_type_approvers"."user_id" WHERE "users"."deleted_at" IS NULL AND "request_type_approvers"."request_type_id" = 'dbc4ad97-8696-4a00-9423-3d4df65dbd59'[0m
  ↳ app/controllers/api/v1/requests_controller.rb:22:in 'Api::V1::RequestsController#index'
  [1m[36mCACHE Rule Load (0.0ms)[0m  [1m[34mSELECT "rules".* FROM "rules" WHERE "rules"."deleted_at" IS NULL AND "rules"."id" = '6d9b88af-a02d-4d3c-8099-8cb7fb3a2d4a' LIMIT 1[0m
  ↳ app/controllers/api/v1/requests_controller.rb:22:in 'Api::V1::RequestsController#index'
  [1m[36mCACHE RequestType Load (0.0ms)[0m  [1m[34mSELECT "request_types".* FROM "request_types" WHERE "request_types"."deleted_at" IS NULL AND "request_types"."id" = 'dbc4ad97-8696-4a00-9423-3d4df65dbd59' LIMIT 1[0m
  ↳ app/controllers/api/v1/requests_controller.rb:22:in 'Api::V1::RequestsController#index'
  [1m[36mCACHE User Load (0.0ms)[0m  [1m[34mSELECT "users".* FROM "users" INNER JOIN "request_type_approvers" ON "users"."id" = "request_type_approvers"."user_id" WHERE "users"."deleted_at" IS NULL AND "request_type_approvers"."request_type_id" = 'dbc4ad97-8696-4a00-9423-3d4df65dbd59'[0m
  ↳ app/controllers/api/v1/requests_controller.rb:22:in 'Api::V1::RequestsController#index'
  [1m[36mRule Load (0.2ms)[0m  [1m[34mSELECT "rules".* FROM "rules" WHERE "rules"."deleted_at" IS NULL AND "rules"."id" = '8a1dd6be-6d3e-43cb-86c0-7b9c09bb6f91' LIMIT 1 /*action='index',application='ApprovalEngine',controller='requests'*/[0m
  ↳ app/controllers/api/v1/requests_controller.rb:22:in 'Api::V1::RequestsController#index'
  [1m[36mRule Load (0.1ms)[0m  [1m[34mSELECT "rules".* FROM "rules" WHERE "rules"."deleted_at" IS NULL AND "rules"."id" = '48a78e3e-3f71-41f5-a9b5-01ff3306a6d0' LIMIT 1 /*action='index',application='ApprovalEngine',controller='requests'*/[0m
  ↳ app/controllers/api/v1/requests_controller.rb:22:in 'Api::V1::RequestsController#index'
  [1m[36mCACHE RequestType Load (0.0ms)[0m  [1m[34mSELECT "request_types".* FROM "request_types" WHERE "request_types"."deleted_at" IS NULL AND "request_types"."id" = 'dbc4ad97-8696-4a00-9423-3d4df65dbd59' LIMIT 1[0m
  ↳ app/controllers/api/v1/requests_controller.rb:22:in 'Api::V1::RequestsController#index'
  [1m[36mCACHE User Load (0.0ms)[0m  [1m[34mSELECT "users".* FROM "users" INNER JOIN "request_type_approvers" ON "users"."id" = "request_type_approvers"."user_id" WHERE "users"."deleted_at" IS NULL AND "request_type_approvers"."request_type_id" = 'dbc4ad97-8696-4a00-9423-3d4df65dbd59'[0m
  ↳ app/controllers/api/v1/requests_controller.rb:22:in 'Api::V1::RequestsController#index'
Completed 200 OK in 35ms (Views: 0.5ms | ActiveRecord: 3.6ms (37 queries, 21 cached) | GC: 3.8ms)


Started GET "/api/v1/requests?page=2" for ::1 at 2026-02-08 22:13:29 +0530
Processing by Api::V1::RequestsController#index as HTML
  Parameters: {"page" => "2"}
  [1m[36mUser Load (0.4ms)[0m  [1m[34mSELECT "users".* FROM "users" WHERE "users"."deleted_at" IS NULL AND "users"."id" = 'a8b58455-32ed-4b42-af48-3bb969d2c5b8' LIMIT 1 /*action='index',application='ApprovalEngine',controller='requests'*/[0m
  ↳ app/controllers/concerns/authenticatable.rb:20:in 'Authenticatable#authenticate_user'
  [1m[36mTenant Load (0.2ms)[0m  [1m[34mSELECT "tenants".* FROM "tenants" WHERE "tenants"."deleted_at" IS NULL AND "tenants"."id" = 'aa29ef8c-86bf-413d-9ea9-ed2c4360c3a5' LIMIT 1 /*action='index',application='ApprovalEngine',controller='requests'*/[0m
  ↳ app/controllers/api/v1/requests_controller.rb:9:in 'Api::V1::RequestsController#index'
  [1m[36mRequest Count (0.2ms)[0m  [1m[34mSELECT COUNT(*) FROM "requests" WHERE "requests"."tenant_id" = 'aa29ef8c-86bf-413d-9ea9-ed2c4360c3a5' /*action='index',application='ApprovalEngine',controller='requests'*/[0m
  ↳ app/controllers/api/v1/requests_controller.rb:16:in 'Api::V1::RequestsController#index'
  [1m[36mRequest Load (0.2ms)[0m  [1m[34mSELECT "requests".* FROM "requests" WHERE "requests"."tenant_id" = 'aa29ef8c-86bf-413d-9ea9-ed2c4360c3a5' LIMIT 10 OFFSET 10 /*action='index',application='ApprovalEngine',controller='requests'*/[0m
  ↳ app/controllers/api/v1/requests_controller.rb:22:in 'Api::V1::RequestsController#index'
  [1m[36mUser Load (0.2ms)[0m  [1m[34mSELECT "users".* FROM "users" WHERE "users"."deleted_at" IS NULL AND "users"."id" IN ('24c0e984-3d03-44c6-bdb3-9e397ba9d8c2', '37ec41c9-c494-4128-bb94-07c2b87ad9e6', 'fe43d2ce-b8cd-4d8e-b6ed-2bd799945724', 'e3143983-a8ea-40e8-b2e5-399b41d73282') /*action='index',application='ApprovalEngine',controller='requests'*/[0m
  ↳ app/controllers/api/v1/requests_controller.rb:22:in 'Api::V1::RequestsController#index'
  [1m[36mRequestType Load (0.1ms)[0m  [1m[34mSELECT "request_types".* FROM "request_types" WHERE "request_types"."deleted_at" IS NULL AND "request_types"."id" IN ('1f5dd956-b4d1-456e-a5ea-d3c63ebde7b8', 'dbc4ad97-8696-4a00-9423-3d4df65dbd59') /*action='index',application='ApprovalEngine',controller='requests'*/[0m
  ↳ app/controllers/api/v1/requests_controller.rb:22:in 'Api::V1::RequestsController#index'
  [1m[36mApproval Load (0.2ms)[0m  [1m[34mSELECT "approvals".* FROM "approvals" WHERE "approvals"."request_id" IN ('40873ba3-35c3-4506-82e6-4f595ba5634c', '98dec99d-ce2c-4268-97d7-ebc7d5a6b62d', '185afc40-3aa9-4a26-8177-8d7bca45870c', '174d6d3c-993e-47b4-a309-3e63cb94c137', '145440e7-7ef4-4652-ae0e-e79515aac035', '4953134c-7c5c-4a29-8132-50bd579fcec8', '45ea2a57-b83c-406c-9a91-e54605c89fa0', '5baae476-eb1d-407f-9cf0-a4addb60c542', '0b14874d-75a2-49ac-af54-7025e87f2935', '337744f0-b2c2-4474-8a70-3c3e2a1e5cca') /*action='index',application='ApprovalEngine',controller='requests'*/[0m
  ↳ app/controllers/api/v1/requests_controller.rb:22:in 'Api::V1::RequestsController#index'
  [1m[36mUser Load (0.2ms)[0m  [1m[34mSELECT "users".* FROM "users" INNER JOIN "request_type_approvers" ON "users"."id" = "request_type_approvers"."user_id" WHERE "users"."deleted_at" IS NULL AND "request_type_approvers"."request_type_id" = '1f5dd956-b4d1-456e-a5ea-d3c63ebde7b8' /*action='index',application='ApprovalEngine',controller='requests'*/[0m
  ↳ app/controllers/api/v1/requests_controller.rb:22:in 'Api::V1::RequestsController#index'
  [1m[36mRule Load (0.2ms)[0m  [1m[34mSELECT "rules".* FROM "rules" WHERE "rules"."deleted_at" IS NULL AND "rules"."id" = 'bf0d0cb8-758c-434f-beb1-e73dee813eec' LIMIT 1 /*action='index',application='ApprovalEngine',controller='requests'*/[0m
  ↳ app/controllers/api/v1/requests_controller.rb:22:in 'Api::V1::RequestsController#index'
  [1m[36mRequestType Load (0.2ms)[0m  [1m[34mSELECT "request_types".* FROM "request_types" WHERE "request_types"."deleted_at" IS NULL AND "request_types"."id" = '1f5dd956-b4d1-456e-a5ea-d3c63ebde7b8' LIMIT 1 /*action='index',application='ApprovalEngine',controller='requests'*/[0m
  ↳ app/controllers/api/v1/requests_controller.rb:22:in 'Api::V1::RequestsController#index'
  [1m[36mCACHE User Load (0.0ms)[0m  [1m[34mSELECT "users".* FROM "users" INNER JOIN "request_type_approvers" ON "users"."id" = "request_type_approvers"."user_id" WHERE "users"."deleted_at" IS NULL AND "request_type_approvers"."request_type_id" = '1f5dd956-b4d1-456e-a5ea-d3c63ebde7b8'[0m
  ↳ app/controllers/api/v1/requests_controller.rb:22:in 'Api::V1::RequestsController#index'
  [1m[36mUser Load (0.2ms)[0m  [1m[34mSELECT "users".* FROM "users" INNER JOIN "request_type_approvers" ON "users"."id" = "request_type_approvers"."user_id" WHERE "users"."deleted_at" IS NULL AND "request_type_approvers"."request_type_id" = 'dbc4ad97-8696-4a00-9423-3d4df65dbd59' /*action='index',application='ApprovalEngine',controller='requests'*/[0m
  ↳ app/controllers/api/v1/requests_controller.rb:22:in 'Api::V1::RequestsController#index'
  [1m[36mCACHE User Load (0.0ms)[0m  [1m[34mSELECT "users".* FROM "users" WHERE "users"."deleted_at" IS NULL AND "users"."id" = 'a8b58455-32ed-4b42-af48-3bb969d2c5b8' LIMIT 1[0m
  ↳ app/controllers/api/v1/requests_controller.rb:22:in 'Api::V1::RequestsController#index'
  [1m[36mRule Load (0.1ms)[0m  [1m[34mSELECT "rules".* FROM "rules" WHERE "rules"."deleted_at" IS NULL AND "rules"."id" = '6d9b88af-a02d-4d3c-8099-8cb7fb3a2d4a' LIMIT 1 /*action='index',application='ApprovalEngine',controller='requests'*/[0m
  ↳ app/controllers/api/v1/requests_controller.rb:22:in 'Api::V1::RequestsController#index'
  [1m[36mRequestType Load (0.1ms)[0m  [1m[34mSELECT "request_types".* FROM "request_types" WHERE "request_types"."deleted_at" IS NULL AND "request_types"."id" = 'dbc4ad97-8696-4a00-9423-3d4df65dbd59' LIMIT 1 /*action='index',application='ApprovalEngine',controller='requests'*/[0m
  ↳ app/controllers/api/v1/requests_controller.rb:22:in 'Api::V1::RequestsController#index'
  [1m[36mCACHE User Load (0.0ms)[0m  [1m[34mSELECT "users".* FROM "users" INNER JOIN "request_type_approvers" ON "users"."id" = "request_type_approvers"."user_id" WHERE "users"."deleted_at" IS NULL AND "request_type_approvers"."request_type_id" = 'dbc4ad97-8696-4a00-9423-3d4df65dbd59'[0m
  ↳ app/controllers/api/v1/requests_controller.rb:22:in 'Api::V1::RequestsController#index'
  [1m[36mCACHE User Load (0.0ms)[0m  [1m[34mSELECT "users".* FROM "users" WHERE "users"."deleted_at" IS NULL AND "users"."id" = 'a8b58455-32ed-4b42-af48-3bb969d2c5b8' LIMIT 1[0m
  ↳ app/controllers/api/v1/requests_controller.rb:22:in 'Api::V1::RequestsController#index'
  [1m[36mRule Load (0.1ms)[0m  [1m[34mSELECT "rules".* FROM "rules" WHERE "rules"."deleted_at" IS NULL AND "rules"."id" = '48a78e3e-3f71-41f5-a9b5-01ff3306a6d0' LIMIT 1 /*action='index',application='ApprovalEngine',controller='requests'*/[0m
  ↳ app/controllers/api/v1/requests_controller.rb:22:in 'Api::V1::RequestsController#index'
  [1m[36mCACHE RequestType Load (0.0ms)[0m  [1m[34mSELECT "request_types".* FROM "request_types" WHERE "request_types"."deleted_at" IS NULL AND "request_types"."id" = 'dbc4ad97-8696-4a00-9423-3d4df65dbd59' LIMIT 1[0m
  ↳ app/controllers/api/v1/requests_controller.rb:22:in 'Api::V1::RequestsController#index'
  [1m[36mCACHE User Load (0.0ms)[0m  [1m[34mSELECT "users".* FROM "users" INNER JOIN "request_type_approvers" ON "users"."id" = "request_type_approvers"."user_id" WHERE "users"."deleted_at" IS NULL AND "request_type_approvers"."request_type_id" = 'dbc4ad97-8696-4a00-9423-3d4df65dbd59'[0m
  ↳ app/controllers/api/v1/requests_controller.rb:22:in 'Api::V1::RequestsController#index'
  [1m[36mCACHE User Load (0.0ms)[0m  [1m[34mSELECT "users".* FROM "users" WHERE "users"."deleted_at" IS NULL AND "users"."id" = 'a8b58455-32ed-4b42-af48-3bb969d2c5b8' LIMIT 1[0m
  ↳ app/controllers/api/v1/requests_controller.rb:22:in 'Api::V1::RequestsController#index'
  [1m[36mCACHE Rule Load (0.0ms)[0m  [1m[34mSELECT "rules".* FROM "rules" WHERE "rules"."deleted_at" IS NULL AND "rules"."id" = '48a78e3e-3f71-41f5-a9b5-01ff3306a6d0' LIMIT 1[0m
  ↳ app/controllers/api/v1/requests_controller.rb:22:in 'Api::V1::RequestsController#index'
  [1m[36mCACHE RequestType Load (0.0ms)[0m  [1m[34mSELECT "request_types".* FROM "request_types" WHERE "request_types"."deleted_at" IS NULL AND "request_types"."id" = 'dbc4ad97-8696-4a00-9423-3d4df65dbd59' LIMIT 1[0m
  ↳ app/controllers/api/v1/requests_controller.rb:22:in 'Api::V1::RequestsController#index'
  [1m[36mCACHE User Load (0.0ms)[0m  [1m[34mSELECT "users".* FROM "users" INNER JOIN "request_type_approvers" ON "users"."id" = "request_type_approvers"."user_id" WHERE "users"."deleted_at" IS NULL AND "request_type_approvers"."request_type_id" = 'dbc4ad97-8696-4a00-9423-3d4df65dbd59'[0m
  ↳ app/controllers/api/v1/requests_controller.rb:22:in 'Api::V1::RequestsController#index'
  [1m[36mCACHE User Load (0.0ms)[0m  [1m[34mSELECT "users".* FROM "users" WHERE "users"."deleted_at" IS NULL AND "users"."id" = 'a8b58455-32ed-4b42-af48-3bb969d2c5b8' LIMIT 1[0m
  ↳ app/controllers/api/v1/requests_controller.rb:22:in 'Api::V1::RequestsController#index'
  [1m[36mRule Load (0.2ms)[0m  [1m[34mSELECT "rules".* FROM "rules" WHERE "rules"."deleted_at" IS NULL AND "rules"."id" = '8a1dd6be-6d3e-43cb-86c0-7b9c09bb6f91' LIMIT 1 /*action='index',application='ApprovalEngine',controller='requests'*/[0m
  ↳ app/controllers/api/v1/requests_controller.rb:22:in 'Api::V1::RequestsController#index'
  [1m[36mCACHE User Load (0.0ms)[0m  [1m[34mSELECT "users".* FROM "users" WHERE "users"."deleted_at" IS NULL AND "users"."id" = 'a8b58455-32ed-4b42-af48-3bb969d2c5b8' LIMIT 1[0m
  ↳ app/controllers/api/v1/requests_controller.rb:22:in 'Api::V1::RequestsController#index'
  [1m[36mCACHE Rule Load (0.0ms)[0m  [1m[34mSELECT "rules".* FROM "rules" WHERE "rules"."deleted_at" IS NULL AND "rules"."id" = 'bf0d0cb8-758c-434f-beb1-e73dee813eec' LIMIT 1[0m
  ↳ app/controllers/api/v1/requests_controller.rb:22:in 'Api::V1::RequestsController#index'
  [1m[36mCACHE RequestType Load (0.0ms)[0m  [1m[34mSELECT "request_types".* FROM "request_types" WHERE "request_types"."deleted_at" IS NULL AND "request_types"."id" = '1f5dd956-b4d1-456e-a5ea-d3c63ebde7b8' LIMIT 1[0m
  ↳ app/controllers/api/v1/requests_controller.rb:22:in 'Api::V1::RequestsController#index'
  [1m[36mCACHE User Load (0.0ms)[0m  [1m[34mSELECT "users".* FROM "users" INNER JOIN "request_type_approvers" ON "users"."id" = "request_type_approvers"."user_id" WHERE "users"."deleted_at" IS NULL AND "request_type_approvers"."request_type_id" = '1f5dd956-b4d1-456e-a5ea-d3c63ebde7b8'[0m
  ↳ app/controllers/api/v1/requests_controller.rb:22:in 'Api::V1::RequestsController#index'
  [1m[36mCACHE User Load (0.0ms)[0m  [1m[34mSELECT "users".* FROM "users" WHERE "users"."deleted_at" IS NULL AND "users"."id" = 'a8b58455-32ed-4b42-af48-3bb969d2c5b8' LIMIT 1[0m
  ↳ app/controllers/api/v1/requests_controller.rb:22:in 'Api::V1::RequestsController#index'
  [1m[36mRule Load (0.2ms)[0m  [1m[34mSELECT "rules".* FROM "rules" WHERE "rules"."deleted_at" IS NULL AND "rules"."id" = '4f5a2b27-f6dd-47a0-ba23-bb8b1c83d65f' LIMIT 1 /*action='index',application='ApprovalEngine',controller='requests'*/[0m
  ↳ app/controllers/api/v1/requests_controller.rb:22:in 'Api::V1::RequestsController#index'
  [1m[36mCACHE RequestType Load (0.0ms)[0m  [1m[34mSELECT "request_types".* FROM "request_types" WHERE "request_types"."deleted_at" IS NULL AND "request_types"."id" = 'dbc4ad97-8696-4a00-9423-3d4df65dbd59' LIMIT 1[0m
  ↳ app/controllers/api/v1/requests_controller.rb:22:in 'Api::V1::RequestsController#index'
  [1m[36mCACHE User Load (0.0ms)[0m  [1m[34mSELECT "users".* FROM "users" INNER JOIN "request_type_approvers" ON "users"."id" = "request_type_approvers"."user_id" WHERE "users"."deleted_at" IS NULL AND "request_type_approvers"."request_type_id" = 'dbc4ad97-8696-4a00-9423-3d4df65dbd59'[0m
  ↳ app/controllers/api/v1/requests_controller.rb:22:in 'Api::V1::RequestsController#index'
  [1m[36mCACHE Rule Load (0.0ms)[0m  [1m[34mSELECT "rules".* FROM "rules" WHERE "rules"."deleted_at" IS NULL AND "rules"."id" = 'bf0d0cb8-758c-434f-beb1-e73dee813eec' LIMIT 1[0m
  ↳ app/controllers/api/v1/requests_controller.rb:22:in 'Api::V1::RequestsController#index'
  [1m[36mCACHE RequestType Load (0.0ms)[0m  [1m[34mSELECT "request_types".* FROM "request_types" WHERE "request_types"."deleted_at" IS NULL AND "request_types"."id" = '1f5dd956-b4d1-456e-a5ea-d3c63ebde7b8' LIMIT 1[0m
  ↳ app/controllers/api/v1/requests_controller.rb:22:in 'Api::V1::RequestsController#index'
  [1m[36mCACHE User Load (0.0ms)[0m  [1m[34mSELECT "users".* FROM "users" INNER JOIN "request_type_approvers" ON "users"."id" = "request_type_approvers"."user_id" WHERE "users"."deleted_at" IS NULL AND "request_type_approvers"."request_type_id" = '1f5dd956-b4d1-456e-a5ea-d3c63ebde7b8'[0m
  ↳ app/controllers/api/v1/requests_controller.rb:22:in 'Api::V1::RequestsController#index'
  [1m[36mCACHE Rule Load (0.0ms)[0m  [1m[34mSELECT "rules".* FROM "rules" WHERE "rules"."deleted_at" IS NULL AND "rules"."id" = '48a78e3e-3f71-41f5-a9b5-01ff3306a6d0' LIMIT 1[0m
  ↳ app/controllers/api/v1/requests_controller.rb:22:in 'Api::V1::RequestsController#index'
  [1m[36mCACHE RequestType Load (0.0ms)[0m  [1m[34mSELECT "request_types".* FROM "request_types" WHERE "request_types"."deleted_at" IS NULL AND "request_types"."id" = 'dbc4ad97-8696-4a00-9423-3d4df65dbd59' LIMIT 1[0m
  ↳ app/controllers/api/v1/requests_controller.rb:22:in 'Api::V1::RequestsController#index'
  [1m[36mCACHE User Load (0.0ms)[0m  [1m[34mSELECT "users".* FROM "users" INNER JOIN "request_type_approvers" ON "users"."id" = "request_type_approvers"."user_id" WHERE "users"."deleted_at" IS NULL AND "request_type_approvers"."request_type_id" = 'dbc4ad97-8696-4a00-9423-3d4df65dbd59'[0m
  ↳ app/controllers/api/v1/requests_controller.rb:22:in 'Api::V1::RequestsController#index'
  [1m[36mCACHE User Load (0.0ms)[0m  [1m[34mSELECT "users".* FROM "users" WHERE "users"."deleted_at" IS NULL AND "users"."id" = 'a8b58455-32ed-4b42-af48-3bb969d2c5b8' LIMIT 1[0m
  ↳ app/controllers/api/v1/requests_controller.rb:22:in 'Api::V1::RequestsController#index'
  [1m[36mRule Load (0.2ms)[0m  [1m[34mSELECT "rules".* FROM "rules" WHERE "rules"."deleted_at" IS NULL AND "rules"."id" = '1080d429-9d8c-4294-bf05-4b56efcf7824' LIMIT 1 /*action='index',application='ApprovalEngine',controller='requests'*/[0m
  ↳ app/controllers/api/v1/requests_controller.rb:22:in 'Api::V1::RequestsController#index'
  [1m[36mCACHE RequestType Load (0.0ms)[0m  [1m[34mSELECT "request_types".* FROM "request_types" WHERE "request_types"."deleted_at" IS NULL AND "request_types"."id" = '1f5dd956-b4d1-456e-a5ea-d3c63ebde7b8' LIMIT 1[0m
  ↳ app/controllers/api/v1/requests_controller.rb:22:in 'Api::V1::RequestsController#index'
  [1m[36mCACHE User Load (0.0ms)[0m  [1m[34mSELECT "users".* FROM "users" INNER JOIN "request_type_approvers" ON "users"."id" = "request_type_approvers"."user_id" WHERE "users"."deleted_at" IS NULL AND "request_type_approvers"."request_type_id" = '1f5dd956-b4d1-456e-a5ea-d3c63ebde7b8'[0m
  ↳ app/controllers/api/v1/requests_controller.rb:22:in 'Api::V1::RequestsController#index'
Completed 200 OK in 34ms (Views: 0.2ms | ActiveRecord: 3.2ms (44 queries, 27 cached) | GC: 2.9ms)


Started GET "/api/v1/requests?page=3" for ::1 at 2026-02-08 22:13:32 +0530
Processing by Api::V1::RequestsController#index as HTML
  Parameters: {"page" => "3"}
  [1m[36mUser Load (0.4ms)[0m  [1m[34mSELECT "users".* FROM "users" WHERE "users"."deleted_at" IS NULL AND "users"."id" = 'a8b58455-32ed-4b42-af48-3bb969d2c5b8' LIMIT 1 /*action='index',application='ApprovalEngine',controller='requests'*/[0m
  ↳ app/controllers/concerns/authenticatable.rb:20:in 'Authenticatable#authenticate_user'
  [1m[36mTenant Load (0.2ms)[0m  [1m[34mSELECT "tenants".* FROM "tenants" WHERE "tenants"."deleted_at" IS NULL AND "tenants"."id" = 'aa29ef8c-86bf-413d-9ea9-ed2c4360c3a5' LIMIT 1 /*action='index',application='ApprovalEngine',controller='requests'*/[0m
  ↳ app/controllers/api/v1/requests_controller.rb:9:in 'Api::V1::RequestsController#index'
  [1m[36mRequest Count (0.2ms)[0m  [1m[34mSELECT COUNT(*) FROM "requests" WHERE "requests"."tenant_id" = 'aa29ef8c-86bf-413d-9ea9-ed2c4360c3a5' /*action='index',application='ApprovalEngine',controller='requests'*/[0m
  ↳ app/controllers/api/v1/requests_controller.rb:16:in 'Api::V1::RequestsController#index'
  [1m[36mRequest Load (0.2ms)[0m  [1m[34mSELECT "requests".* FROM "requests" WHERE "requests"."tenant_id" = 'aa29ef8c-86bf-413d-9ea9-ed2c4360c3a5' LIMIT 10 OFFSET 20 /*action='index',application='ApprovalEngine',controller='requests'*/[0m
  ↳ app/controllers/api/v1/requests_controller.rb:22:in 'Api::V1::RequestsController#index'
  [1m[36mUser Load (0.2ms)[0m  [1m[34mSELECT "users".* FROM "users" WHERE "users"."deleted_at" IS NULL AND "users"."id" IN ('37ec41c9-c494-4128-bb94-07c2b87ad9e6', '24c0e984-3d03-44c6-bdb3-9e397ba9d8c2') /*action='index',application='ApprovalEngine',controller='requests'*/[0m
  ↳ app/controllers/api/v1/requests_controller.rb:22:in 'Api::V1::RequestsController#index'
  [1m[36mRequestType Load (0.2ms)[0m  [1m[34mSELECT "request_types".* FROM "request_types" WHERE "request_types"."deleted_at" IS NULL AND "request_types"."id" = 'dbc4ad97-8696-4a00-9423-3d4df65dbd59' /*action='index',application='ApprovalEngine',controller='requests'*/[0m
  ↳ app/controllers/api/v1/requests_controller.rb:22:in 'Api::V1::RequestsController#index'
  [1m[36mApproval Load (0.2ms)[0m  [1m[34mSELECT "approvals".* FROM "approvals" WHERE "approvals"."request_id" IN ('c2684ab9-fafc-4bfa-9ee7-4b7c41662145', '475229ab-84b6-40bf-abb0-c6ce911f67be') /*action='index',application='ApprovalEngine',controller='requests'*/[0m
  ↳ app/controllers/api/v1/requests_controller.rb:22:in 'Api::V1::RequestsController#index'
  [1m[36mUser Load (0.4ms)[0m  [1m[34mSELECT "users".* FROM "users" INNER JOIN "request_type_approvers" ON "users"."id" = "request_type_approvers"."user_id" WHERE "users"."deleted_at" IS NULL AND "request_type_approvers"."request_type_id" = 'dbc4ad97-8696-4a00-9423-3d4df65dbd59' /*action='index',application='ApprovalEngine',controller='requests'*/[0m
  ↳ app/controllers/api/v1/requests_controller.rb:22:in 'Api::V1::RequestsController#index'
  [1m[36mCACHE User Load (0.0ms)[0m  [1m[34mSELECT "users".* FROM "users" WHERE "users"."deleted_at" IS NULL AND "users"."id" = 'a8b58455-32ed-4b42-af48-3bb969d2c5b8' LIMIT 1[0m
  ↳ app/controllers/api/v1/requests_controller.rb:22:in 'Api::V1::RequestsController#index'
  [1m[36mRule Load (0.3ms)[0m  [1m[34mSELECT "rules".* FROM "rules" WHERE "rules"."deleted_at" IS NULL AND "rules"."id" = '6d9b88af-a02d-4d3c-8099-8cb7fb3a2d4a' LIMIT 1 /*action='index',application='ApprovalEngine',controller='requests'*/[0m
  ↳ app/controllers/api/v1/requests_controller.rb:22:in 'Api::V1::RequestsController#index'
  [1m[36mRequestType Load (0.2ms)[0m  [1m[34mSELECT "request_types".* FROM "request_types" WHERE "request_types"."deleted_at" IS NULL AND "request_types"."id" = 'dbc4ad97-8696-4a00-9423-3d4df65dbd59' LIMIT 1 /*action='index',application='ApprovalEngine',controller='requests'*/[0m
  ↳ app/controllers/api/v1/requests_controller.rb:22:in 'Api::V1::RequestsController#index'
  [1m[36mCACHE User Load (0.0ms)[0m  [1m[34mSELECT "users".* FROM "users" INNER JOIN "request_type_approvers" ON "users"."id" = "request_type_approvers"."user_id" WHERE "users"."deleted_at" IS NULL AND "request_type_approvers"."request_type_id" = 'dbc4ad97-8696-4a00-9423-3d4df65dbd59'[0m
  ↳ app/controllers/api/v1/requests_controller.rb:22:in 'Api::V1::RequestsController#index'
  [1m[36mCACHE User Load (0.0ms)[0m  [1m[34mSELECT "users".* FROM "users" WHERE "users"."deleted_at" IS NULL AND "users"."id" = 'a8b58455-32ed-4b42-af48-3bb969d2c5b8' LIMIT 1[0m
  ↳ app/controllers/api/v1/requests_controller.rb:22:in 'Api::V1::RequestsController#index'
  [1m[36mRule Load (0.2ms)[0m  [1m[34mSELECT "rules".* FROM "rules" WHERE "rules"."deleted_at" IS NULL AND "rules"."id" = '48a78e3e-3f71-41f5-a9b5-01ff3306a6d0' LIMIT 1 /*action='index',application='ApprovalEngine',controller='requests'*/[0m
  ↳ app/controllers/api/v1/requests_controller.rb:22:in 'Api::V1::RequestsController#index'
  [1m[36mCACHE RequestType Load (0.0ms)[0m  [1m[34mSELECT "request_types".* FROM "request_types" WHERE "request_types"."deleted_at" IS NULL AND "request_types"."id" = 'dbc4ad97-8696-4a00-9423-3d4df65dbd59' LIMIT 1[0m
  ↳ app/controllers/api/v1/requests_controller.rb:22:in 'Api::V1::RequestsController#index'
  [1m[36mCACHE User Load (0.0ms)[0m  [1m[34mSELECT "users".* FROM "users" INNER JOIN "request_type_approvers" ON "users"."id" = "request_type_approvers"."user_id" WHERE "users"."deleted_at" IS NULL AND "request_type_approvers"."request_type_id" = 'dbc4ad97-8696-4a00-9423-3d4df65dbd59'[0m
  ↳ app/controllers/api/v1/requests_controller.rb:22:in 'Api::V1::RequestsController#index'
Completed 200 OK in 14ms (Views: 0.1ms | ActiveRecord: 2.5ms (16 queries, 5 cached) | GC: 0.0ms)


Started GET "/api/v1/requests?page=2" for ::1 at 2026-02-08 22:13:33 +0530
Processing by Api::V1::RequestsController#index as HTML
  Parameters: {"page" => "2"}
  [1m[36mUser Load (0.4ms)[0m  [1m[34mSELECT "users".* FROM "users" WHERE "users"."deleted_at" IS NULL AND "users"."id" = 'a8b58455-32ed-4b42-af48-3bb969d2c5b8' LIMIT 1 /*action='index',application='ApprovalEngine',controller='requests'*/[0m
  ↳ app/controllers/concerns/authenticatable.rb:20:in 'Authenticatable#authenticate_user'
  [1m[36mTenant Load (0.2ms)[0m  [1m[34mSELECT "tenants".* FROM "tenants" WHERE "tenants"."deleted_at" IS NULL AND "tenants"."id" = 'aa29ef8c-86bf-413d-9ea9-ed2c4360c3a5' LIMIT 1 /*action='index',application='ApprovalEngine',controller='requests'*/[0m
  ↳ app/controllers/api/v1/requests_controller.rb:9:in 'Api::V1::RequestsController#index'
  [1m[36mRequest Count (0.2ms)[0m  [1m[34mSELECT COUNT(*) FROM "requests" WHERE "requests"."tenant_id" = 'aa29ef8c-86bf-413d-9ea9-ed2c4360c3a5' /*action='index',application='ApprovalEngine',controller='requests'*/[0m
  ↳ app/controllers/api/v1/requests_controller.rb:16:in 'Api::V1::RequestsController#index'
  [1m[36mRequest Load (0.2ms)[0m  [1m[34mSELECT "requests".* FROM "requests" WHERE "requests"."tenant_id" = 'aa29ef8c-86bf-413d-9ea9-ed2c4360c3a5' LIMIT 10 OFFSET 10 /*action='index',application='ApprovalEngine',controller='requests'*/[0m
  ↳ app/controllers/api/v1/requests_controller.rb:22:in 'Api::V1::RequestsController#index'
  [1m[36mUser Load (0.2ms)[0m  [1m[34mSELECT "users".* FROM "users" WHERE "users"."deleted_at" IS NULL AND "users"."id" IN ('24c0e984-3d03-44c6-bdb3-9e397ba9d8c2', '37ec41c9-c494-4128-bb94-07c2b87ad9e6', 'fe43d2ce-b8cd-4d8e-b6ed-2bd799945724', 'e3143983-a8ea-40e8-b2e5-399b41d73282') /*action='index',application='ApprovalEngine',controller='requests'*/[0m
  ↳ app/controllers/api/v1/requests_controller.rb:22:in 'Api::V1::RequestsController#index'
  [1m[36mRequestType Load (0.2ms)[0m  [1m[34mSELECT "request_types".* FROM "request_types" WHERE "request_types"."deleted_at" IS NULL AND "request_types"."id" IN ('1f5dd956-b4d1-456e-a5ea-d3c63ebde7b8', 'dbc4ad97-8696-4a00-9423-3d4df65dbd59') /*action='index',application='ApprovalEngine',controller='requests'*/[0m
  ↳ app/controllers/api/v1/requests_controller.rb:22:in 'Api::V1::RequestsController#index'
  [1m[36mApproval Load (0.2ms)[0m  [1m[34mSELECT "approvals".* FROM "approvals" WHERE "approvals"."request_id" IN ('40873ba3-35c3-4506-82e6-4f595ba5634c', '98dec99d-ce2c-4268-97d7-ebc7d5a6b62d', '185afc40-3aa9-4a26-8177-8d7bca45870c', '174d6d3c-993e-47b4-a309-3e63cb94c137', '145440e7-7ef4-4652-ae0e-e79515aac035', '4953134c-7c5c-4a29-8132-50bd579fcec8', '45ea2a57-b83c-406c-9a91-e54605c89fa0', '5baae476-eb1d-407f-9cf0-a4addb60c542', '0b14874d-75a2-49ac-af54-7025e87f2935', '337744f0-b2c2-4474-8a70-3c3e2a1e5cca') /*action='index',application='ApprovalEngine',controller='requests'*/[0m
  ↳ app/controllers/api/v1/requests_controller.rb:22:in 'Api::V1::RequestsController#index'
  [1m[36mUser Load (0.3ms)[0m  [1m[34mSELECT "users".* FROM "users" INNER JOIN "request_type_approvers" ON "users"."id" = "request_type_approvers"."user_id" WHERE "users"."deleted_at" IS NULL AND "request_type_approvers"."request_type_id" = '1f5dd956-b4d1-456e-a5ea-d3c63ebde7b8' /*action='index',application='ApprovalEngine',controller='requests'*/[0m
  ↳ app/controllers/api/v1/requests_controller.rb:22:in 'Api::V1::RequestsController#index'
  [1m[36mRule Load (0.2ms)[0m  [1m[34mSELECT "rules".* FROM "rules" WHERE "rules"."deleted_at" IS NULL AND "rules"."id" = 'bf0d0cb8-758c-434f-beb1-e73dee813eec' LIMIT 1 /*action='index',application='ApprovalEngine',controller='requests'*/[0m
  ↳ app/controllers/api/v1/requests_controller.rb:22:in 'Api::V1::RequestsController#index'
  [1m[36mRequestType Load (0.2ms)[0m  [1m[34mSELECT "request_types".* FROM "request_types" WHERE "request_types"."deleted_at" IS NULL AND "request_types"."id" = '1f5dd956-b4d1-456e-a5ea-d3c63ebde7b8' LIMIT 1 /*action='index',application='ApprovalEngine',controller='requests'*/[0m
  ↳ app/controllers/api/v1/requests_controller.rb:22:in 'Api::V1::RequestsController#index'
  [1m[36mCACHE User Load (0.0ms)[0m  [1m[34mSELECT "users".* FROM "users" INNER JOIN "request_type_approvers" ON "users"."id" = "request_type_approvers"."user_id" WHERE "users"."deleted_at" IS NULL AND "request_type_approvers"."request_type_id" = '1f5dd956-b4d1-456e-a5ea-d3c63ebde7b8'[0m
  ↳ app/controllers/api/v1/requests_controller.rb:22:in 'Api::V1::RequestsController#index'
  [1m[36mUser Load (0.2ms)[0m  [1m[34mSELECT "users".* FROM "users" INNER JOIN "request_type_approvers" ON "users"."id" = "request_type_approvers"."user_id" WHERE "users"."deleted_at" IS NULL AND "request_type_approvers"."request_type_id" = 'dbc4ad97-8696-4a00-9423-3d4df65dbd59' /*action='index',application='ApprovalEngine',controller='requests'*/[0m
  ↳ app/controllers/api/v1/requests_controller.rb:22:in 'Api::V1::RequestsController#index'
  [1m[36mCACHE User Load (0.0ms)[0m  [1m[34mSELECT "users".* FROM "users" WHERE "users"."deleted_at" IS NULL AND "users"."id" = 'a8b58455-32ed-4b42-af48-3bb969d2c5b8' LIMIT 1[0m
  ↳ app/controllers/api/v1/requests_controller.rb:22:in 'Api::V1::RequestsController#index'
  [1m[36mRule Load (0.2ms)[0m  [1m[34mSELECT "rules".* FROM "rules" WHERE "rules"."deleted_at" IS NULL AND "rules"."id" = '6d9b88af-a02d-4d3c-8099-8cb7fb3a2d4a' LIMIT 1 /*action='index',application='ApprovalEngine',controller='requests'*/[0m
  ↳ app/controllers/api/v1/requests_controller.rb:22:in 'Api::V1::RequestsController#index'
  [1m[36mRequestType Load (0.2ms)[0m  [1m[34mSELECT "request_types".* FROM "request_types" WHERE "request_types"."deleted_at" IS NULL AND "request_types"."id" = 'dbc4ad97-8696-4a00-9423-3d4df65dbd59' LIMIT 1 /*action='index',application='ApprovalEngine',controller='requests'*/[0m
  ↳ app/controllers/api/v1/requests_controller.rb:22:in 'Api::V1::RequestsController#index'
  [1m[36mCACHE User Load (0.0ms)[0m  [1m[34mSELECT "users".* FROM "users" INNER JOIN "request_type_approvers" ON "users"."id" = "request_type_approvers"."user_id" WHERE "users"."deleted_at" IS NULL AND "request_type_approvers"."request_type_id" = 'dbc4ad97-8696-4a00-9423-3d4df65dbd59'[0m
  ↳ app/controllers/api/v1/requests_controller.rb:22:in 'Api::V1::RequestsController#index'
  [1m[36mCACHE User Load (0.0ms)[0m  [1m[34mSELECT "users".* FROM "users" WHERE "users"."deleted_at" IS NULL AND "users"."id" = 'a8b58455-32ed-4b42-af48-3bb969d2c5b8' LIMIT 1[0m
  ↳ app/controllers/api/v1/requests_controller.rb:22:in 'Api::V1::RequestsController#index'
  [1m[36mRule Load (0.1ms)[0m  [1m[34mSELECT "rules".* FROM "rules" WHERE "rules"."deleted_at" IS NULL AND "rules"."id" = '48a78e3e-3f71-41f5-a9b5-01ff3306a6d0' LIMIT 1 /*action='index',application='ApprovalEngine',controller='requests'*/[0m
  ↳ app/controllers/api/v1/requests_controller.rb:22:in 'Api::V1::RequestsController#index'
  [1m[36mCACHE RequestType Load (0.0ms)[0m  [1m[34mSELECT "request_types".* FROM "request_types" WHERE "request_types"."deleted_at" IS NULL AND "request_types"."id" = 'dbc4ad97-8696-4a00-9423-3d4df65dbd59' LIMIT 1[0m
  ↳ app/controllers/api/v1/requests_controller.rb:22:in 'Api::V1::RequestsController#index'
  [1m[36mCACHE User Load (0.0ms)[0m  [1m[34mSELECT "users".* FROM "users" INNER JOIN "request_type_approvers" ON "users"."id" = "request_type_approvers"."user_id" WHERE "users"."deleted_at" IS NULL AND "request_type_approvers"."request_type_id" = 'dbc4ad97-8696-4a00-9423-3d4df65dbd59'[0m
  ↳ app/controllers/api/v1/requests_controller.rb:22:in 'Api::V1::RequestsController#index'
  [1m[36mCACHE User Load (0.0ms)[0m  [1m[34mSELECT "users".* FROM "users" WHERE "users"."deleted_at" IS NULL AND "users"."id" = 'a8b58455-32ed-4b42-af48-3bb969d2c5b8' LIMIT 1[0m
  ↳ app/controllers/api/v1/requests_controller.rb:22:in 'Api::V1::RequestsController#index'
  [1m[36mCACHE Rule Load (0.0ms)[0m  [1m[34mSELECT "rules".* FROM "rules" WHERE "rules"."deleted_at" IS NULL AND "rules"."id" = '48a78e3e-3f71-41f5-a9b5-01ff3306a6d0' LIMIT 1[0m
  ↳ app/controllers/api/v1/requests_controller.rb:22:in 'Api::V1::RequestsController#index'
  [1m[36mCACHE RequestType Load (0.0ms)[0m  [1m[34mSELECT "request_types".* FROM "request_types" WHERE "request_types"."deleted_at" IS NULL AND "request_types"."id" = 'dbc4ad97-8696-4a00-9423-3d4df65dbd59' LIMIT 1[0m
  ↳ app/controllers/api/v1/requests_controller.rb:22:in 'Api::V1::RequestsController#index'
  [1m[36mCACHE User Load (0.0ms)[0m  [1m[34mSELECT "users".* FROM "users" INNER JOIN "request_type_approvers" ON "users"."id" = "request_type_approvers"."user_id" WHERE "users"."deleted_at" IS NULL AND "request_type_approvers"."request_type_id" = 'dbc4ad97-8696-4a00-9423-3d4df65dbd59'[0m
  ↳ app/controllers/api/v1/requests_controller.rb:22:in 'Api::V1::RequestsController#index'
  [1m[36mCACHE User Load (0.0ms)[0m  [1m[34mSELECT "users".* FROM "users" WHERE "users"."deleted_at" IS NULL AND "users"."id" = 'a8b58455-32ed-4b42-af48-3bb969d2c5b8' LIMIT 1[0m
  ↳ app/controllers/api/v1/requests_controller.rb:22:in 'Api::V1::RequestsController#index'
  [1m[36mRule Load (0.4ms)[0m  [1m[34mSELECT "rules".* FROM "rules" WHERE "rules"."deleted_at" IS NULL AND "rules"."id" = '8a1dd6be-6d3e-43cb-86c0-7b9c09bb6f91' LIMIT 1 /*action='index',application='ApprovalEngine',controller='requests'*/[0m
  ↳ app/controllers/api/v1/requests_controller.rb:22:in 'Api::V1::RequestsController#index'
  [1m[36mCACHE User Load (0.0ms)[0m  [1m[34mSELECT "users".* FROM "users" WHERE "users"."deleted_at" IS NULL AND "users"."id" = 'a8b58455-32ed-4b42-af48-3bb969d2c5b8' LIMIT 1[0m
  ↳ app/controllers/api/v1/requests_controller.rb:22:in 'Api::V1::RequestsController#index'
  [1m[36mCACHE Rule Load (0.0ms)[0m  [1m[34mSELECT "rules".* FROM "rules" WHERE "rules"."deleted_at" IS NULL AND "rules"."id" = 'bf0d0cb8-758c-434f-beb1-e73dee813eec' LIMIT 1[0m
  ↳ app/controllers/api/v1/requests_controller.rb:22:in 'Api::V1::RequestsController#index'
  [1m[36mCACHE RequestType Load (0.0ms)[0m  [1m[34mSELECT "request_types".* FROM "request_types" WHERE "request_types"."deleted_at" IS NULL AND "request_types"."id" = '1f5dd956-b4d1-456e-a5ea-d3c63ebde7b8' LIMIT 1[0m
  ↳ app/controllers/api/v1/requests_controller.rb:22:in 'Api::V1::RequestsController#index'
  [1m[36mCACHE User Load (0.0ms)[0m  [1m[34mSELECT "users".* FROM "users" INNER JOIN "request_type_approvers" ON "users"."id" = "request_type_approvers"."user_id" WHERE "users"."deleted_at" IS NULL AND "request_type_approvers"."request_type_id" = '1f5dd956-b4d1-456e-a5ea-d3c63ebde7b8'[0m
  ↳ app/controllers/api/v1/requests_controller.rb:22:in 'Api::V1::RequestsController#index'
  [1m[36mCACHE User Load (0.0ms)[0m  [1m[34mSELECT "users".* FROM "users" WHERE "users"."deleted_at" IS NULL AND "users"."id" = 'a8b58455-32ed-4b42-af48-3bb969d2c5b8' LIMIT 1[0m
  ↳ app/controllers/api/v1/requests_controller.rb:22:in 'Api::V1::RequestsController#index'
  [1m[36mRule Load (0.2ms)[0m  [1m[34mSELECT "rules".* FROM "rules" WHERE "rules"."deleted_at" IS NULL AND "rules"."id" = '4f5a2b27-f6dd-47a0-ba23-bb8b1c83d65f' LIMIT 1 /*action='index',application='ApprovalEngine',controller='requests'*/[0m
  ↳ app/controllers/api/v1/requests_controller.rb:22:in 'Api::V1::RequestsController#index'
  [1m[36mCACHE RequestType Load (0.0ms)[0m  [1m[34mSELECT "request_types".* FROM "request_types" WHERE "request_types"."deleted_at" IS NULL AND "request_types"."id" = 'dbc4ad97-8696-4a00-9423-3d4df65dbd59' LIMIT 1[0m
  ↳ app/controllers/api/v1/requests_controller.rb:22:in 'Api::V1::RequestsController#index'
  [1m[36mCACHE User Load (0.0ms)[0m  [1m[34mSELECT "users".* FROM "users" INNER JOIN "request_type_approvers" ON "users"."id" = "request_type_approvers"."user_id" WHERE "users"."deleted_at" IS NULL AND "request_type_approvers"."request_type_id" = 'dbc4ad97-8696-4a00-9423-3d4df65dbd59'[0m
  ↳ app/controllers/api/v1/requests_controller.rb:22:in 'Api::V1::RequestsController#index'
  [1m[36mCACHE Rule Load (0.0ms)[0m  [1m[34mSELECT "rules".* FROM "rules" WHERE "rules"."deleted_at" IS NULL AND "rules"."id" = 'bf0d0cb8-758c-434f-beb1-e73dee813eec' LIMIT 1[0m
  ↳ app/controllers/api/v1/requests_controller.rb:22:in 'Api::V1::RequestsController#index'
  [1m[36mCACHE RequestType Load (0.0ms)[0m  [1m[34mSELECT "request_types".* FROM "request_types" WHERE "request_types"."deleted_at" IS NULL AND "request_types"."id" = '1f5dd956-b4d1-456e-a5ea-d3c63ebde7b8' LIMIT 1[0m
  ↳ app/controllers/api/v1/requests_controller.rb:22:in 'Api::V1::RequestsController#index'
  [1m[36mCACHE User Load (0.0ms)[0m  [1m[34mSELECT "users".* FROM "users" INNER JOIN "request_type_approvers" ON "users"."id" = "request_type_approvers"."user_id" WHERE "users"."deleted_at" IS NULL AND "request_type_approvers"."request_type_id" = '1f5dd956-b4d1-456e-a5ea-d3c63ebde7b8'[0m
  ↳ app/controllers/api/v1/requests_controller.rb:22:in 'Api::V1::RequestsController#index'
  [1m[36mCACHE Rule Load (0.0ms)[0m  [1m[34mSELECT "rules".* FROM "rules" WHERE "rules"."deleted_at" IS NULL AND "rules"."id" = '48a78e3e-3f71-41f5-a9b5-01ff3306a6d0' LIMIT 1[0m
  ↳ app/controllers/api/v1/requests_controller.rb:22:in 'Api::V1::RequestsController#index'
  [1m[36mCACHE RequestType Load (0.0ms)[0m  [1m[34mSELECT "request_types".* FROM "request_types" WHERE "request_types"."deleted_at" IS NULL AND "request_types"."id" = 'dbc4ad97-8696-4a00-9423-3d4df65dbd59' LIMIT 1[0m
  ↳ app/controllers/api/v1/requests_controller.rb:22:in 'Api::V1::RequestsController#index'
  [1m[36mCACHE User Load (0.0ms)[0m  [1m[34mSELECT "users".* FROM "users" INNER JOIN "request_type_approvers" ON "users"."id" = "request_type_approvers"."user_id" WHERE "users"."deleted_at" IS NULL AND "request_type_approvers"."request_type_id" = 'dbc4ad97-8696-4a00-9423-3d4df65dbd59'[0m
  ↳ app/controllers/api/v1/requests_controller.rb:22:in 'Api::V1::RequestsController#index'
  [1m[36mCACHE User Load (0.0ms)[0m  [1m[34mSELECT "users".* FROM "users" WHERE "users"."deleted_at" IS NULL AND "users"."id" = 'a8b58455-32ed-4b42-af48-3bb969d2c5b8' LIMIT 1[0m
  ↳ app/controllers/api/v1/requests_controller.rb:22:in 'Api::V1::RequestsController#index'
  [1m[36mRule Load (0.3ms)[0m  [1m[34mSELECT "rules".* FROM "rules" WHERE "rules"."deleted_at" IS NULL AND "rules"."id" = '1080d429-9d8c-4294-bf05-4b56efcf7824' LIMIT 1 /*action='index',application='ApprovalEngine',controller='requests'*/[0m
  ↳ app/controllers/api/v1/requests_controller.rb:22:in 'Api::V1::RequestsController#index'
  [1m[36mCACHE RequestType Load (0.0ms)[0m  [1m[34mSELECT "request_types".* FROM "request_types" WHERE "request_types"."deleted_at" IS NULL AND "request_types"."id" = '1f5dd956-b4d1-456e-a5ea-d3c63ebde7b8' LIMIT 1[0m
  ↳ app/controllers/api/v1/requests_controller.rb:22:in 'Api::V1::RequestsController#index'
  [1m[36mCACHE User Load (0.0ms)[0m  [1m[34mSELECT "users".* FROM "users" INNER JOIN "request_type_approvers" ON "users"."id" = "request_type_approvers"."user_id" WHERE "users"."deleted_at" IS NULL AND "request_type_approvers"."request_type_id" = '1f5dd956-b4d1-456e-a5ea-d3c63ebde7b8'[0m
  ↳ app/controllers/api/v1/requests_controller.rb:22:in 'Api::V1::RequestsController#index'
Completed 200 OK in 52ms (Views: 0.2ms | ActiveRecord: 3.7ms (44 queries, 27 cached) | GC: 15.0ms)


Started GET "/api/v1/request_types?page=1" for ::1 at 2026-02-08 22:13:34 +0530
Processing by Api::V1::RequestTypesController#index as HTML
  Parameters: {"page" => "1"}
  [1m[36mUser Load (0.4ms)[0m  [1m[34mSELECT "users".* FROM "users" WHERE "users"."deleted_at" IS NULL AND "users"."id" = 'a8b58455-32ed-4b42-af48-3bb969d2c5b8' LIMIT 1 /*action='index',application='ApprovalEngine',controller='request_types'*/[0m
  ↳ app/controllers/concerns/authenticatable.rb:20:in 'Authenticatable#authenticate_user'
  [1m[36mTenant Load (0.2ms)[0m  [1m[34mSELECT "tenants".* FROM "tenants" WHERE "tenants"."deleted_at" IS NULL AND "tenants"."id" = 'aa29ef8c-86bf-413d-9ea9-ed2c4360c3a5' LIMIT 1 /*action='index',application='ApprovalEngine',controller='request_types'*/[0m
  ↳ app/controllers/api/v1/request_types_controller.rb:6:in 'Api::V1::RequestTypesController#index'
  [1m[36mRequestType Count (0.2ms)[0m  [1m[34mSELECT COUNT(*) FROM "request_types" WHERE "request_types"."deleted_at" IS NULL AND "request_types"."tenant_id" = 'aa29ef8c-86bf-413d-9ea9-ed2c4360c3a5' /*action='index',application='ApprovalEngine',controller='request_types'*/[0m
  ↳ app/controllers/api/v1/request_types_controller.rb:7:in 'Api::V1::RequestTypesController#index'
  [1m[36mRequestType Load (0.2ms)[0m  [1m[34mSELECT "request_types".* FROM "request_types" WHERE "request_types"."deleted_at" IS NULL AND "request_types"."tenant_id" = 'aa29ef8c-86bf-413d-9ea9-ed2c4360c3a5' LIMIT 10 OFFSET 0 /*action='index',application='ApprovalEngine',controller='request_types'*/[0m
  ↳ app/controllers/api/v1/request_types_controller.rb:13:in 'Api::V1::RequestTypesController#index'
  [1m[36mRequestTypeApprover Load (0.2ms)[0m  [1m[34mSELECT "request_type_approvers".* FROM "request_type_approvers" WHERE "request_type_approvers"."request_type_id" IN ('dbc4ad97-8696-4a00-9423-3d4df65dbd59', '1f5dd956-b4d1-456e-a5ea-d3c63ebde7b8') /*action='index',application='ApprovalEngine',controller='request_types'*/[0m
  ↳ app/controllers/api/v1/request_types_controller.rb:13:in 'Api::V1::RequestTypesController#index'
  [1m[36mUser Load (0.2ms)[0m  [1m[34mSELECT "users".* FROM "users" WHERE "users"."deleted_at" IS NULL AND "users"."id" IN ('24c0e984-3d03-44c6-bdb3-9e397ba9d8c2', '37ec41c9-c494-4128-bb94-07c2b87ad9e6') /*action='index',application='ApprovalEngine',controller='request_types'*/[0m
  ↳ app/controllers/api/v1/request_types_controller.rb:13:in 'Api::V1::RequestTypesController#index'
Completed 200 OK in 10ms (Views: 0.1ms | ActiveRecord: 1.5ms (6 queries, 0 cached) | GC: 1.2ms)


Started GET "/api/v1/request_types?page=1" for ::1 at 2026-02-08 22:13:40 +0530
Processing by Api::V1::RequestTypesController#index as HTML
  Parameters: {"page" => "1"}
  [1m[36mUser Load (0.5ms)[0m  [1m[34mSELECT "users".* FROM "users" WHERE "users"."deleted_at" IS NULL AND "users"."id" = 'a8b58455-32ed-4b42-af48-3bb969d2c5b8' LIMIT 1 /*action='index',application='ApprovalEngine',controller='request_types'*/[0m
  ↳ app/controllers/concerns/authenticatable.rb:20:in 'Authenticatable#authenticate_user'
  [1m[36mTenant Load (0.4ms)[0m  [1m[34mSELECT "tenants".* FROM "tenants" WHERE "tenants"."deleted_at" IS NULL AND "tenants"."id" = 'aa29ef8c-86bf-413d-9ea9-ed2c4360c3a5' LIMIT 1 /*action='index',application='ApprovalEngine',controller='request_types'*/[0m
  ↳ app/controllers/api/v1/request_types_controller.rb:6:in 'Api::V1::RequestTypesController#index'
  [1m[36mRequestType Count (0.2ms)[0m  [1m[34mSELECT COUNT(*) FROM "request_types" WHERE "request_types"."deleted_at" IS NULL AND "request_types"."tenant_id" = 'aa29ef8c-86bf-413d-9ea9-ed2c4360c3a5' /*action='index',application='ApprovalEngine',controller='request_types'*/[0m
  ↳ app/controllers/api/v1/request_types_controller.rb:7:in 'Api::V1::RequestTypesController#index'
  [1m[36mRequestType Load (0.2ms)[0m  [1m[34mSELECT "request_types".* FROM "request_types" WHERE "request_types"."deleted_at" IS NULL AND "request_types"."tenant_id" = 'aa29ef8c-86bf-413d-9ea9-ed2c4360c3a5' LIMIT 10 OFFSET 0 /*action='index',application='ApprovalEngine',controller='request_types'*/[0m
  ↳ app/controllers/api/v1/request_types_controller.rb:13:in 'Api::V1::RequestTypesController#index'
  [1m[36mRequestTypeApprover Load (0.2ms)[0m  [1m[34mSELECT "request_type_approvers".* FROM "request_type_approvers" WHERE "request_type_approvers"."request_type_id" IN ('dbc4ad97-8696-4a00-9423-3d4df65dbd59', '1f5dd956-b4d1-456e-a5ea-d3c63ebde7b8') /*action='index',application='ApprovalEngine',controller='request_types'*/[0m
  ↳ app/controllers/api/v1/request_types_controller.rb:13:in 'Api::V1::RequestTypesController#index'
  [1m[36mUser Load (0.1ms)[0m  [1m[34mSELECT "users".* FROM "users" WHERE "users"."deleted_at" IS NULL AND "users"."id" IN ('24c0e984-3d03-44c6-bdb3-9e397ba9d8c2', '37ec41c9-c494-4128-bb94-07c2b87ad9e6') /*action='index',application='ApprovalEngine',controller='request_types'*/[0m
  ↳ app/controllers/api/v1/request_types_controller.rb:13:in 'Api::V1::RequestTypesController#index'
Completed 200 OK in 9ms (Views: 0.1ms | ActiveRecord: 1.7ms (6 queries, 0 cached) | GC: 0.8ms)


Started GET "/api/v1/approver/requests?page=1" for ::1 at 2026-02-08 22:20:29 +0530
Processing by Api::V1::Approver::RequestsController#index as HTML
  Parameters: {"page" => "1"}
  [1m[36mUser Load (0.4ms)[0m  [1m[34mSELECT "users".* FROM "users" WHERE "users"."deleted_at" IS NULL AND "users"."id" = 'a8b58455-32ed-4b42-af48-3bb969d2c5b8' LIMIT 1 /*action='index',application='ApprovalEngine',controller='requests'*/[0m
  ↳ app/controllers/concerns/authenticatable.rb:20:in 'Authenticatable#authenticate_user'
  [1m[36mRequest Count (0.5ms)[0m  [1m[34mSELECT COUNT(*) FROM "requests" WHERE "requests"."status" = 'pending_approval' AND "requests"."tenant_id" = 'aa29ef8c-86bf-413d-9ea9-ed2c4360c3a5' /*action='index',application='ApprovalEngine',controller='requests'*/[0m
  ↳ app/controllers/api/v1/approver/requests_controller.rb:24:in 'Api::V1::Approver::RequestsController#index'
  [1m[36mRequest Load (0.2ms)[0m  [1m[34mSELECT "requests".* FROM "requests" WHERE "requests"."status" = 'pending_approval' AND "requests"."tenant_id" = 'aa29ef8c-86bf-413d-9ea9-ed2c4360c3a5' LIMIT 10 OFFSET 0 /*action='index',application='ApprovalEngine',controller='requests'*/[0m
  ↳ app/controllers/api/v1/approver/requests_controller.rb:30:in 'Api::V1::Approver::RequestsController#index'
Completed 200 OK in 20ms (Views: 0.1ms | ActiveRecord: 3.8ms (3 queries, 0 cached) | GC: 0.7ms)


Started GET "/api/v1/requests?page=1" for ::1 at 2026-02-08 22:20:31 +0530
Started GET "/api/v1/approver/requests?page=1" for ::1 at 2026-02-08 22:20:31 +0530
Processing by Api::V1::RequestsController#index as HTML
  Parameters: {"page" => "1"}
Processing by Api::V1::Approver::RequestsController#index as HTML
  Parameters: {"page" => "1"}
  [1m[36mUser Load (1.4ms)[0m  [1m[34mSELECT "users".* FROM "users" WHERE "users"."deleted_at" IS NULL AND "users"."id" = 'a8b58455-32ed-4b42-af48-3bb969d2c5b8' LIMIT 1 /*action='index',application='ApprovalEngine',controller='requests'*/[0m
  ↳ app/controllers/concerns/authenticatable.rb:20:in 'Authenticatable#authenticate_user'
  [1m[36mTenant Load (0.3ms)[0m  [1m[34mSELECT "tenants".* FROM "tenants" WHERE "tenants"."deleted_at" IS NULL AND "tenants"."id" = 'aa29ef8c-86bf-413d-9ea9-ed2c4360c3a5' LIMIT 1 /*action='index',application='ApprovalEngine',controller='requests'*/[0m
  ↳ app/controllers/api/v1/requests_controller.rb:9:in 'Api::V1::RequestsController#index'
  [1m[36mRequest Count (0.2ms)[0m  [1m[34mSELECT COUNT(*) FROM "requests" WHERE "requests"."tenant_id" = 'aa29ef8c-86bf-413d-9ea9-ed2c4360c3a5' /*action='index',application='ApprovalEngine',controller='requests'*/[0m
  ↳ app/controllers/api/v1/requests_controller.rb:16:in 'Api::V1::RequestsController#index'
  [1m[36mRequest Load (0.2ms)[0m  [1m[34mSELECT "requests".* FROM "requests" WHERE "requests"."tenant_id" = 'aa29ef8c-86bf-413d-9ea9-ed2c4360c3a5' LIMIT 10 OFFSET 0 /*action='index',application='ApprovalEngine',controller='requests'*/[0m
  ↳ app/controllers/api/v1/requests_controller.rb:22:in 'Api::V1::RequestsController#index'
  [1m[36mUser Load (0.3ms)[0m  [1m[34mSELECT "users".* FROM "users" WHERE "users"."deleted_at" IS NULL AND "users"."id" IN ('fe43d2ce-b8cd-4d8e-b6ed-2bd799945724', '37ec41c9-c494-4128-bb94-07c2b87ad9e6', '24c0e984-3d03-44c6-bdb3-9e397ba9d8c2') /*action='index',application='ApprovalEngine',controller='requests'*/[0m
  ↳ app/controllers/api/v1/requests_controller.rb:22:in 'Api::V1::RequestsController#index'
  [1m[36mRequestType Load (0.3ms)[0m  [1m[34mSELECT "request_types".* FROM "request_types" WHERE "request_types"."deleted_at" IS NULL AND "request_types"."id" IN ('dbc4ad97-8696-4a00-9423-3d4df65dbd59', '1f5dd956-b4d1-456e-a5ea-d3c63ebde7b8') /*action='index',application='ApprovalEngine',controller='requests'*/[0m
  ↳ app/controllers/api/v1/requests_controller.rb:22:in 'Api::V1::RequestsController#index'
  [1m[36mApproval Load (0.3ms)[0m  [1m[34mSELECT "approvals".* FROM "approvals" WHERE "approvals"."request_id" IN ('2250d943-5e91-418f-bb33-a65d48294246', '3349468a-bcfd-4c23-a10a-67f15e8ab049', '80a2e814-4ac5-4c14-aa03-65297f8e8a05', 'd31cb57e-3c91-4e86-a2d6-a850d791d93c', '907c2d07-9cb6-4d85-a45f-0909c013f7b3', '9bebdd1e-d5eb-4f0c-be3a-68caecd92ea5', 'e19d56e8-6d6c-4ac1-b939-e50ecdf6cdcb', 'f4b90444-bf2f-41a1-9ac4-c1925813404b', '59504973-a39c-45b4-8944-2caf42d8b290', 'c40b1942-ea39-425c-8541-297a8c1f9afa') /*action='index',application='ApprovalEngine',controller='requests'*/[0m
  ↳ app/controllers/api/v1/requests_controller.rb:22:in 'Api::V1::RequestsController#index'
  [1m[36mUser Load (0.4ms)[0m  [1m[34mSELECT "users".* FROM "users" INNER JOIN "request_type_approvers" ON "users"."id" = "request_type_approvers"."user_id" WHERE "users"."deleted_at" IS NULL AND "request_type_approvers"."request_type_id" = 'dbc4ad97-8696-4a00-9423-3d4df65dbd59' /*action='index',application='ApprovalEngine',controller='requests'*/[0m
  ↳ app/controllers/api/v1/requests_controller.rb:22:in 'Api::V1::RequestsController#index'
  [1m[36mRule Load (0.3ms)[0m  [1m[34mSELECT "rules".* FROM "rules" WHERE "rules"."deleted_at" IS NULL AND "rules"."id" = '4f5a2b27-f6dd-47a0-ba23-bb8b1c83d65f' LIMIT 1 /*action='index',application='ApprovalEngine',controller='requests'*/[0m
  ↳ app/controllers/api/v1/requests_controller.rb:22:in 'Api::V1::RequestsController#index'
  [1m[36mRequestType Load (0.2ms)[0m  [1m[34mSELECT "request_types".* FROM "request_types" WHERE "request_types"."deleted_at" IS NULL AND "request_types"."id" = 'dbc4ad97-8696-4a00-9423-3d4df65dbd59' LIMIT 1 /*action='index',application='ApprovalEngine',controller='requests'*/[0m
  ↳ app/controllers/api/v1/requests_controller.rb:22:in 'Api::V1::RequestsController#index'
  [1m[36mCACHE User Load (0.0ms)[0m  [1m[34mSELECT "users".* FROM "users" INNER JOIN "request_type_approvers" ON "users"."id" = "request_type_approvers"."user_id" WHERE "users"."deleted_at" IS NULL AND "request_type_approvers"."request_type_id" = 'dbc4ad97-8696-4a00-9423-3d4df65dbd59'[0m
  ↳ app/controllers/api/v1/requests_controller.rb:22:in 'Api::V1::RequestsController#index'
  [1m[36mCACHE Rule Load (0.0ms)[0m  [1m[34mSELECT "rules".* FROM "rules" WHERE "rules"."deleted_at" IS NULL AND "rules"."id" = '4f5a2b27-f6dd-47a0-ba23-bb8b1c83d65f' LIMIT 1[0m
  ↳ app/controllers/api/v1/requests_controller.rb:22:in 'Api::V1::RequestsController#index'
  [1m[36mCACHE RequestType Load (0.0ms)[0m  [1m[34mSELECT "request_types".* FROM "request_types" WHERE "request_types"."deleted_at" IS NULL AND "request_types"."id" = 'dbc4ad97-8696-4a00-9423-3d4df65dbd59' LIMIT 1[0m
  ↳ app/controllers/api/v1/requests_controller.rb:22:in 'Api::V1::RequestsController#index'
  [1m[36mCACHE User Load (0.0ms)[0m  [1m[34mSELECT "users".* FROM "users" INNER JOIN "request_type_approvers" ON "users"."id" = "request_type_approvers"."user_id" WHERE "users"."deleted_at" IS NULL AND "request_type_approvers"."request_type_id" = 'dbc4ad97-8696-4a00-9423-3d4df65dbd59'[0m
  ↳ app/controllers/api/v1/requests_controller.rb:22:in 'Api::V1::RequestsController#index'
  [1m[36mCACHE Rule Load (0.0ms)[0m  [1m[34mSELECT "rules".* FROM "rules" WHERE "rules"."deleted_at" IS NULL AND "rules"."id" = '4f5a2b27-f6dd-47a0-ba23-bb8b1c83d65f' LIMIT 1[0m
  ↳ app/controllers/api/v1/requests_controller.rb:22:in 'Api::V1::RequestsController#index'
  [1m[36mCACHE RequestType Load (0.0ms)[0m  [1m[34mSELECT "request_types".* FROM "request_types" WHERE "request_types"."deleted_at" IS NULL AND "request_types"."id" = 'dbc4ad97-8696-4a00-9423-3d4df65dbd59' LIMIT 1[0m
  ↳ app/controllers/api/v1/requests_controller.rb:22:in 'Api::V1::RequestsController#index'
  [1m[36mCACHE User Load (0.0ms)[0m  [1m[34mSELECT "users".* FROM "users" INNER JOIN "request_type_approvers" ON "users"."id" = "request_type_approvers"."user_id" WHERE "users"."deleted_at" IS NULL AND "request_type_approvers"."request_type_id" = 'dbc4ad97-8696-4a00-9423-3d4df65dbd59'[0m
  ↳ app/controllers/api/v1/requests_controller.rb:22:in 'Api::V1::RequestsController#index'
  [1m[36mUser Load (0.2ms)[0m  [1m[34mSELECT "users".* FROM "users" INNER JOIN "request_type_approvers" ON "users"."id" = "request_type_approvers"."user_id" WHERE "users"."deleted_at" IS NULL AND "request_type_approvers"."request_type_id" = '1f5dd956-b4d1-456e-a5ea-d3c63ebde7b8' /*action='index',application='ApprovalEngine',controller='requests'*/[0m
  ↳ app/controllers/api/v1/requests_controller.rb:22:in 'Api::V1::RequestsController#index'
  [1m[36mRule Load (0.2ms)[0m  [1m[34mSELECT "rules".* FROM "rules" WHERE "rules"."deleted_at" IS NULL AND "rules"."id" = '269d79fa-dc15-4468-a104-db1cf9dc960b' LIMIT 1 /*action='index',application='ApprovalEngine',controller='requests'*/[0m
  ↳ app/controllers/api/v1/requests_controller.rb:22:in 'Api::V1::RequestsController#index'
  [1m[36mRequestType Load (0.1ms)[0m  [1m[34mSELECT "request_types".* FROM "request_types" WHERE "request_types"."deleted_at" IS NULL AND "request_types"."id" = '1f5dd956-b4d1-456e-a5ea-d3c63ebde7b8' LIMIT 1 /*action='index',application='ApprovalEngine',controller='requests'*/[0m
  ↳ app/controllers/api/v1/requests_controller.rb:22:in 'Api::V1::RequestsController#index'
  [1m[36mCACHE User Load (0.0ms)[0m  [1m[34mSELECT "users".* FROM "users" INNER JOIN "request_type_approvers" ON "users"."id" = "request_type_approvers"."user_id" WHERE "users"."deleted_at" IS NULL AND "request_type_approvers"."request_type_id" = '1f5dd956-b4d1-456e-a5ea-d3c63ebde7b8'[0m
  ↳ app/controllers/api/v1/requests_controller.rb:22:in 'Api::V1::RequestsController#index'
  [1m[36mCACHE Rule Load (0.0ms)[0m  [1m[34mSELECT "rules".* FROM "rules" WHERE "rules"."deleted_at" IS NULL AND "rules"."id" = '269d79fa-dc15-4468-a104-db1cf9dc960b' LIMIT 1[0m
  ↳ app/controllers/api/v1/requests_controller.rb:22:in 'Api::V1::RequestsController#index'
  [1m[36mCACHE RequestType Load (0.0ms)[0m  [1m[34mSELECT "request_types".* FROM "request_types" WHERE "request_types"."deleted_at" IS NULL AND "request_types"."id" = '1f5dd956-b4d1-456e-a5ea-d3c63ebde7b8' LIMIT 1[0m
  ↳ app/controllers/api/v1/requests_controller.rb:22:in 'Api::V1::RequestsController#index'
  [1m[36mCACHE User Load (0.0ms)[0m  [1m[34mSELECT "users".* FROM "users" INNER JOIN "request_type_approvers" ON "users"."id" = "request_type_approvers"."user_id" WHERE "users"."deleted_at" IS NULL AND "request_type_approvers"."request_type_id" = '1f5dd956-b4d1-456e-a5ea-d3c63ebde7b8'[0m
  ↳ app/controllers/api/v1/requests_controller.rb:22:in 'Api::V1::RequestsController#index'
  [1m[36mCACHE Rule Load (0.0ms)[0m  [1m[34mSELECT "rules".* FROM "rules" WHERE "rules"."deleted_at" IS NULL AND "rules"."id" = '269d79fa-dc15-4468-a104-db1cf9dc960b' LIMIT 1[0m
  ↳ app/controllers/api/v1/requests_controller.rb:22:in 'Api::V1::RequestsController#index'
  [1m[36mCACHE RequestType Load (0.0ms)[0m  [1m[34mSELECT "request_types".* FROM "request_types" WHERE "request_types"."deleted_at" IS NULL AND "request_types"."id" = '1f5dd956-b4d1-456e-a5ea-d3c63ebde7b8' LIMIT 1[0m
  ↳ app/controllers/api/v1/requests_controller.rb:22:in 'Api::V1::RequestsController#index'
  [1m[36mCACHE User Load (0.0ms)[0m  [1m[34mSELECT "users".* FROM "users" INNER JOIN "request_type_approvers" ON "users"."id" = "request_type_approvers"."user_id" WHERE "users"."deleted_at" IS NULL AND "request_type_approvers"."request_type_id" = '1f5dd956-b4d1-456e-a5ea-d3c63ebde7b8'[0m
  ↳ app/controllers/api/v1/requests_controller.rb:22:in 'Api::V1::RequestsController#index'
  [1m[36mUser Load (1.1ms)[0m  [1m[34mSELECT "users".* FROM "users" WHERE "users"."deleted_at" IS NULL AND "users"."id" = 'a8b58455-32ed-4b42-af48-3bb969d2c5b8' LIMIT 1 /*action='index',application='ApprovalEngine',controller='requests'*/[0m
  ↳ app/controllers/concerns/authenticatable.rb:20:in 'Authenticatable#authenticate_user'
  [1m[36mRule Load (1.1ms)[0m  [1m[34mSELECT "rules".* FROM "rules" WHERE "rules"."deleted_at" IS NULL AND "rules"."id" = '6d9b88af-a02d-4d3c-8099-8cb7fb3a2d4a' LIMIT 1 /*action='index',application='ApprovalEngine',controller='requests'*/[0m
  ↳ app/controllers/api/v1/requests_controller.rb:22:in 'Api::V1::RequestsController#index'
  [1m[36mCACHE RequestType Load (0.0ms)[0m  [1m[34mSELECT "request_types".* FROM "request_types" WHERE "request_types"."deleted_at" IS NULL AND "request_types"."id" = 'dbc4ad97-8696-4a00-9423-3d4df65dbd59' LIMIT 1[0m
  ↳ app/controllers/api/v1/requests_controller.rb:22:in 'Api::V1::RequestsController#index'
  [1m[36mRequest Count (1.0ms)[0m  [1m[34mSELECT COUNT(*) FROM "requests" WHERE "requests"."status" = 'pending_approval' AND "requests"."tenant_id" = 'aa29ef8c-86bf-413d-9ea9-ed2c4360c3a5' /*action='index',application='ApprovalEngine',controller='requests'*/[0m
  [1m[36mCACHE User Load (0.0ms)[0m  [1m[34mSELECT "users".* FROM "users" INNER JOIN "request_type_approvers" ON "users"."id" = "request_type_approvers"."user_id" WHERE "users"."deleted_at" IS NULL AND "request_type_approvers"."request_type_id" = 'dbc4ad97-8696-4a00-9423-3d4df65dbd59'[0m
  ↳ app/controllers/api/v1/approver/requests_controller.rb:24:in 'Api::V1::Approver::RequestsController#index'
  ↳ app/controllers/api/v1/requests_controller.rb:22:in 'Api::V1::RequestsController#index'
  [1m[36mCACHE Rule Load (0.0ms)[0m  [1m[34mSELECT "rules".* FROM "rules" WHERE "rules"."deleted_at" IS NULL AND "rules"."id" = '6d9b88af-a02d-4d3c-8099-8cb7fb3a2d4a' LIMIT 1[0m
  ↳ app/controllers/api/v1/requests_controller.rb:22:in 'Api::V1::RequestsController#index'
  [1m[36mCACHE RequestType Load (0.0ms)[0m  [1m[34mSELECT "request_types".* FROM "request_types" WHERE "request_types"."deleted_at" IS NULL AND "request_types"."id" = 'dbc4ad97-8696-4a00-9423-3d4df65dbd59' LIMIT 1[0m
  ↳ app/controllers/api/v1/requests_controller.rb:22:in 'Api::V1::RequestsController#index'
  [1m[36mRequest Load (1.2ms)[0m  [1m[34mSELECT "requests".* FROM "requests" WHERE "requests"."status" = 'pending_approval' AND "requests"."tenant_id" = 'aa29ef8c-86bf-413d-9ea9-ed2c4360c3a5' LIMIT 10 OFFSET 0 /*action='index',application='ApprovalEngine',controller='requests'*/[0m
  [1m[36mCACHE User Load (0.0ms)[0m  [1m[34mSELECT "users".* FROM "users" INNER JOIN "request_type_approvers" ON "users"."id" = "request_type_approvers"."user_id" WHERE "users"."deleted_at" IS NULL AND "request_type_approvers"."request_type_id" = 'dbc4ad97-8696-4a00-9423-3d4df65dbd59'[0m
  ↳ app/controllers/api/v1/approver/requests_controller.rb:30:in 'Api::V1::Approver::RequestsController#index'
  ↳ app/controllers/api/v1/requests_controller.rb:22:in 'Api::V1::RequestsController#index'
Completed 200 OK in 31ms (Views: 0.1ms | ActiveRecord: 13.5ms (3 queries, 0 cached) | GC: 0.7ms)


  [1m[36mRule Load (0.4ms)[0m  [1m[34mSELECT "rules".* FROM "rules" WHERE "rules"."deleted_at" IS NULL AND "rules"."id" = '8a1dd6be-6d3e-43cb-86c0-7b9c09bb6f91' LIMIT 1 /*action='index',application='ApprovalEngine',controller='requests'*/[0m
  ↳ app/controllers/api/v1/requests_controller.rb:22:in 'Api::V1::RequestsController#index'
  [1m[36mRule Load (0.2ms)[0m  [1m[34mSELECT "rules".* FROM "rules" WHERE "rules"."deleted_at" IS NULL AND "rules"."id" = '48a78e3e-3f71-41f5-a9b5-01ff3306a6d0' LIMIT 1 /*action='index',application='ApprovalEngine',controller='requests'*/[0m
  ↳ app/controllers/api/v1/requests_controller.rb:22:in 'Api::V1::RequestsController#index'
  [1m[36mCACHE RequestType Load (0.0ms)[0m  [1m[34mSELECT "request_types".* FROM "request_types" WHERE "request_types"."deleted_at" IS NULL AND "request_types"."id" = 'dbc4ad97-8696-4a00-9423-3d4df65dbd59' LIMIT 1[0m
  ↳ app/controllers/api/v1/requests_controller.rb:22:in 'Api::V1::RequestsController#index'
  [1m[36mCACHE User Load (0.0ms)[0m  [1m[34mSELECT "users".* FROM "users" INNER JOIN "request_type_approvers" ON "users"."id" = "request_type_approvers"."user_id" WHERE "users"."deleted_at" IS NULL AND "request_type_approvers"."request_type_id" = 'dbc4ad97-8696-4a00-9423-3d4df65dbd59'[0m
  ↳ app/controllers/api/v1/requests_controller.rb:22:in 'Api::V1::RequestsController#index'
Completed 200 OK in 37ms (Views: 0.1ms | ActiveRecord: 6.4ms (37 queries, 21 cached) | GC: 1.4ms)


Started GET "/api/v1/requests?page=2" for ::1 at 2026-02-08 22:20:54 +0530
Processing by Api::V1::RequestsController#index as HTML
  Parameters: {"page" => "2"}
  [1m[36mUser Load (0.4ms)[0m  [1m[34mSELECT "users".* FROM "users" WHERE "users"."deleted_at" IS NULL AND "users"."id" = 'a8b58455-32ed-4b42-af48-3bb969d2c5b8' LIMIT 1 /*action='index',application='ApprovalEngine',controller='requests'*/[0m
  ↳ app/controllers/concerns/authenticatable.rb:20:in 'Authenticatable#authenticate_user'
  [1m[36mTenant Load (0.3ms)[0m  [1m[34mSELECT "tenants".* FROM "tenants" WHERE "tenants"."deleted_at" IS NULL AND "tenants"."id" = 'aa29ef8c-86bf-413d-9ea9-ed2c4360c3a5' LIMIT 1 /*action='index',application='ApprovalEngine',controller='requests'*/[0m
  ↳ app/controllers/api/v1/requests_controller.rb:9:in 'Api::V1::RequestsController#index'
  [1m[36mRequest Count (0.2ms)[0m  [1m[34mSELECT COUNT(*) FROM "requests" WHERE "requests"."tenant_id" = 'aa29ef8c-86bf-413d-9ea9-ed2c4360c3a5' /*action='index',application='ApprovalEngine',controller='requests'*/[0m
  ↳ app/controllers/api/v1/requests_controller.rb:16:in 'Api::V1::RequestsController#index'
  [1m[36mRequest Load (0.2ms)[0m  [1m[34mSELECT "requests".* FROM "requests" WHERE "requests"."tenant_id" = 'aa29ef8c-86bf-413d-9ea9-ed2c4360c3a5' LIMIT 10 OFFSET 10 /*action='index',application='ApprovalEngine',controller='requests'*/[0m
  ↳ app/controllers/api/v1/requests_controller.rb:22:in 'Api::V1::RequestsController#index'
  [1m[36mUser Load (0.3ms)[0m  [1m[34mSELECT "users".* FROM "users" WHERE "users"."deleted_at" IS NULL AND "users"."id" IN ('24c0e984-3d03-44c6-bdb3-9e397ba9d8c2', '37ec41c9-c494-4128-bb94-07c2b87ad9e6', 'fe43d2ce-b8cd-4d8e-b6ed-2bd799945724', 'e3143983-a8ea-40e8-b2e5-399b41d73282') /*action='index',application='ApprovalEngine',controller='requests'*/[0m
  ↳ app/controllers/api/v1/requests_controller.rb:22:in 'Api::V1::RequestsController#index'
  [1m[36mRequestType Load (0.3ms)[0m  [1m[34mSELECT "request_types".* FROM "request_types" WHERE "request_types"."deleted_at" IS NULL AND "request_types"."id" IN ('1f5dd956-b4d1-456e-a5ea-d3c63ebde7b8', 'dbc4ad97-8696-4a00-9423-3d4df65dbd59') /*action='index',application='ApprovalEngine',controller='requests'*/[0m
  ↳ app/controllers/api/v1/requests_controller.rb:22:in 'Api::V1::RequestsController#index'
  [1m[36mApproval Load (0.3ms)[0m  [1m[34mSELECT "approvals".* FROM "approvals" WHERE "approvals"."request_id" IN ('40873ba3-35c3-4506-82e6-4f595ba5634c', '98dec99d-ce2c-4268-97d7-ebc7d5a6b62d', '185afc40-3aa9-4a26-8177-8d7bca45870c', '174d6d3c-993e-47b4-a309-3e63cb94c137', '145440e7-7ef4-4652-ae0e-e79515aac035', '4953134c-7c5c-4a29-8132-50bd579fcec8', '45ea2a57-b83c-406c-9a91-e54605c89fa0', '5baae476-eb1d-407f-9cf0-a4addb60c542', '0b14874d-75a2-49ac-af54-7025e87f2935', '337744f0-b2c2-4474-8a70-3c3e2a1e5cca') /*action='index',application='ApprovalEngine',controller='requests'*/[0m
  ↳ app/controllers/api/v1/requests_controller.rb:22:in 'Api::V1::RequestsController#index'
  [1m[36mUser Load (0.4ms)[0m  [1m[34mSELECT "users".* FROM "users" INNER JOIN "request_type_approvers" ON "users"."id" = "request_type_approvers"."user_id" WHERE "users"."deleted_at" IS NULL AND "request_type_approvers"."request_type_id" = '1f5dd956-b4d1-456e-a5ea-d3c63ebde7b8' /*action='index',application='ApprovalEngine',controller='requests'*/[0m
  ↳ app/controllers/api/v1/requests_controller.rb:22:in 'Api::V1::RequestsController#index'
  [1m[36mRule Load (0.4ms)[0m  [1m[34mSELECT "rules".* FROM "rules" WHERE "rules"."deleted_at" IS NULL AND "rules"."id" = 'bf0d0cb8-758c-434f-beb1-e73dee813eec' LIMIT 1 /*action='index',application='ApprovalEngine',controller='requests'*/[0m
  ↳ app/controllers/api/v1/requests_controller.rb:22:in 'Api::V1::RequestsController#index'
  [1m[36mRequestType Load (0.1ms)[0m  [1m[34mSELECT "request_types".* FROM "request_types" WHERE "request_types"."deleted_at" IS NULL AND "request_types"."id" = '1f5dd956-b4d1-456e-a5ea-d3c63ebde7b8' LIMIT 1 /*action='index',application='ApprovalEngine',controller='requests'*/[0m
  ↳ app/controllers/api/v1/requests_controller.rb:22:in 'Api::V1::RequestsController#index'
  [1m[36mCACHE User Load (0.0ms)[0m  [1m[34mSELECT "users".* FROM "users" INNER JOIN "request_type_approvers" ON "users"."id" = "request_type_approvers"."user_id" WHERE "users"."deleted_at" IS NULL AND "request_type_approvers"."request_type_id" = '1f5dd956-b4d1-456e-a5ea-d3c63ebde7b8'[0m
  ↳ app/controllers/api/v1/requests_controller.rb:22:in 'Api::V1::RequestsController#index'
  [1m[36mUser Load (0.2ms)[0m  [1m[34mSELECT "users".* FROM "users" INNER JOIN "request_type_approvers" ON "users"."id" = "request_type_approvers"."user_id" WHERE "users"."deleted_at" IS NULL AND "request_type_approvers"."request_type_id" = 'dbc4ad97-8696-4a00-9423-3d4df65dbd59' /*action='index',application='ApprovalEngine',controller='requests'*/[0m
  ↳ app/controllers/api/v1/requests_controller.rb:22:in 'Api::V1::RequestsController#index'
  [1m[36mCACHE User Load (0.0ms)[0m  [1m[34mSELECT "users".* FROM "users" WHERE "users"."deleted_at" IS NULL AND "users"."id" = 'a8b58455-32ed-4b42-af48-3bb969d2c5b8' LIMIT 1[0m
  ↳ app/controllers/api/v1/requests_controller.rb:22:in 'Api::V1::RequestsController#index'
  [1m[36mRule Load (0.2ms)[0m  [1m[34mSELECT "rules".* FROM "rules" WHERE "rules"."deleted_at" IS NULL AND "rules"."id" = '6d9b88af-a02d-4d3c-8099-8cb7fb3a2d4a' LIMIT 1 /*action='index',application='ApprovalEngine',controller='requests'*/[0m
  ↳ app/controllers/api/v1/requests_controller.rb:22:in 'Api::V1::RequestsController#index'
  [1m[36mRequestType Load (0.2ms)[0m  [1m[34mSELECT "request_types".* FROM "request_types" WHERE "request_types"."deleted_at" IS NULL AND "request_types"."id" = 'dbc4ad97-8696-4a00-9423-3d4df65dbd59' LIMIT 1 /*action='index',application='ApprovalEngine',controller='requests'*/[0m
  ↳ app/controllers/api/v1/requests_controller.rb:22:in 'Api::V1::RequestsController#index'
  [1m[36mCACHE User Load (0.0ms)[0m  [1m[34mSELECT "users".* FROM "users" INNER JOIN "request_type_approvers" ON "users"."id" = "request_type_approvers"."user_id" WHERE "users"."deleted_at" IS NULL AND "request_type_approvers"."request_type_id" = 'dbc4ad97-8696-4a00-9423-3d4df65dbd59'[0m
  ↳ app/controllers/api/v1/requests_controller.rb:22:in 'Api::V1::RequestsController#index'
  [1m[36mCACHE User Load (0.0ms)[0m  [1m[34mSELECT "users".* FROM "users" WHERE "users"."deleted_at" IS NULL AND "users"."id" = 'a8b58455-32ed-4b42-af48-3bb969d2c5b8' LIMIT 1[0m
  ↳ app/controllers/api/v1/requests_controller.rb:22:in 'Api::V1::RequestsController#index'
  [1m[36mRule Load (0.1ms)[0m  [1m[34mSELECT "rules".* FROM "rules" WHERE "rules"."deleted_at" IS NULL AND "rules"."id" = '48a78e3e-3f71-41f5-a9b5-01ff3306a6d0' LIMIT 1 /*action='index',application='ApprovalEngine',controller='requests'*/[0m
  ↳ app/controllers/api/v1/requests_controller.rb:22:in 'Api::V1::RequestsController#index'
  [1m[36mCACHE RequestType Load (0.0ms)[0m  [1m[34mSELECT "request_types".* FROM "request_types" WHERE "request_types"."deleted_at" IS NULL AND "request_types"."id" = 'dbc4ad97-8696-4a00-9423-3d4df65dbd59' LIMIT 1[0m
  ↳ app/controllers/api/v1/requests_controller.rb:22:in 'Api::V1::RequestsController#index'
  [1m[36mCACHE User Load (0.0ms)[0m  [1m[34mSELECT "users".* FROM "users" INNER JOIN "request_type_approvers" ON "users"."id" = "request_type_approvers"."user_id" WHERE "users"."deleted_at" IS NULL AND "request_type_approvers"."request_type_id" = 'dbc4ad97-8696-4a00-9423-3d4df65dbd59'[0m
  ↳ app/controllers/api/v1/requests_controller.rb:22:in 'Api::V1::RequestsController#index'
  [1m[36mCACHE User Load (0.0ms)[0m  [1m[34mSELECT "users".* FROM "users" WHERE "users"."deleted_at" IS NULL AND "users"."id" = 'a8b58455-32ed-4b42-af48-3bb969d2c5b8' LIMIT 1[0m
  ↳ app/controllers/api/v1/requests_controller.rb:22:in 'Api::V1::RequestsController#index'
  [1m[36mCACHE Rule Load (0.0ms)[0m  [1m[34mSELECT "rules".* FROM "rules" WHERE "rules"."deleted_at" IS NULL AND "rules"."id" = '48a78e3e-3f71-41f5-a9b5-01ff3306a6d0' LIMIT 1[0m
  ↳ app/controllers/api/v1/requests_controller.rb:22:in 'Api::V1::RequestsController#index'
  [1m[36mCACHE RequestType Load (0.0ms)[0m  [1m[34mSELECT "request_types".* FROM "request_types" WHERE "request_types"."deleted_at" IS NULL AND "request_types"."id" = 'dbc4ad97-8696-4a00-9423-3d4df65dbd59' LIMIT 1[0m
  ↳ app/controllers/api/v1/requests_controller.rb:22:in 'Api::V1::RequestsController#index'
  [1m[36mCACHE User Load (0.0ms)[0m  [1m[34mSELECT "users".* FROM "users" INNER JOIN "request_type_approvers" ON "users"."id" = "request_type_approvers"."user_id" WHERE "users"."deleted_at" IS NULL AND "request_type_approvers"."request_type_id" = 'dbc4ad97-8696-4a00-9423-3d4df65dbd59'[0m
  ↳ app/controllers/api/v1/requests_controller.rb:22:in 'Api::V1::RequestsController#index'
  [1m[36mCACHE User Load (0.0ms)[0m  [1m[34mSELECT "users".* FROM "users" WHERE "users"."deleted_at" IS NULL AND "users"."id" = 'a8b58455-32ed-4b42-af48-3bb969d2c5b8' LIMIT 1[0m
  ↳ app/controllers/api/v1/requests_controller.rb:22:in 'Api::V1::RequestsController#index'
  [1m[36mRule Load (0.2ms)[0m  [1m[34mSELECT "rules".* FROM "rules" WHERE "rules"."deleted_at" IS NULL AND "rules"."id" = '8a1dd6be-6d3e-43cb-86c0-7b9c09bb6f91' LIMIT 1 /*action='index',application='ApprovalEngine',controller='requests'*/[0m
  ↳ app/controllers/api/v1/requests_controller.rb:22:in 'Api::V1::RequestsController#index'
  [1m[36mCACHE User Load (0.0ms)[0m  [1m[34mSELECT "users".* FROM "users" WHERE "users"."deleted_at" IS NULL AND "users"."id" = 'a8b58455-32ed-4b42-af48-3bb969d2c5b8' LIMIT 1[0m
  ↳ app/controllers/api/v1/requests_controller.rb:22:in 'Api::V1::RequestsController#index'
  [1m[36mCACHE Rule Load (0.0ms)[0m  [1m[34mSELECT "rules".* FROM "rules" WHERE "rules"."deleted_at" IS NULL AND "rules"."id" = 'bf0d0cb8-758c-434f-beb1-e73dee813eec' LIMIT 1[0m
  ↳ app/controllers/api/v1/requests_controller.rb:22:in 'Api::V1::RequestsController#index'
  [1m[36mCACHE RequestType Load (0.0ms)[0m  [1m[34mSELECT "request_types".* FROM "request_types" WHERE "request_types"."deleted_at" IS NULL AND "request_types"."id" = '1f5dd956-b4d1-456e-a5ea-d3c63ebde7b8' LIMIT 1[0m
  ↳ app/controllers/api/v1/requests_controller.rb:22:in 'Api::V1::RequestsController#index'
  [1m[36mCACHE User Load (0.0ms)[0m  [1m[34mSELECT "users".* FROM "users" INNER JOIN "request_type_approvers" ON "users"."id" = "request_type_approvers"."user_id" WHERE "users"."deleted_at" IS NULL AND "request_type_approvers"."request_type_id" = '1f5dd956-b4d1-456e-a5ea-d3c63ebde7b8'[0m
  ↳ app/controllers/api/v1/requests_controller.rb:22:in 'Api::V1::RequestsController#index'
  [1m[36mCACHE User Load (0.0ms)[0m  [1m[34mSELECT "users".* FROM "users" WHERE "users"."deleted_at" IS NULL AND "users"."id" = 'a8b58455-32ed-4b42-af48-3bb969d2c5b8' LIMIT 1[0m
  ↳ app/controllers/api/v1/requests_controller.rb:22:in 'Api::V1::RequestsController#index'
  [1m[36mRule Load (0.2ms)[0m  [1m[34mSELECT "rules".* FROM "rules" WHERE "rules"."deleted_at" IS NULL AND "rules"."id" = '4f5a2b27-f6dd-47a0-ba23-bb8b1c83d65f' LIMIT 1 /*action='index',application='ApprovalEngine',controller='requests'*/[0m
  ↳ app/controllers/api/v1/requests_controller.rb:22:in 'Api::V1::RequestsController#index'
  [1m[36mCACHE RequestType Load (0.0ms)[0m  [1m[34mSELECT "request_types".* FROM "request_types" WHERE "request_types"."deleted_at" IS NULL AND "request_types"."id" = 'dbc4ad97-8696-4a00-9423-3d4df65dbd59' LIMIT 1[0m
  ↳ app/controllers/api/v1/requests_controller.rb:22:in 'Api::V1::RequestsController#index'
  [1m[36mCACHE User Load (0.0ms)[0m  [1m[34mSELECT "users".* FROM "users" INNER JOIN "request_type_approvers" ON "users"."id" = "request_type_approvers"."user_id" WHERE "users"."deleted_at" IS NULL AND "request_type_approvers"."request_type_id" = 'dbc4ad97-8696-4a00-9423-3d4df65dbd59'[0m
  ↳ app/controllers/api/v1/requests_controller.rb:22:in 'Api::V1::RequestsController#index'
  [1m[36mCACHE Rule Load (0.0ms)[0m  [1m[34mSELECT "rules".* FROM "rules" WHERE "rules"."deleted_at" IS NULL AND "rules"."id" = 'bf0d0cb8-758c-434f-beb1-e73dee813eec' LIMIT 1[0m
  ↳ app/controllers/api/v1/requests_controller.rb:22:in 'Api::V1::RequestsController#index'
  [1m[36mCACHE RequestType Load (0.0ms)[0m  [1m[34mSELECT "request_types".* FROM "request_types" WHERE "request_types"."deleted_at" IS NULL AND "request_types"."id" = '1f5dd956-b4d1-456e-a5ea-d3c63ebde7b8' LIMIT 1[0m
  ↳ app/controllers/api/v1/requests_controller.rb:22:in 'Api::V1::RequestsController#index'
  [1m[36mCACHE User Load (0.0ms)[0m  [1m[34mSELECT "users".* FROM "users" INNER JOIN "request_type_approvers" ON "users"."id" = "request_type_approvers"."user_id" WHERE "users"."deleted_at" IS NULL AND "request_type_approvers"."request_type_id" = '1f5dd956-b4d1-456e-a5ea-d3c63ebde7b8'[0m
  ↳ app/controllers/api/v1/requests_controller.rb:22:in 'Api::V1::RequestsController#index'
  [1m[36mCACHE Rule Load (0.0ms)[0m  [1m[34mSELECT "rules".* FROM "rules" WHERE "rules"."deleted_at" IS NULL AND "rules"."id" = '48a78e3e-3f71-41f5-a9b5-01ff3306a6d0' LIMIT 1[0m
  ↳ app/controllers/api/v1/requests_controller.rb:22:in 'Api::V1::RequestsController#index'
  [1m[36mCACHE RequestType Load (0.0ms)[0m  [1m[34mSELECT "request_types".* FROM "request_types" WHERE "request_types"."deleted_at" IS NULL AND "request_types"."id" = 'dbc4ad97-8696-4a00-9423-3d4df65dbd59' LIMIT 1[0m
  ↳ app/controllers/api/v1/requests_controller.rb:22:in 'Api::V1::RequestsController#index'
  [1m[36mCACHE User Load (0.0ms)[0m  [1m[34mSELECT "users".* FROM "users" INNER JOIN "request_type_approvers" ON "users"."id" = "request_type_approvers"."user_id" WHERE "users"."deleted_at" IS NULL AND "request_type_approvers"."request_type_id" = 'dbc4ad97-8696-4a00-9423-3d4df65dbd59'[0m
  ↳ app/controllers/api/v1/requests_controller.rb:22:in 'Api::V1::RequestsController#index'
  [1m[36mCACHE User Load (0.0ms)[0m  [1m[34mSELECT "users".* FROM "users" WHERE "users"."deleted_at" IS NULL AND "users"."id" = 'a8b58455-32ed-4b42-af48-3bb969d2c5b8' LIMIT 1[0m
  ↳ app/controllers/api/v1/requests_controller.rb:22:in 'Api::V1::RequestsController#index'
  [1m[36mRule Load (0.2ms)[0m  [1m[34mSELECT "rules".* FROM "rules" WHERE "rules"."deleted_at" IS NULL AND "rules"."id" = '1080d429-9d8c-4294-bf05-4b56efcf7824' LIMIT 1 /*action='index',application='ApprovalEngine',controller='requests'*/[0m
  ↳ app/controllers/api/v1/requests_controller.rb:22:in 'Api::V1::RequestsController#index'
  [1m[36mCACHE RequestType Load (0.0ms)[0m  [1m[34mSELECT "request_types".* FROM "request_types" WHERE "request_types"."deleted_at" IS NULL AND "request_types"."id" = '1f5dd956-b4d1-456e-a5ea-d3c63ebde7b8' LIMIT 1[0m
  ↳ app/controllers/api/v1/requests_controller.rb:22:in 'Api::V1::RequestsController#index'
  [1m[36mCACHE User Load (0.0ms)[0m  [1m[34mSELECT "users".* FROM "users" INNER JOIN "request_type_approvers" ON "users"."id" = "request_type_approvers"."user_id" WHERE "users"."deleted_at" IS NULL AND "request_type_approvers"."request_type_id" = '1f5dd956-b4d1-456e-a5ea-d3c63ebde7b8'[0m
  ↳ app/controllers/api/v1/requests_controller.rb:22:in 'Api::V1::RequestsController#index'
Completed 200 OK in 42ms (Views: 0.1ms | ActiveRecord: 4.2ms (44 queries, 27 cached) | GC: 7.8ms)


Started GET "/api/v1/requests?page=1" for ::1 at 2026-02-08 22:20:57 +0530
Processing by Api::V1::RequestsController#index as HTML
  Parameters: {"page" => "1"}
  [1m[36mUser Load (0.4ms)[0m  [1m[34mSELECT "users".* FROM "users" WHERE "users"."deleted_at" IS NULL AND "users"."id" = 'a8b58455-32ed-4b42-af48-3bb969d2c5b8' LIMIT 1 /*action='index',application='ApprovalEngine',controller='requests'*/[0m
  ↳ app/controllers/concerns/authenticatable.rb:20:in 'Authenticatable#authenticate_user'
  [1m[36mTenant Load (0.2ms)[0m  [1m[34mSELECT "tenants".* FROM "tenants" WHERE "tenants"."deleted_at" IS NULL AND "tenants"."id" = 'aa29ef8c-86bf-413d-9ea9-ed2c4360c3a5' LIMIT 1 /*action='index',application='ApprovalEngine',controller='requests'*/[0m
  ↳ app/controllers/api/v1/requests_controller.rb:9:in 'Api::V1::RequestsController#index'
  [1m[36mRequest Count (0.2ms)[0m  [1m[34mSELECT COUNT(*) FROM "requests" WHERE "requests"."tenant_id" = 'aa29ef8c-86bf-413d-9ea9-ed2c4360c3a5' /*action='index',application='ApprovalEngine',controller='requests'*/[0m
  ↳ app/controllers/api/v1/requests_controller.rb:16:in 'Api::V1::RequestsController#index'
  [1m[36mRequest Load (0.2ms)[0m  [1m[34mSELECT "requests".* FROM "requests" WHERE "requests"."tenant_id" = 'aa29ef8c-86bf-413d-9ea9-ed2c4360c3a5' LIMIT 10 OFFSET 0 /*action='index',application='ApprovalEngine',controller='requests'*/[0m
  ↳ app/controllers/api/v1/requests_controller.rb:22:in 'Api::V1::RequestsController#index'
  [1m[36mUser Load (0.2ms)[0m  [1m[34mSELECT "users".* FROM "users" WHERE "users"."deleted_at" IS NULL AND "users"."id" IN ('fe43d2ce-b8cd-4d8e-b6ed-2bd799945724', '37ec41c9-c494-4128-bb94-07c2b87ad9e6', '24c0e984-3d03-44c6-bdb3-9e397ba9d8c2') /*action='index',application='ApprovalEngine',controller='requests'*/[0m
  ↳ app/controllers/api/v1/requests_controller.rb:22:in 'Api::V1::RequestsController#index'
  [1m[36mRequestType Load (0.2ms)[0m  [1m[34mSELECT "request_types".* FROM "request_types" WHERE "request_types"."deleted_at" IS NULL AND "request_types"."id" IN ('dbc4ad97-8696-4a00-9423-3d4df65dbd59', '1f5dd956-b4d1-456e-a5ea-d3c63ebde7b8') /*action='index',application='ApprovalEngine',controller='requests'*/[0m
  ↳ app/controllers/api/v1/requests_controller.rb:22:in 'Api::V1::RequestsController#index'
  [1m[36mApproval Load (0.3ms)[0m  [1m[34mSELECT "approvals".* FROM "approvals" WHERE "approvals"."request_id" IN ('2250d943-5e91-418f-bb33-a65d48294246', '3349468a-bcfd-4c23-a10a-67f15e8ab049', '80a2e814-4ac5-4c14-aa03-65297f8e8a05', 'd31cb57e-3c91-4e86-a2d6-a850d791d93c', '907c2d07-9cb6-4d85-a45f-0909c013f7b3', '9bebdd1e-d5eb-4f0c-be3a-68caecd92ea5', 'e19d56e8-6d6c-4ac1-b939-e50ecdf6cdcb', 'f4b90444-bf2f-41a1-9ac4-c1925813404b', '59504973-a39c-45b4-8944-2caf42d8b290', 'c40b1942-ea39-425c-8541-297a8c1f9afa') /*action='index',application='ApprovalEngine',controller='requests'*/[0m
  ↳ app/controllers/api/v1/requests_controller.rb:22:in 'Api::V1::RequestsController#index'
  [1m[36mUser Load (0.2ms)[0m  [1m[34mSELECT "users".* FROM "users" INNER JOIN "request_type_approvers" ON "users"."id" = "request_type_approvers"."user_id" WHERE "users"."deleted_at" IS NULL AND "request_type_approvers"."request_type_id" = 'dbc4ad97-8696-4a00-9423-3d4df65dbd59' /*action='index',application='ApprovalEngine',controller='requests'*/[0m
  ↳ app/controllers/api/v1/requests_controller.rb:22:in 'Api::V1::RequestsController#index'
  [1m[36mRule Load (0.2ms)[0m  [1m[34mSELECT "rules".* FROM "rules" WHERE "rules"."deleted_at" IS NULL AND "rules"."id" = '4f5a2b27-f6dd-47a0-ba23-bb8b1c83d65f' LIMIT 1 /*action='index',application='ApprovalEngine',controller='requests'*/[0m
  ↳ app/controllers/api/v1/requests_controller.rb:22:in 'Api::V1::RequestsController#index'
  [1m[36mRequestType Load (0.2ms)[0m  [1m[34mSELECT "request_types".* FROM "request_types" WHERE "request_types"."deleted_at" IS NULL AND "request_types"."id" = 'dbc4ad97-8696-4a00-9423-3d4df65dbd59' LIMIT 1 /*action='index',application='ApprovalEngine',controller='requests'*/[0m
  ↳ app/controllers/api/v1/requests_controller.rb:22:in 'Api::V1::RequestsController#index'
  [1m[36mCACHE User Load (0.0ms)[0m  [1m[34mSELECT "users".* FROM "users" INNER JOIN "request_type_approvers" ON "users"."id" = "request_type_approvers"."user_id" WHERE "users"."deleted_at" IS NULL AND "request_type_approvers"."request_type_id" = 'dbc4ad97-8696-4a00-9423-3d4df65dbd59'[0m
  ↳ app/controllers/api/v1/requests_controller.rb:22:in 'Api::V1::RequestsController#index'
  [1m[36mCACHE Rule Load (0.0ms)[0m  [1m[34mSELECT "rules".* FROM "rules" WHERE "rules"."deleted_at" IS NULL AND "rules"."id" = '4f5a2b27-f6dd-47a0-ba23-bb8b1c83d65f' LIMIT 1[0m
  ↳ app/controllers/api/v1/requests_controller.rb:22:in 'Api::V1::RequestsController#index'
  [1m[36mCACHE RequestType Load (0.0ms)[0m  [1m[34mSELECT "request_types".* FROM "request_types" WHERE "request_types"."deleted_at" IS NULL AND "request_types"."id" = 'dbc4ad97-8696-4a00-9423-3d4df65dbd59' LIMIT 1[0m
  ↳ app/controllers/api/v1/requests_controller.rb:22:in 'Api::V1::RequestsController#index'
  [1m[36mCACHE User Load (0.0ms)[0m  [1m[34mSELECT "users".* FROM "users" INNER JOIN "request_type_approvers" ON "users"."id" = "request_type_approvers"."user_id" WHERE "users"."deleted_at" IS NULL AND "request_type_approvers"."request_type_id" = 'dbc4ad97-8696-4a00-9423-3d4df65dbd59'[0m
  ↳ app/controllers/api/v1/requests_controller.rb:22:in 'Api::V1::RequestsController#index'
  [1m[36mCACHE Rule Load (0.0ms)[0m  [1m[34mSELECT "rules".* FROM "rules" WHERE "rules"."deleted_at" IS NULL AND "rules"."id" = '4f5a2b27-f6dd-47a0-ba23-bb8b1c83d65f' LIMIT 1[0m
  ↳ app/controllers/api/v1/requests_controller.rb:22:in 'Api::V1::RequestsController#index'
  [1m[36mCACHE RequestType Load (0.0ms)[0m  [1m[34mSELECT "request_types".* FROM "request_types" WHERE "request_types"."deleted_at" IS NULL AND "request_types"."id" = 'dbc4ad97-8696-4a00-9423-3d4df65dbd59' LIMIT 1[0m
  ↳ app/controllers/api/v1/requests_controller.rb:22:in 'Api::V1::RequestsController#index'
  [1m[36mCACHE User Load (0.0ms)[0m  [1m[34mSELECT "users".* FROM "users" INNER JOIN "request_type_approvers" ON "users"."id" = "request_type_approvers"."user_id" WHERE "users"."deleted_at" IS NULL AND "request_type_approvers"."request_type_id" = 'dbc4ad97-8696-4a00-9423-3d4df65dbd59'[0m
  ↳ app/controllers/api/v1/requests_controller.rb:22:in 'Api::V1::RequestsController#index'
  [1m[36mUser Load (0.3ms)[0m  [1m[34mSELECT "users".* FROM "users" INNER JOIN "request_type_approvers" ON "users"."id" = "request_type_approvers"."user_id" WHERE "users"."deleted_at" IS NULL AND "request_type_approvers"."request_type_id" = '1f5dd956-b4d1-456e-a5ea-d3c63ebde7b8' /*action='index',application='ApprovalEngine',controller='requests'*/[0m
  ↳ app/controllers/api/v1/requests_controller.rb:22:in 'Api::V1::RequestsController#index'
  [1m[36mRule Load (0.2ms)[0m  [1m[34mSELECT "rules".* FROM "rules" WHERE "rules"."deleted_at" IS NULL AND "rules"."id" = '269d79fa-dc15-4468-a104-db1cf9dc960b' LIMIT 1 /*action='index',application='ApprovalEngine',controller='requests'*/[0m
  ↳ app/controllers/api/v1/requests_controller.rb:22:in 'Api::V1::RequestsController#index'
  [1m[36mRequestType Load (0.2ms)[0m  [1m[34mSELECT "request_types".* FROM "request_types" WHERE "request_types"."deleted_at" IS NULL AND "request_types"."id" = '1f5dd956-b4d1-456e-a5ea-d3c63ebde7b8' LIMIT 1 /*action='index',application='ApprovalEngine',controller='requests'*/[0m
  ↳ app/controllers/api/v1/requests_controller.rb:22:in 'Api::V1::RequestsController#index'
  [1m[36mCACHE User Load (0.0ms)[0m  [1m[34mSELECT "users".* FROM "users" INNER JOIN "request_type_approvers" ON "users"."id" = "request_type_approvers"."user_id" WHERE "users"."deleted_at" IS NULL AND "request_type_approvers"."request_type_id" = '1f5dd956-b4d1-456e-a5ea-d3c63ebde7b8'[0m
  ↳ app/controllers/api/v1/requests_controller.rb:22:in 'Api::V1::RequestsController#index'
  [1m[36mCACHE Rule Load (0.0ms)[0m  [1m[34mSELECT "rules".* FROM "rules" WHERE "rules"."deleted_at" IS NULL AND "rules"."id" = '269d79fa-dc15-4468-a104-db1cf9dc960b' LIMIT 1[0m
  ↳ app/controllers/api/v1/requests_controller.rb:22:in 'Api::V1::RequestsController#index'
  [1m[36mCACHE RequestType Load (0.0ms)[0m  [1m[34mSELECT "request_types".* FROM "request_types" WHERE "request_types"."deleted_at" IS NULL AND "request_types"."id" = '1f5dd956-b4d1-456e-a5ea-d3c63ebde7b8' LIMIT 1[0m
  ↳ app/controllers/api/v1/requests_controller.rb:22:in 'Api::V1::RequestsController#index'
  [1m[36mCACHE User Load (0.0ms)[0m  [1m[34mSELECT "users".* FROM "users" INNER JOIN "request_type_approvers" ON "users"."id" = "request_type_approvers"."user_id" WHERE "users"."deleted_at" IS NULL AND "request_type_approvers"."request_type_id" = '1f5dd956-b4d1-456e-a5ea-d3c63ebde7b8'[0m
  ↳ app/controllers/api/v1/requests_controller.rb:22:in 'Api::V1::RequestsController#index'
  [1m[36mCACHE Rule Load (0.0ms)[0m  [1m[34mSELECT "rules".* FROM "rules" WHERE "rules"."deleted_at" IS NULL AND "rules"."id" = '269d79fa-dc15-4468-a104-db1cf9dc960b' LIMIT 1[0m
  ↳ app/controllers/api/v1/requests_controller.rb:22:in 'Api::V1::RequestsController#index'
  [1m[36mCACHE RequestType Load (0.0ms)[0m  [1m[34mSELECT "request_types".* FROM "request_types" WHERE "request_types"."deleted_at" IS NULL AND "request_types"."id" = '1f5dd956-b4d1-456e-a5ea-d3c63ebde7b8' LIMIT 1[0m
  ↳ app/controllers/api/v1/requests_controller.rb:22:in 'Api::V1::RequestsController#index'
  [1m[36mCACHE User Load (0.0ms)[0m  [1m[34mSELECT "users".* FROM "users" INNER JOIN "request_type_approvers" ON "users"."id" = "request_type_approvers"."user_id" WHERE "users"."deleted_at" IS NULL AND "request_type_approvers"."request_type_id" = '1f5dd956-b4d1-456e-a5ea-d3c63ebde7b8'[0m
  ↳ app/controllers/api/v1/requests_controller.rb:22:in 'Api::V1::RequestsController#index'
  [1m[36mRule Load (0.4ms)[0m  [1m[34mSELECT "rules".* FROM "rules" WHERE "rules"."deleted_at" IS NULL AND "rules"."id" = '6d9b88af-a02d-4d3c-8099-8cb7fb3a2d4a' LIMIT 1 /*action='index',application='ApprovalEngine',controller='requests'*/[0m
  ↳ app/controllers/api/v1/requests_controller.rb:22:in 'Api::V1::RequestsController#index'
  [1m[36mCACHE RequestType Load (0.0ms)[0m  [1m[34mSELECT "request_types".* FROM "request_types" WHERE "request_types"."deleted_at" IS NULL AND "request_types"."id" = 'dbc4ad97-8696-4a00-9423-3d4df65dbd59' LIMIT 1[0m
  ↳ app/controllers/api/v1/requests_controller.rb:22:in 'Api::V1::RequestsController#index'
  [1m[36mCACHE User Load (0.0ms)[0m  [1m[34mSELECT "users".* FROM "users" INNER JOIN "request_type_approvers" ON "users"."id" = "request_type_approvers"."user_id" WHERE "users"."deleted_at" IS NULL AND "request_type_approvers"."request_type_id" = 'dbc4ad97-8696-4a00-9423-3d4df65dbd59'[0m
  ↳ app/controllers/api/v1/requests_controller.rb:22:in 'Api::V1::RequestsController#index'
  [1m[36mCACHE Rule Load (0.0ms)[0m  [1m[34mSELECT "rules".* FROM "rules" WHERE "rules"."deleted_at" IS NULL AND "rules"."id" = '6d9b88af-a02d-4d3c-8099-8cb7fb3a2d4a' LIMIT 1[0m
  ↳ app/controllers/api/v1/requests_controller.rb:22:in 'Api::V1::RequestsController#index'
  [1m[36mCACHE RequestType Load (0.0ms)[0m  [1m[34mSELECT "request_types".* FROM "request_types" WHERE "request_types"."deleted_at" IS NULL AND "request_types"."id" = 'dbc4ad97-8696-4a00-9423-3d4df65dbd59' LIMIT 1[0m
  ↳ app/controllers/api/v1/requests_controller.rb:22:in 'Api::V1::RequestsController#index'
  [1m[36mCACHE User Load (0.0ms)[0m  [1m[34mSELECT "users".* FROM "users" INNER JOIN "request_type_approvers" ON "users"."id" = "request_type_approvers"."user_id" WHERE "users"."deleted_at" IS NULL AND "request_type_approvers"."request_type_id" = 'dbc4ad97-8696-4a00-9423-3d4df65dbd59'[0m
  ↳ app/controllers/api/v1/requests_controller.rb:22:in 'Api::V1::RequestsController#index'
  [1m[36mRule Load (0.2ms)[0m  [1m[34mSELECT "rules".* FROM "rules" WHERE "rules"."deleted_at" IS NULL AND "rules"."id" = '8a1dd6be-6d3e-43cb-86c0-7b9c09bb6f91' LIMIT 1 /*action='index',application='ApprovalEngine',controller='requests'*/[0m
  ↳ app/controllers/api/v1/requests_controller.rb:22:in 'Api::V1::RequestsController#index'
  [1m[36mRule Load (0.2ms)[0m  [1m[34mSELECT "rules".* FROM "rules" WHERE "rules"."deleted_at" IS NULL AND "rules"."id" = '48a78e3e-3f71-41f5-a9b5-01ff3306a6d0' LIMIT 1 /*action='index',application='ApprovalEngine',controller='requests'*/[0m
  ↳ app/controllers/api/v1/requests_controller.rb:22:in 'Api::V1::RequestsController#index'
  [1m[36mCACHE RequestType Load (0.0ms)[0m  [1m[34mSELECT "request_types".* FROM "request_types" WHERE "request_types"."deleted_at" IS NULL AND "request_types"."id" = 'dbc4ad97-8696-4a00-9423-3d4df65dbd59' LIMIT 1[0m
  ↳ app/controllers/api/v1/requests_controller.rb:22:in 'Api::V1::RequestsController#index'
  [1m[36mCACHE User Load (0.0ms)[0m  [1m[34mSELECT "users".* FROM "users" INNER JOIN "request_type_approvers" ON "users"."id" = "request_type_approvers"."user_id" WHERE "users"."deleted_at" IS NULL AND "request_type_approvers"."request_type_id" = 'dbc4ad97-8696-4a00-9423-3d4df65dbd59'[0m
  ↳ app/controllers/api/v1/requests_controller.rb:22:in 'Api::V1::RequestsController#index'
Completed 200 OK in 34ms (Views: 0.4ms | ActiveRecord: 3.7ms (37 queries, 21 cached) | GC: 3.6ms)


Started GET "/api/v1/requests?page=2" for ::1 at 2026-02-08 22:21:03 +0530
Processing by Api::V1::RequestsController#index as HTML
  Parameters: {"page" => "2"}
  [1m[36mUser Load (0.4ms)[0m  [1m[34mSELECT "users".* FROM "users" WHERE "users"."deleted_at" IS NULL AND "users"."id" = 'a8b58455-32ed-4b42-af48-3bb969d2c5b8' LIMIT 1 /*action='index',application='ApprovalEngine',controller='requests'*/[0m
  ↳ app/controllers/concerns/authenticatable.rb:20:in 'Authenticatable#authenticate_user'
  [1m[36mTenant Load (0.2ms)[0m  [1m[34mSELECT "tenants".* FROM "tenants" WHERE "tenants"."deleted_at" IS NULL AND "tenants"."id" = 'aa29ef8c-86bf-413d-9ea9-ed2c4360c3a5' LIMIT 1 /*action='index',application='ApprovalEngine',controller='requests'*/[0m
  ↳ app/controllers/api/v1/requests_controller.rb:9:in 'Api::V1::RequestsController#index'
  [1m[36mRequest Count (0.2ms)[0m  [1m[34mSELECT COUNT(*) FROM "requests" WHERE "requests"."tenant_id" = 'aa29ef8c-86bf-413d-9ea9-ed2c4360c3a5' /*action='index',application='ApprovalEngine',controller='requests'*/[0m
  ↳ app/controllers/api/v1/requests_controller.rb:16:in 'Api::V1::RequestsController#index'
  [1m[36mRequest Load (0.2ms)[0m  [1m[34mSELECT "requests".* FROM "requests" WHERE "requests"."tenant_id" = 'aa29ef8c-86bf-413d-9ea9-ed2c4360c3a5' LIMIT 10 OFFSET 10 /*action='index',application='ApprovalEngine',controller='requests'*/[0m
  ↳ app/controllers/api/v1/requests_controller.rb:22:in 'Api::V1::RequestsController#index'
  [1m[36mUser Load (0.2ms)[0m  [1m[34mSELECT "users".* FROM "users" WHERE "users"."deleted_at" IS NULL AND "users"."id" IN ('24c0e984-3d03-44c6-bdb3-9e397ba9d8c2', '37ec41c9-c494-4128-bb94-07c2b87ad9e6', 'fe43d2ce-b8cd-4d8e-b6ed-2bd799945724', 'e3143983-a8ea-40e8-b2e5-399b41d73282') /*action='index',application='ApprovalEngine',controller='requests'*/[0m
  ↳ app/controllers/api/v1/requests_controller.rb:22:in 'Api::V1::RequestsController#index'
  [1m[36mRequestType Load (0.2ms)[0m  [1m[34mSELECT "request_types".* FROM "request_types" WHERE "request_types"."deleted_at" IS NULL AND "request_types"."id" IN ('1f5dd956-b4d1-456e-a5ea-d3c63ebde7b8', 'dbc4ad97-8696-4a00-9423-3d4df65dbd59') /*action='index',application='ApprovalEngine',controller='requests'*/[0m
  ↳ app/controllers/api/v1/requests_controller.rb:22:in 'Api::V1::RequestsController#index'
  [1m[36mApproval Load (0.2ms)[0m  [1m[34mSELECT "approvals".* FROM "approvals" WHERE "approvals"."request_id" IN ('40873ba3-35c3-4506-82e6-4f595ba5634c', '98dec99d-ce2c-4268-97d7-ebc7d5a6b62d', '185afc40-3aa9-4a26-8177-8d7bca45870c', '174d6d3c-993e-47b4-a309-3e63cb94c137', '145440e7-7ef4-4652-ae0e-e79515aac035', '4953134c-7c5c-4a29-8132-50bd579fcec8', '45ea2a57-b83c-406c-9a91-e54605c89fa0', '5baae476-eb1d-407f-9cf0-a4addb60c542', '0b14874d-75a2-49ac-af54-7025e87f2935', '337744f0-b2c2-4474-8a70-3c3e2a1e5cca') /*action='index',application='ApprovalEngine',controller='requests'*/[0m
  ↳ app/controllers/api/v1/requests_controller.rb:22:in 'Api::V1::RequestsController#index'
  [1m[36mUser Load (0.3ms)[0m  [1m[34mSELECT "users".* FROM "users" INNER JOIN "request_type_approvers" ON "users"."id" = "request_type_approvers"."user_id" WHERE "users"."deleted_at" IS NULL AND "request_type_approvers"."request_type_id" = '1f5dd956-b4d1-456e-a5ea-d3c63ebde7b8' /*action='index',application='ApprovalEngine',controller='requests'*/[0m
  ↳ app/controllers/api/v1/requests_controller.rb:22:in 'Api::V1::RequestsController#index'
  [1m[36mRule Load (0.2ms)[0m  [1m[34mSELECT "rules".* FROM "rules" WHERE "rules"."deleted_at" IS NULL AND "rules"."id" = 'bf0d0cb8-758c-434f-beb1-e73dee813eec' LIMIT 1 /*action='index',application='ApprovalEngine',controller='requests'*/[0m
  ↳ app/controllers/api/v1/requests_controller.rb:22:in 'Api::V1::RequestsController#index'
  [1m[36mRequestType Load (0.1ms)[0m  [1m[34mSELECT "request_types".* FROM "request_types" WHERE "request_types"."deleted_at" IS NULL AND "request_types"."id" = '1f5dd956-b4d1-456e-a5ea-d3c63ebde7b8' LIMIT 1 /*action='index',application='ApprovalEngine',controller='requests'*/[0m
  ↳ app/controllers/api/v1/requests_controller.rb:22:in 'Api::V1::RequestsController#index'
  [1m[36mCACHE User Load (0.0ms)[0m  [1m[34mSELECT "users".* FROM "users" INNER JOIN "request_type_approvers" ON "users"."id" = "request_type_approvers"."user_id" WHERE "users"."deleted_at" IS NULL AND "request_type_approvers"."request_type_id" = '1f5dd956-b4d1-456e-a5ea-d3c63ebde7b8'[0m
  ↳ app/controllers/api/v1/requests_controller.rb:22:in 'Api::V1::RequestsController#index'
  [1m[36mUser Load (0.2ms)[0m  [1m[34mSELECT "users".* FROM "users" INNER JOIN "request_type_approvers" ON "users"."id" = "request_type_approvers"."user_id" WHERE "users"."deleted_at" IS NULL AND "request_type_approvers"."request_type_id" = 'dbc4ad97-8696-4a00-9423-3d4df65dbd59' /*action='index',application='ApprovalEngine',controller='requests'*/[0m
  ↳ app/controllers/api/v1/requests_controller.rb:22:in 'Api::V1::RequestsController#index'
  [1m[36mCACHE User Load (0.0ms)[0m  [1m[34mSELECT "users".* FROM "users" WHERE "users"."deleted_at" IS NULL AND "users"."id" = 'a8b58455-32ed-4b42-af48-3bb969d2c5b8' LIMIT 1[0m
  ↳ app/controllers/api/v1/requests_controller.rb:22:in 'Api::V1::RequestsController#index'
  [1m[36mRule Load (0.1ms)[0m  [1m[34mSELECT "rules".* FROM "rules" WHERE "rules"."deleted_at" IS NULL AND "rules"."id" = '6d9b88af-a02d-4d3c-8099-8cb7fb3a2d4a' LIMIT 1 /*action='index',application='ApprovalEngine',controller='requests'*/[0m
  ↳ app/controllers/api/v1/requests_controller.rb:22:in 'Api::V1::RequestsController#index'
  [1m[36mRequestType Load (0.1ms)[0m  [1m[34mSELECT "request_types".* FROM "request_types" WHERE "request_types"."deleted_at" IS NULL AND "request_types"."id" = 'dbc4ad97-8696-4a00-9423-3d4df65dbd59' LIMIT 1 /*action='index',application='ApprovalEngine',controller='requests'*/[0m
  ↳ app/controllers/api/v1/requests_controller.rb:22:in 'Api::V1::RequestsController#index'
  [1m[36mCACHE User Load (0.0ms)[0m  [1m[34mSELECT "users".* FROM "users" INNER JOIN "request_type_approvers" ON "users"."id" = "request_type_approvers"."user_id" WHERE "users"."deleted_at" IS NULL AND "request_type_approvers"."request_type_id" = 'dbc4ad97-8696-4a00-9423-3d4df65dbd59'[0m
  ↳ app/controllers/api/v1/requests_controller.rb:22:in 'Api::V1::RequestsController#index'
  [1m[36mCACHE User Load (0.0ms)[0m  [1m[34mSELECT "users".* FROM "users" WHERE "users"."deleted_at" IS NULL AND "users"."id" = 'a8b58455-32ed-4b42-af48-3bb969d2c5b8' LIMIT 1[0m
  ↳ app/controllers/api/v1/requests_controller.rb:22:in 'Api::V1::RequestsController#index'
  [1m[36mRule Load (0.1ms)[0m  [1m[34mSELECT "rules".* FROM "rules" WHERE "rules"."deleted_at" IS NULL AND "rules"."id" = '48a78e3e-3f71-41f5-a9b5-01ff3306a6d0' LIMIT 1 /*action='index',application='ApprovalEngine',controller='requests'*/[0m
  ↳ app/controllers/api/v1/requests_controller.rb:22:in 'Api::V1::RequestsController#index'
  [1m[36mCACHE RequestType Load (0.0ms)[0m  [1m[34mSELECT "request_types".* FROM "request_types" WHERE "request_types"."deleted_at" IS NULL AND "request_types"."id" = 'dbc4ad97-8696-4a00-9423-3d4df65dbd59' LIMIT 1[0m
  ↳ app/controllers/api/v1/requests_controller.rb:22:in 'Api::V1::RequestsController#index'
  [1m[36mCACHE User Load (0.0ms)[0m  [1m[34mSELECT "users".* FROM "users" INNER JOIN "request_type_approvers" ON "users"."id" = "request_type_approvers"."user_id" WHERE "users"."deleted_at" IS NULL AND "request_type_approvers"."request_type_id" = 'dbc4ad97-8696-4a00-9423-3d4df65dbd59'[0m
  ↳ app/controllers/api/v1/requests_controller.rb:22:in 'Api::V1::RequestsController#index'
  [1m[36mCACHE User Load (0.0ms)[0m  [1m[34mSELECT "users".* FROM "users" WHERE "users"."deleted_at" IS NULL AND "users"."id" = 'a8b58455-32ed-4b42-af48-3bb969d2c5b8' LIMIT 1[0m
  ↳ app/controllers/api/v1/requests_controller.rb:22:in 'Api::V1::RequestsController#index'
  [1m[36mCACHE Rule Load (0.0ms)[0m  [1m[34mSELECT "rules".* FROM "rules" WHERE "rules"."deleted_at" IS NULL AND "rules"."id" = '48a78e3e-3f71-41f5-a9b5-01ff3306a6d0' LIMIT 1[0m
  ↳ app/controllers/api/v1/requests_controller.rb:22:in 'Api::V1::RequestsController#index'
  [1m[36mCACHE RequestType Load (0.0ms)[0m  [1m[34mSELECT "request_types".* FROM "request_types" WHERE "request_types"."deleted_at" IS NULL AND "request_types"."id" = 'dbc4ad97-8696-4a00-9423-3d4df65dbd59' LIMIT 1[0m
  ↳ app/controllers/api/v1/requests_controller.rb:22:in 'Api::V1::RequestsController#index'
  [1m[36mCACHE User Load (0.0ms)[0m  [1m[34mSELECT "users".* FROM "users" INNER JOIN "request_type_approvers" ON "users"."id" = "request_type_approvers"."user_id" WHERE "users"."deleted_at" IS NULL AND "request_type_approvers"."request_type_id" = 'dbc4ad97-8696-4a00-9423-3d4df65dbd59'[0m
  ↳ app/controllers/api/v1/requests_controller.rb:22:in 'Api::V1::RequestsController#index'
  [1m[36mCACHE User Load (0.0ms)[0m  [1m[34mSELECT "users".* FROM "users" WHERE "users"."deleted_at" IS NULL AND "users"."id" = 'a8b58455-32ed-4b42-af48-3bb969d2c5b8' LIMIT 1[0m
  ↳ app/controllers/api/v1/requests_controller.rb:22:in 'Api::V1::RequestsController#index'
  [1m[36mRule Load (0.1ms)[0m  [1m[34mSELECT "rules".* FROM "rules" WHERE "rules"."deleted_at" IS NULL AND "rules"."id" = '8a1dd6be-6d3e-43cb-86c0-7b9c09bb6f91' LIMIT 1 /*action='index',application='ApprovalEngine',controller='requests'*/[0m
  ↳ app/controllers/api/v1/requests_controller.rb:22:in 'Api::V1::RequestsController#index'
  [1m[36mCACHE User Load (0.0ms)[0m  [1m[34mSELECT "users".* FROM "users" WHERE "users"."deleted_at" IS NULL AND "users"."id" = 'a8b58455-32ed-4b42-af48-3bb969d2c5b8' LIMIT 1[0m
  ↳ app/controllers/api/v1/requests_controller.rb:22:in 'Api::V1::RequestsController#index'
  [1m[36mCACHE Rule Load (0.0ms)[0m  [1m[34mSELECT "rules".* FROM "rules" WHERE "rules"."deleted_at" IS NULL AND "rules"."id" = 'bf0d0cb8-758c-434f-beb1-e73dee813eec' LIMIT 1[0m
  ↳ app/controllers/api/v1/requests_controller.rb:22:in 'Api::V1::RequestsController#index'
  [1m[36mCACHE RequestType Load (0.0ms)[0m  [1m[34mSELECT "request_types".* FROM "request_types" WHERE "request_types"."deleted_at" IS NULL AND "request_types"."id" = '1f5dd956-b4d1-456e-a5ea-d3c63ebde7b8' LIMIT 1[0m
  ↳ app/controllers/api/v1/requests_controller.rb:22:in 'Api::V1::RequestsController#index'
  [1m[36mCACHE User Load (0.0ms)[0m  [1m[34mSELECT "users".* FROM "users" INNER JOIN "request_type_approvers" ON "users"."id" = "request_type_approvers"."user_id" WHERE "users"."deleted_at" IS NULL AND "request_type_approvers"."request_type_id" = '1f5dd956-b4d1-456e-a5ea-d3c63ebde7b8'[0m
  ↳ app/controllers/api/v1/requests_controller.rb:22:in 'Api::V1::RequestsController#index'
  [1m[36mCACHE User Load (0.0ms)[0m  [1m[34mSELECT "users".* FROM "users" WHERE "users"."deleted_at" IS NULL AND "users"."id" = 'a8b58455-32ed-4b42-af48-3bb969d2c5b8' LIMIT 1[0m
  ↳ app/controllers/api/v1/requests_controller.rb:22:in 'Api::V1::RequestsController#index'
  [1m[36mRule Load (0.1ms)[0m  [1m[34mSELECT "rules".* FROM "rules" WHERE "rules"."deleted_at" IS NULL AND "rules"."id" = '4f5a2b27-f6dd-47a0-ba23-bb8b1c83d65f' LIMIT 1 /*action='index',application='ApprovalEngine',controller='requests'*/[0m
  ↳ app/controllers/api/v1/requests_controller.rb:22:in 'Api::V1::RequestsController#index'
  [1m[36mCACHE RequestType Load (0.0ms)[0m  [1m[34mSELECT "request_types".* FROM "request_types" WHERE "request_types"."deleted_at" IS NULL AND "request_types"."id" = 'dbc4ad97-8696-4a00-9423-3d4df65dbd59' LIMIT 1[0m
  ↳ app/controllers/api/v1/requests_controller.rb:22:in 'Api::V1::RequestsController#index'
  [1m[36mCACHE User Load (0.0ms)[0m  [1m[34mSELECT "users".* FROM "users" INNER JOIN "request_type_approvers" ON "users"."id" = "request_type_approvers"."user_id" WHERE "users"."deleted_at" IS NULL AND "request_type_approvers"."request_type_id" = 'dbc4ad97-8696-4a00-9423-3d4df65dbd59'[0m
  ↳ app/controllers/api/v1/requests_controller.rb:22:in 'Api::V1::RequestsController#index'
  [1m[36mCACHE Rule Load (0.0ms)[0m  [1m[34mSELECT "rules".* FROM "rules" WHERE "rules"."deleted_at" IS NULL AND "rules"."id" = 'bf0d0cb8-758c-434f-beb1-e73dee813eec' LIMIT 1[0m
  ↳ app/controllers/api/v1/requests_controller.rb:22:in 'Api::V1::RequestsController#index'
  [1m[36mCACHE RequestType Load (0.0ms)[0m  [1m[34mSELECT "request_types".* FROM "request_types" WHERE "request_types"."deleted_at" IS NULL AND "request_types"."id" = '1f5dd956-b4d1-456e-a5ea-d3c63ebde7b8' LIMIT 1[0m
  ↳ app/controllers/api/v1/requests_controller.rb:22:in 'Api::V1::RequestsController#index'
  [1m[36mCACHE User Load (0.0ms)[0m  [1m[34mSELECT "users".* FROM "users" INNER JOIN "request_type_approvers" ON "users"."id" = "request_type_approvers"."user_id" WHERE "users"."deleted_at" IS NULL AND "request_type_approvers"."request_type_id" = '1f5dd956-b4d1-456e-a5ea-d3c63ebde7b8'[0m
  ↳ app/controllers/api/v1/requests_controller.rb:22:in 'Api::V1::RequestsController#index'
  [1m[36mCACHE Rule Load (0.0ms)[0m  [1m[34mSELECT "rules".* FROM "rules" WHERE "rules"."deleted_at" IS NULL AND "rules"."id" = '48a78e3e-3f71-41f5-a9b5-01ff3306a6d0' LIMIT 1[0m
  ↳ app/controllers/api/v1/requests_controller.rb:22:in 'Api::V1::RequestsController#index'
  [1m[36mCACHE RequestType Load (0.0ms)[0m  [1m[34mSELECT "request_types".* FROM "request_types" WHERE "request_types"."deleted_at" IS NULL AND "request_types"."id" = 'dbc4ad97-8696-4a00-9423-3d4df65dbd59' LIMIT 1[0m
  ↳ app/controllers/api/v1/requests_controller.rb:22:in 'Api::V1::RequestsController#index'
  [1m[36mCACHE User Load (0.0ms)[0m  [1m[34mSELECT "users".* FROM "users" INNER JOIN "request_type_approvers" ON "users"."id" = "request_type_approvers"."user_id" WHERE "users"."deleted_at" IS NULL AND "request_type_approvers"."request_type_id" = 'dbc4ad97-8696-4a00-9423-3d4df65dbd59'[0m
  ↳ app/controllers/api/v1/requests_controller.rb:22:in 'Api::V1::RequestsController#index'
  [1m[36mCACHE User Load (0.0ms)[0m  [1m[34mSELECT "users".* FROM "users" WHERE "users"."deleted_at" IS NULL AND "users"."id" = 'a8b58455-32ed-4b42-af48-3bb969d2c5b8' LIMIT 1[0m
  ↳ app/controllers/api/v1/requests_controller.rb:22:in 'Api::V1::RequestsController#index'
  [1m[36mRule Load (0.2ms)[0m  [1m[34mSELECT "rules".* FROM "rules" WHERE "rules"."deleted_at" IS NULL AND "rules"."id" = '1080d429-9d8c-4294-bf05-4b56efcf7824' LIMIT 1 /*action='index',application='ApprovalEngine',controller='requests'*/[0m
  ↳ app/controllers/api/v1/requests_controller.rb:22:in 'Api::V1::RequestsController#index'
  [1m[36mCACHE RequestType Load (0.0ms)[0m  [1m[34mSELECT "request_types".* FROM "request_types" WHERE "request_types"."deleted_at" IS NULL AND "request_types"."id" = '1f5dd956-b4d1-456e-a5ea-d3c63ebde7b8' LIMIT 1[0m
  ↳ app/controllers/api/v1/requests_controller.rb:22:in 'Api::V1::RequestsController#index'
  [1m[36mCACHE User Load (0.0ms)[0m  [1m[34mSELECT "users".* FROM "users" INNER JOIN "request_type_approvers" ON "users"."id" = "request_type_approvers"."user_id" WHERE "users"."deleted_at" IS NULL AND "request_type_approvers"."request_type_id" = '1f5dd956-b4d1-456e-a5ea-d3c63ebde7b8'[0m
  ↳ app/controllers/api/v1/requests_controller.rb:22:in 'Api::V1::RequestsController#index'
Completed 200 OK in 38ms (Views: 0.2ms | ActiveRecord: 3.5ms (44 queries, 27 cached) | GC: 3.9ms)


Started GET "/api/v1/requests?page=3" for ::1 at 2026-02-08 22:21:04 +0530
Processing by Api::V1::RequestsController#index as HTML
  Parameters: {"page" => "3"}
  [1m[36mUser Load (0.4ms)[0m  [1m[34mSELECT "users".* FROM "users" WHERE "users"."deleted_at" IS NULL AND "users"."id" = 'a8b58455-32ed-4b42-af48-3bb969d2c5b8' LIMIT 1 /*action='index',application='ApprovalEngine',controller='requests'*/[0m
  ↳ app/controllers/concerns/authenticatable.rb:20:in 'Authenticatable#authenticate_user'
  [1m[36mTenant Load (0.2ms)[0m  [1m[34mSELECT "tenants".* FROM "tenants" WHERE "tenants"."deleted_at" IS NULL AND "tenants"."id" = 'aa29ef8c-86bf-413d-9ea9-ed2c4360c3a5' LIMIT 1 /*action='index',application='ApprovalEngine',controller='requests'*/[0m
  ↳ app/controllers/api/v1/requests_controller.rb:9:in 'Api::V1::RequestsController#index'
  [1m[36mRequest Count (0.2ms)[0m  [1m[34mSELECT COUNT(*) FROM "requests" WHERE "requests"."tenant_id" = 'aa29ef8c-86bf-413d-9ea9-ed2c4360c3a5' /*action='index',application='ApprovalEngine',controller='requests'*/[0m
  ↳ app/controllers/api/v1/requests_controller.rb:16:in 'Api::V1::RequestsController#index'
  [1m[36mRequest Load (0.2ms)[0m  [1m[34mSELECT "requests".* FROM "requests" WHERE "requests"."tenant_id" = 'aa29ef8c-86bf-413d-9ea9-ed2c4360c3a5' LIMIT 10 OFFSET 20 /*action='index',application='ApprovalEngine',controller='requests'*/[0m
  ↳ app/controllers/api/v1/requests_controller.rb:22:in 'Api::V1::RequestsController#index'
  [1m[36mUser Load (0.2ms)[0m  [1m[34mSELECT "users".* FROM "users" WHERE "users"."deleted_at" IS NULL AND "users"."id" IN ('37ec41c9-c494-4128-bb94-07c2b87ad9e6', '24c0e984-3d03-44c6-bdb3-9e397ba9d8c2') /*action='index',application='ApprovalEngine',controller='requests'*/[0m
  ↳ app/controllers/api/v1/requests_controller.rb:22:in 'Api::V1::RequestsController#index'
  [1m[36mRequestType Load (0.2ms)[0m  [1m[34mSELECT "request_types".* FROM "request_types" WHERE "request_types"."deleted_at" IS NULL AND "request_types"."id" = 'dbc4ad97-8696-4a00-9423-3d4df65dbd59' /*action='index',application='ApprovalEngine',controller='requests'*/[0m
  ↳ app/controllers/api/v1/requests_controller.rb:22:in 'Api::V1::RequestsController#index'
  [1m[36mApproval Load (0.2ms)[0m  [1m[34mSELECT "approvals".* FROM "approvals" WHERE "approvals"."request_id" IN ('c2684ab9-fafc-4bfa-9ee7-4b7c41662145', '475229ab-84b6-40bf-abb0-c6ce911f67be') /*action='index',application='ApprovalEngine',controller='requests'*/[0m
  ↳ app/controllers/api/v1/requests_controller.rb:22:in 'Api::V1::RequestsController#index'
  [1m[36mUser Load (0.2ms)[0m  [1m[34mSELECT "users".* FROM "users" INNER JOIN "request_type_approvers" ON "users"."id" = "request_type_approvers"."user_id" WHERE "users"."deleted_at" IS NULL AND "request_type_approvers"."request_type_id" = 'dbc4ad97-8696-4a00-9423-3d4df65dbd59' /*action='index',application='ApprovalEngine',controller='requests'*/[0m
  ↳ app/controllers/api/v1/requests_controller.rb:22:in 'Api::V1::RequestsController#index'
  [1m[36mCACHE User Load (0.0ms)[0m  [1m[34mSELECT "users".* FROM "users" WHERE "users"."deleted_at" IS NULL AND "users"."id" = 'a8b58455-32ed-4b42-af48-3bb969d2c5b8' LIMIT 1[0m
  ↳ app/controllers/api/v1/requests_controller.rb:22:in 'Api::V1::RequestsController#index'
  [1m[36mRule Load (0.2ms)[0m  [1m[34mSELECT "rules".* FROM "rules" WHERE "rules"."deleted_at" IS NULL AND "rules"."id" = '6d9b88af-a02d-4d3c-8099-8cb7fb3a2d4a' LIMIT 1 /*action='index',application='ApprovalEngine',controller='requests'*/[0m
  ↳ app/controllers/api/v1/requests_controller.rb:22:in 'Api::V1::RequestsController#index'
  [1m[36mRequestType Load (0.1ms)[0m  [1m[34mSELECT "request_types".* FROM "request_types" WHERE "request_types"."deleted_at" IS NULL AND "request_types"."id" = 'dbc4ad97-8696-4a00-9423-3d4df65dbd59' LIMIT 1 /*action='index',application='ApprovalEngine',controller='requests'*/[0m
  ↳ app/controllers/api/v1/requests_controller.rb:22:in 'Api::V1::RequestsController#index'
  [1m[36mCACHE User Load (0.0ms)[0m  [1m[34mSELECT "users".* FROM "users" INNER JOIN "request_type_approvers" ON "users"."id" = "request_type_approvers"."user_id" WHERE "users"."deleted_at" IS NULL AND "request_type_approvers"."request_type_id" = 'dbc4ad97-8696-4a00-9423-3d4df65dbd59'[0m
  ↳ app/controllers/api/v1/requests_controller.rb:22:in 'Api::V1::RequestsController#index'
  [1m[36mCACHE User Load (0.0ms)[0m  [1m[34mSELECT "users".* FROM "users" WHERE "users"."deleted_at" IS NULL AND "users"."id" = 'a8b58455-32ed-4b42-af48-3bb969d2c5b8' LIMIT 1[0m
  ↳ app/controllers/api/v1/requests_controller.rb:22:in 'Api::V1::RequestsController#index'
  [1m[36mRule Load (0.1ms)[0m  [1m[34mSELECT "rules".* FROM "rules" WHERE "rules"."deleted_at" IS NULL AND "rules"."id" = '48a78e3e-3f71-41f5-a9b5-01ff3306a6d0' LIMIT 1 /*action='index',application='ApprovalEngine',controller='requests'*/[0m
  ↳ app/controllers/api/v1/requests_controller.rb:22:in 'Api::V1::RequestsController#index'
  [1m[36mCACHE RequestType Load (0.0ms)[0m  [1m[34mSELECT "request_types".* FROM "request_types" WHERE "request_types"."deleted_at" IS NULL AND "request_types"."id" = 'dbc4ad97-8696-4a00-9423-3d4df65dbd59' LIMIT 1[0m
  ↳ app/controllers/api/v1/requests_controller.rb:22:in 'Api::V1::RequestsController#index'
  [1m[36mCACHE User Load (0.0ms)[0m  [1m[34mSELECT "users".* FROM "users" INNER JOIN "request_type_approvers" ON "users"."id" = "request_type_approvers"."user_id" WHERE "users"."deleted_at" IS NULL AND "request_type_approvers"."request_type_id" = 'dbc4ad97-8696-4a00-9423-3d4df65dbd59'[0m
  ↳ app/controllers/api/v1/requests_controller.rb:22:in 'Api::V1::RequestsController#index'
Completed 200 OK in 15ms (Views: 0.1ms | ActiveRecord: 2.3ms (16 queries, 5 cached) | GC: 0.0ms)


Started GET "/api/v1/approver/requests?page=1" for ::1 at 2026-02-08 22:23:07 +0530
Processing by Api::V1::Approver::RequestsController#index as HTML
  Parameters: {"page" => "1"}
  [1m[36mUser Load (0.4ms)[0m  [1m[34mSELECT "users".* FROM "users" WHERE "users"."deleted_at" IS NULL AND "users"."id" = 'a8b58455-32ed-4b42-af48-3bb969d2c5b8' LIMIT 1 /*action='index',application='ApprovalEngine',controller='requests'*/[0m
  ↳ app/controllers/concerns/authenticatable.rb:20:in 'Authenticatable#authenticate_user'
  [1m[36mRequest Count (0.2ms)[0m  [1m[34mSELECT COUNT(*) FROM "requests" WHERE "requests"."status" = 'pending_approval' AND "requests"."tenant_id" = 'aa29ef8c-86bf-413d-9ea9-ed2c4360c3a5' /*action='index',application='ApprovalEngine',controller='requests'*/[0m
  ↳ app/controllers/api/v1/approver/requests_controller.rb:24:in 'Api::V1::Approver::RequestsController#index'
  [1m[36mRequest Load (0.1ms)[0m  [1m[34mSELECT "requests".* FROM "requests" WHERE "requests"."status" = 'pending_approval' AND "requests"."tenant_id" = 'aa29ef8c-86bf-413d-9ea9-ed2c4360c3a5' LIMIT 10 OFFSET 0 /*action='index',application='ApprovalEngine',controller='requests'*/[0m
  ↳ app/controllers/api/v1/approver/requests_controller.rb:30:in 'Api::V1::Approver::RequestsController#index'
Completed 200 OK in 3ms (Views: 0.1ms | ActiveRecord: 0.7ms (3 queries, 0 cached) | GC: 0.0ms)


Started GET "/api/v1/approver/requests?page=1" for ::1 at 2026-02-08 22:23:14 +0530
Processing by Api::V1::Approver::RequestsController#index as HTML
  Parameters: {"page" => "1"}
  [1m[36mUser Load (0.5ms)[0m  [1m[34mSELECT "users".* FROM "users" WHERE "users"."deleted_at" IS NULL AND "users"."id" = 'a8b58455-32ed-4b42-af48-3bb969d2c5b8' LIMIT 1 /*action='index',application='ApprovalEngine',controller='requests'*/[0m
  ↳ app/controllers/concerns/authenticatable.rb:20:in 'Authenticatable#authenticate_user'
  [1m[36mRequest Count (0.2ms)[0m  [1m[34mSELECT COUNT(*) FROM "requests" WHERE "requests"."status" = 'pending_approval' AND "requests"."tenant_id" = 'aa29ef8c-86bf-413d-9ea9-ed2c4360c3a5' /*action='index',application='ApprovalEngine',controller='requests'*/[0m
  ↳ app/controllers/api/v1/approver/requests_controller.rb:24:in 'Api::V1::Approver::RequestsController#index'
  [1m[36mRequest Load (0.2ms)[0m  [1m[34mSELECT "requests".* FROM "requests" WHERE "requests"."status" = 'pending_approval' AND "requests"."tenant_id" = 'aa29ef8c-86bf-413d-9ea9-ed2c4360c3a5' LIMIT 10 OFFSET 0 /*action='index',application='ApprovalEngine',controller='requests'*/[0m
  ↳ app/controllers/api/v1/approver/requests_controller.rb:30:in 'Api::V1::Approver::RequestsController#index'
Completed 200 OK in 3ms (Views: 0.1ms | ActiveRecord: 0.9ms (3 queries, 0 cached) | GC: 0.0ms)


Started GET "/api/v1/requests?page=1" for ::1 at 2026-02-08 22:23:18 +0530
Processing by Api::V1::RequestsController#index as HTML
  Parameters: {"page" => "1"}
  [1m[36mUser Load (0.4ms)[0m  [1m[34mSELECT "users".* FROM "users" WHERE "users"."deleted_at" IS NULL AND "users"."id" = 'a8b58455-32ed-4b42-af48-3bb969d2c5b8' LIMIT 1 /*action='index',application='ApprovalEngine',controller='requests'*/[0m
  ↳ app/controllers/concerns/authenticatable.rb:20:in 'Authenticatable#authenticate_user'
  [1m[36mTenant Load (0.2ms)[0m  [1m[34mSELECT "tenants".* FROM "tenants" WHERE "tenants"."deleted_at" IS NULL AND "tenants"."id" = 'aa29ef8c-86bf-413d-9ea9-ed2c4360c3a5' LIMIT 1 /*action='index',application='ApprovalEngine',controller='requests'*/[0m
  ↳ app/controllers/api/v1/requests_controller.rb:9:in 'Api::V1::RequestsController#index'
  [1m[36mRequest Count (0.2ms)[0m  [1m[34mSELECT COUNT(*) FROM "requests" WHERE "requests"."tenant_id" = 'aa29ef8c-86bf-413d-9ea9-ed2c4360c3a5' /*action='index',application='ApprovalEngine',controller='requests'*/[0m
  ↳ app/controllers/api/v1/requests_controller.rb:16:in 'Api::V1::RequestsController#index'
  [1m[36mRequest Load (0.1ms)[0m  [1m[34mSELECT "requests".* FROM "requests" WHERE "requests"."tenant_id" = 'aa29ef8c-86bf-413d-9ea9-ed2c4360c3a5' LIMIT 10 OFFSET 0 /*action='index',application='ApprovalEngine',controller='requests'*/[0m
  ↳ app/controllers/api/v1/requests_controller.rb:22:in 'Api::V1::RequestsController#index'
  [1m[36mUser Load (0.2ms)[0m  [1m[34mSELECT "users".* FROM "users" WHERE "users"."deleted_at" IS NULL AND "users"."id" IN ('fe43d2ce-b8cd-4d8e-b6ed-2bd799945724', '37ec41c9-c494-4128-bb94-07c2b87ad9e6', '24c0e984-3d03-44c6-bdb3-9e397ba9d8c2') /*action='index',application='ApprovalEngine',controller='requests'*/[0m
  ↳ app/controllers/api/v1/requests_controller.rb:22:in 'Api::V1::RequestsController#index'
  [1m[36mRequestType Load (0.1ms)[0m  [1m[34mSELECT "request_types".* FROM "request_types" WHERE "request_types"."deleted_at" IS NULL AND "request_types"."id" IN ('dbc4ad97-8696-4a00-9423-3d4df65dbd59', '1f5dd956-b4d1-456e-a5ea-d3c63ebde7b8') /*action='index',application='ApprovalEngine',controller='requests'*/[0m
  ↳ app/controllers/api/v1/requests_controller.rb:22:in 'Api::V1::RequestsController#index'
  [1m[36mApproval Load (0.2ms)[0m  [1m[34mSELECT "approvals".* FROM "approvals" WHERE "approvals"."request_id" IN ('2250d943-5e91-418f-bb33-a65d48294246', '3349468a-bcfd-4c23-a10a-67f15e8ab049', '80a2e814-4ac5-4c14-aa03-65297f8e8a05', 'd31cb57e-3c91-4e86-a2d6-a850d791d93c', '907c2d07-9cb6-4d85-a45f-0909c013f7b3', '9bebdd1e-d5eb-4f0c-be3a-68caecd92ea5', 'e19d56e8-6d6c-4ac1-b939-e50ecdf6cdcb', 'f4b90444-bf2f-41a1-9ac4-c1925813404b', '59504973-a39c-45b4-8944-2caf42d8b290', 'c40b1942-ea39-425c-8541-297a8c1f9afa') /*action='index',application='ApprovalEngine',controller='requests'*/[0m
  ↳ app/controllers/api/v1/requests_controller.rb:22:in 'Api::V1::RequestsController#index'
  [1m[36mUser Load (0.2ms)[0m  [1m[34mSELECT "users".* FROM "users" INNER JOIN "request_type_approvers" ON "users"."id" = "request_type_approvers"."user_id" WHERE "users"."deleted_at" IS NULL AND "request_type_approvers"."request_type_id" = 'dbc4ad97-8696-4a00-9423-3d4df65dbd59' /*action='index',application='ApprovalEngine',controller='requests'*/[0m
  ↳ app/controllers/api/v1/requests_controller.rb:22:in 'Api::V1::RequestsController#index'
  [1m[36mRule Load (0.2ms)[0m  [1m[34mSELECT "rules".* FROM "rules" WHERE "rules"."deleted_at" IS NULL AND "rules"."id" = '4f5a2b27-f6dd-47a0-ba23-bb8b1c83d65f' LIMIT 1 /*action='index',application='ApprovalEngine',controller='requests'*/[0m
  ↳ app/controllers/api/v1/requests_controller.rb:22:in 'Api::V1::RequestsController#index'
  [1m[36mRequestType Load (0.1ms)[0m  [1m[34mSELECT "request_types".* FROM "request_types" WHERE "request_types"."deleted_at" IS NULL AND "request_types"."id" = 'dbc4ad97-8696-4a00-9423-3d4df65dbd59' LIMIT 1 /*action='index',application='ApprovalEngine',controller='requests'*/[0m
  ↳ app/controllers/api/v1/requests_controller.rb:22:in 'Api::V1::RequestsController#index'
  [1m[36mCACHE User Load (0.0ms)[0m  [1m[34mSELECT "users".* FROM "users" INNER JOIN "request_type_approvers" ON "users"."id" = "request_type_approvers"."user_id" WHERE "users"."deleted_at" IS NULL AND "request_type_approvers"."request_type_id" = 'dbc4ad97-8696-4a00-9423-3d4df65dbd59'[0m
  ↳ app/controllers/api/v1/requests_controller.rb:22:in 'Api::V1::RequestsController#index'
  [1m[36mCACHE Rule Load (0.0ms)[0m  [1m[34mSELECT "rules".* FROM "rules" WHERE "rules"."deleted_at" IS NULL AND "rules"."id" = '4f5a2b27-f6dd-47a0-ba23-bb8b1c83d65f' LIMIT 1[0m
  ↳ app/controllers/api/v1/requests_controller.rb:22:in 'Api::V1::RequestsController#index'
  [1m[36mCACHE RequestType Load (0.0ms)[0m  [1m[34mSELECT "request_types".* FROM "request_types" WHERE "request_types"."deleted_at" IS NULL AND "request_types"."id" = 'dbc4ad97-8696-4a00-9423-3d4df65dbd59' LIMIT 1[0m
  ↳ app/controllers/api/v1/requests_controller.rb:22:in 'Api::V1::RequestsController#index'
  [1m[36mCACHE User Load (0.0ms)[0m  [1m[34mSELECT "users".* FROM "users" INNER JOIN "request_type_approvers" ON "users"."id" = "request_type_approvers"."user_id" WHERE "users"."deleted_at" IS NULL AND "request_type_approvers"."request_type_id" = 'dbc4ad97-8696-4a00-9423-3d4df65dbd59'[0m
  ↳ app/controllers/api/v1/requests_controller.rb:22:in 'Api::V1::RequestsController#index'
  [1m[36mCACHE Rule Load (0.0ms)[0m  [1m[34mSELECT "rules".* FROM "rules" WHERE "rules"."deleted_at" IS NULL AND "rules"."id" = '4f5a2b27-f6dd-47a0-ba23-bb8b1c83d65f' LIMIT 1[0m
  ↳ app/controllers/api/v1/requests_controller.rb:22:in 'Api::V1::RequestsController#index'
  [1m[36mCACHE RequestType Load (0.0ms)[0m  [1m[34mSELECT "request_types".* FROM "request_types" WHERE "request_types"."deleted_at" IS NULL AND "request_types"."id" = 'dbc4ad97-8696-4a00-9423-3d4df65dbd59' LIMIT 1[0m
  ↳ app/controllers/api/v1/requests_controller.rb:22:in 'Api::V1::RequestsController#index'
  [1m[36mCACHE User Load (0.0ms)[0m  [1m[34mSELECT "users".* FROM "users" INNER JOIN "request_type_approvers" ON "users"."id" = "request_type_approvers"."user_id" WHERE "users"."deleted_at" IS NULL AND "request_type_approvers"."request_type_id" = 'dbc4ad97-8696-4a00-9423-3d4df65dbd59'[0m
  ↳ app/controllers/api/v1/requests_controller.rb:22:in 'Api::V1::RequestsController#index'
  [1m[36mUser Load (0.4ms)[0m  [1m[34mSELECT "users".* FROM "users" INNER JOIN "request_type_approvers" ON "users"."id" = "request_type_approvers"."user_id" WHERE "users"."deleted_at" IS NULL AND "request_type_approvers"."request_type_id" = '1f5dd956-b4d1-456e-a5ea-d3c63ebde7b8' /*action='index',application='ApprovalEngine',controller='requests'*/[0m
  ↳ app/controllers/api/v1/requests_controller.rb:22:in 'Api::V1::RequestsController#index'
  [1m[36mRule Load (0.2ms)[0m  [1m[34mSELECT "rules".* FROM "rules" WHERE "rules"."deleted_at" IS NULL AND "rules"."id" = '269d79fa-dc15-4468-a104-db1cf9dc960b' LIMIT 1 /*action='index',application='ApprovalEngine',controller='requests'*/[0m
  ↳ app/controllers/api/v1/requests_controller.rb:22:in 'Api::V1::RequestsController#index'
  [1m[36mRequestType Load (0.2ms)[0m  [1m[34mSELECT "request_types".* FROM "request_types" WHERE "request_types"."deleted_at" IS NULL AND "request_types"."id" = '1f5dd956-b4d1-456e-a5ea-d3c63ebde7b8' LIMIT 1 /*action='index',application='ApprovalEngine',controller='requests'*/[0m
  ↳ app/controllers/api/v1/requests_controller.rb:22:in 'Api::V1::RequestsController#index'
  [1m[36mCACHE User Load (0.0ms)[0m  [1m[34mSELECT "users".* FROM "users" INNER JOIN "request_type_approvers" ON "users"."id" = "request_type_approvers"."user_id" WHERE "users"."deleted_at" IS NULL AND "request_type_approvers"."request_type_id" = '1f5dd956-b4d1-456e-a5ea-d3c63ebde7b8'[0m
  ↳ app/controllers/api/v1/requests_controller.rb:22:in 'Api::V1::RequestsController#index'
  [1m[36mCACHE Rule Load (0.0ms)[0m  [1m[34mSELECT "rules".* FROM "rules" WHERE "rules"."deleted_at" IS NULL AND "rules"."id" = '269d79fa-dc15-4468-a104-db1cf9dc960b' LIMIT 1[0m
  ↳ app/controllers/api/v1/requests_controller.rb:22:in 'Api::V1::RequestsController#index'
  [1m[36mCACHE RequestType Load (0.0ms)[0m  [1m[34mSELECT "request_types".* FROM "request_types" WHERE "request_types"."deleted_at" IS NULL AND "request_types"."id" = '1f5dd956-b4d1-456e-a5ea-d3c63ebde7b8' LIMIT 1[0m
  ↳ app/controllers/api/v1/requests_controller.rb:22:in 'Api::V1::RequestsController#index'
  [1m[36mCACHE User Load (0.0ms)[0m  [1m[34mSELECT "users".* FROM "users" INNER JOIN "request_type_approvers" ON "users"."id" = "request_type_approvers"."user_id" WHERE "users"."deleted_at" IS NULL AND "request_type_approvers"."request_type_id" = '1f5dd956-b4d1-456e-a5ea-d3c63ebde7b8'[0m
  ↳ app/controllers/api/v1/requests_controller.rb:22:in 'Api::V1::RequestsController#index'
  [1m[36mCACHE Rule Load (0.0ms)[0m  [1m[34mSELECT "rules".* FROM "rules" WHERE "rules"."deleted_at" IS NULL AND "rules"."id" = '269d79fa-dc15-4468-a104-db1cf9dc960b' LIMIT 1[0m
  ↳ app/controllers/api/v1/requests_controller.rb:22:in 'Api::V1::RequestsController#index'
  [1m[36mCACHE RequestType Load (0.0ms)[0m  [1m[34mSELECT "request_types".* FROM "request_types" WHERE "request_types"."deleted_at" IS NULL AND "request_types"."id" = '1f5dd956-b4d1-456e-a5ea-d3c63ebde7b8' LIMIT 1[0m
  ↳ app/controllers/api/v1/requests_controller.rb:22:in 'Api::V1::RequestsController#index'
  [1m[36mCACHE User Load (0.0ms)[0m  [1m[34mSELECT "users".* FROM "users" INNER JOIN "request_type_approvers" ON "users"."id" = "request_type_approvers"."user_id" WHERE "users"."deleted_at" IS NULL AND "request_type_approvers"."request_type_id" = '1f5dd956-b4d1-456e-a5ea-d3c63ebde7b8'[0m
  ↳ app/controllers/api/v1/requests_controller.rb:22:in 'Api::V1::RequestsController#index'
  [1m[36mRule Load (0.4ms)[0m  [1m[34mSELECT "rules".* FROM "rules" WHERE "rules"."deleted_at" IS NULL AND "rules"."id" = '6d9b88af-a02d-4d3c-8099-8cb7fb3a2d4a' LIMIT 1 /*action='index',application='ApprovalEngine',controller='requests'*/[0m
  ↳ app/controllers/api/v1/requests_controller.rb:22:in 'Api::V1::RequestsController#index'
  [1m[36mCACHE RequestType Load (0.0ms)[0m  [1m[34mSELECT "request_types".* FROM "request_types" WHERE "request_types"."deleted_at" IS NULL AND "request_types"."id" = 'dbc4ad97-8696-4a00-9423-3d4df65dbd59' LIMIT 1[0m
  ↳ app/controllers/api/v1/requests_controller.rb:22:in 'Api::V1::RequestsController#index'
  [1m[36mCACHE User Load (0.0ms)[0m  [1m[34mSELECT "users".* FROM "users" INNER JOIN "request_type_approvers" ON "users"."id" = "request_type_approvers"."user_id" WHERE "users"."deleted_at" IS NULL AND "request_type_approvers"."request_type_id" = 'dbc4ad97-8696-4a00-9423-3d4df65dbd59'[0m
  ↳ app/controllers/api/v1/requests_controller.rb:22:in 'Api::V1::RequestsController#index'
  [1m[36mCACHE Rule Load (0.0ms)[0m  [1m[34mSELECT "rules".* FROM "rules" WHERE "rules"."deleted_at" IS NULL AND "rules"."id" = '6d9b88af-a02d-4d3c-8099-8cb7fb3a2d4a' LIMIT 1[0m
  ↳ app/controllers/api/v1/requests_controller.rb:22:in 'Api::V1::RequestsController#index'
  [1m[36mCACHE RequestType Load (0.0ms)[0m  [1m[34mSELECT "request_types".* FROM "request_types" WHERE "request_types"."deleted_at" IS NULL AND "request_types"."id" = 'dbc4ad97-8696-4a00-9423-3d4df65dbd59' LIMIT 1[0m
  ↳ app/controllers/api/v1/requests_controller.rb:22:in 'Api::V1::RequestsController#index'
  [1m[36mCACHE User Load (0.0ms)[0m  [1m[34mSELECT "users".* FROM "users" INNER JOIN "request_type_approvers" ON "users"."id" = "request_type_approvers"."user_id" WHERE "users"."deleted_at" IS NULL AND "request_type_approvers"."request_type_id" = 'dbc4ad97-8696-4a00-9423-3d4df65dbd59'[0m
  ↳ app/controllers/api/v1/requests_controller.rb:22:in 'Api::V1::RequestsController#index'
  [1m[36mRule Load (0.2ms)[0m  [1m[34mSELECT "rules".* FROM "rules" WHERE "rules"."deleted_at" IS NULL AND "rules"."id" = '8a1dd6be-6d3e-43cb-86c0-7b9c09bb6f91' LIMIT 1 /*action='index',application='ApprovalEngine',controller='requests'*/[0m
  ↳ app/controllers/api/v1/requests_controller.rb:22:in 'Api::V1::RequestsController#index'
  [1m[36mRule Load (0.1ms)[0m  [1m[34mSELECT "rules".* FROM "rules" WHERE "rules"."deleted_at" IS NULL AND "rules"."id" = '48a78e3e-3f71-41f5-a9b5-01ff3306a6d0' LIMIT 1 /*action='index',application='ApprovalEngine',controller='requests'*/[0m
  ↳ app/controllers/api/v1/requests_controller.rb:22:in 'Api::V1::RequestsController#index'
  [1m[36mCACHE RequestType Load (0.0ms)[0m  [1m[34mSELECT "request_types".* FROM "request_types" WHERE "request_types"."deleted_at" IS NULL AND "request_types"."id" = 'dbc4ad97-8696-4a00-9423-3d4df65dbd59' LIMIT 1[0m
  ↳ app/controllers/api/v1/requests_controller.rb:22:in 'Api::V1::RequestsController#index'
  [1m[36mCACHE User Load (0.0ms)[0m  [1m[34mSELECT "users".* FROM "users" INNER JOIN "request_type_approvers" ON "users"."id" = "request_type_approvers"."user_id" WHERE "users"."deleted_at" IS NULL AND "request_type_approvers"."request_type_id" = 'dbc4ad97-8696-4a00-9423-3d4df65dbd59'[0m
  ↳ app/controllers/api/v1/requests_controller.rb:22:in 'Api::V1::RequestsController#index'
Completed 200 OK in 40ms (Views: 0.2ms | ActiveRecord: 3.5ms (37 queries, 21 cached) | GC: 8.6ms)


Started GET "/api/v1/requests?page=2" for ::1 at 2026-02-08 22:23:22 +0530
Processing by Api::V1::RequestsController#index as HTML
  Parameters: {"page" => "2"}
  [1m[36mUser Load (0.4ms)[0m  [1m[34mSELECT "users".* FROM "users" WHERE "users"."deleted_at" IS NULL AND "users"."id" = 'a8b58455-32ed-4b42-af48-3bb969d2c5b8' LIMIT 1 /*action='index',application='ApprovalEngine',controller='requests'*/[0m
  ↳ app/controllers/concerns/authenticatable.rb:20:in 'Authenticatable#authenticate_user'
  [1m[36mTenant Load (0.2ms)[0m  [1m[34mSELECT "tenants".* FROM "tenants" WHERE "tenants"."deleted_at" IS NULL AND "tenants"."id" = 'aa29ef8c-86bf-413d-9ea9-ed2c4360c3a5' LIMIT 1 /*action='index',application='ApprovalEngine',controller='requests'*/[0m
  ↳ app/controllers/api/v1/requests_controller.rb:9:in 'Api::V1::RequestsController#index'
  [1m[36mRequest Count (0.3ms)[0m  [1m[34mSELECT COUNT(*) FROM "requests" WHERE "requests"."tenant_id" = 'aa29ef8c-86bf-413d-9ea9-ed2c4360c3a5' /*action='index',application='ApprovalEngine',controller='requests'*/[0m
  ↳ app/controllers/api/v1/requests_controller.rb:16:in 'Api::V1::RequestsController#index'
  [1m[36mRequest Load (0.2ms)[0m  [1m[34mSELECT "requests".* FROM "requests" WHERE "requests"."tenant_id" = 'aa29ef8c-86bf-413d-9ea9-ed2c4360c3a5' LIMIT 10 OFFSET 10 /*action='index',application='ApprovalEngine',controller='requests'*/[0m
  ↳ app/controllers/api/v1/requests_controller.rb:22:in 'Api::V1::RequestsController#index'
  [1m[36mUser Load (0.2ms)[0m  [1m[34mSELECT "users".* FROM "users" WHERE "users"."deleted_at" IS NULL AND "users"."id" IN ('24c0e984-3d03-44c6-bdb3-9e397ba9d8c2', '37ec41c9-c494-4128-bb94-07c2b87ad9e6', 'fe43d2ce-b8cd-4d8e-b6ed-2bd799945724', 'e3143983-a8ea-40e8-b2e5-399b41d73282') /*action='index',application='ApprovalEngine',controller='requests'*/[0m
  ↳ app/controllers/api/v1/requests_controller.rb:22:in 'Api::V1::RequestsController#index'
  [1m[36mRequestType Load (0.2ms)[0m  [1m[34mSELECT "request_types".* FROM "request_types" WHERE "request_types"."deleted_at" IS NULL AND "request_types"."id" IN ('1f5dd956-b4d1-456e-a5ea-d3c63ebde7b8', 'dbc4ad97-8696-4a00-9423-3d4df65dbd59') /*action='index',application='ApprovalEngine',controller='requests'*/[0m
  ↳ app/controllers/api/v1/requests_controller.rb:22:in 'Api::V1::RequestsController#index'
  [1m[36mApproval Load (0.2ms)[0m  [1m[34mSELECT "approvals".* FROM "approvals" WHERE "approvals"."request_id" IN ('40873ba3-35c3-4506-82e6-4f595ba5634c', '98dec99d-ce2c-4268-97d7-ebc7d5a6b62d', '185afc40-3aa9-4a26-8177-8d7bca45870c', '174d6d3c-993e-47b4-a309-3e63cb94c137', '145440e7-7ef4-4652-ae0e-e79515aac035', '4953134c-7c5c-4a29-8132-50bd579fcec8', '45ea2a57-b83c-406c-9a91-e54605c89fa0', '5baae476-eb1d-407f-9cf0-a4addb60c542', '0b14874d-75a2-49ac-af54-7025e87f2935', '337744f0-b2c2-4474-8a70-3c3e2a1e5cca') /*action='index',application='ApprovalEngine',controller='requests'*/[0m
  ↳ app/controllers/api/v1/requests_controller.rb:22:in 'Api::V1::RequestsController#index'
  [1m[36mUser Load (0.2ms)[0m  [1m[34mSELECT "users".* FROM "users" INNER JOIN "request_type_approvers" ON "users"."id" = "request_type_approvers"."user_id" WHERE "users"."deleted_at" IS NULL AND "request_type_approvers"."request_type_id" = '1f5dd956-b4d1-456e-a5ea-d3c63ebde7b8' /*action='index',application='ApprovalEngine',controller='requests'*/[0m
  ↳ app/controllers/api/v1/requests_controller.rb:22:in 'Api::V1::RequestsController#index'
  [1m[36mRule Load (0.4ms)[0m  [1m[34mSELECT "rules".* FROM "rules" WHERE "rules"."deleted_at" IS NULL AND "rules"."id" = 'bf0d0cb8-758c-434f-beb1-e73dee813eec' LIMIT 1 /*action='index',application='ApprovalEngine',controller='requests'*/[0m
  ↳ app/controllers/api/v1/requests_controller.rb:22:in 'Api::V1::RequestsController#index'
  [1m[36mRequestType Load (0.2ms)[0m  [1m[34mSELECT "request_types".* FROM "request_types" WHERE "request_types"."deleted_at" IS NULL AND "request_types"."id" = '1f5dd956-b4d1-456e-a5ea-d3c63ebde7b8' LIMIT 1 /*action='index',application='ApprovalEngine',controller='requests'*/[0m
  ↳ app/controllers/api/v1/requests_controller.rb:22:in 'Api::V1::RequestsController#index'
  [1m[36mCACHE User Load (0.0ms)[0m  [1m[34mSELECT "users".* FROM "users" INNER JOIN "request_type_approvers" ON "users"."id" = "request_type_approvers"."user_id" WHERE "users"."deleted_at" IS NULL AND "request_type_approvers"."request_type_id" = '1f5dd956-b4d1-456e-a5ea-d3c63ebde7b8'[0m
  ↳ app/controllers/api/v1/requests_controller.rb:22:in 'Api::V1::RequestsController#index'
  [1m[36mUser Load (0.2ms)[0m  [1m[34mSELECT "users".* FROM "users" INNER JOIN "request_type_approvers" ON "users"."id" = "request_type_approvers"."user_id" WHERE "users"."deleted_at" IS NULL AND "request_type_approvers"."request_type_id" = 'dbc4ad97-8696-4a00-9423-3d4df65dbd59' /*action='index',application='ApprovalEngine',controller='requests'*/[0m
  ↳ app/controllers/api/v1/requests_controller.rb:22:in 'Api::V1::RequestsController#index'
  [1m[36mCACHE User Load (0.0ms)[0m  [1m[34mSELECT "users".* FROM "users" WHERE "users"."deleted_at" IS NULL AND "users"."id" = 'a8b58455-32ed-4b42-af48-3bb969d2c5b8' LIMIT 1[0m
  ↳ app/controllers/api/v1/requests_controller.rb:22:in 'Api::V1::RequestsController#index'
  [1m[36mRule Load (0.1ms)[0m  [1m[34mSELECT "rules".* FROM "rules" WHERE "rules"."deleted_at" IS NULL AND "rules"."id" = '6d9b88af-a02d-4d3c-8099-8cb7fb3a2d4a' LIMIT 1 /*action='index',application='ApprovalEngine',controller='requests'*/[0m
  ↳ app/controllers/api/v1/requests_controller.rb:22:in 'Api::V1::RequestsController#index'
  [1m[36mRequestType Load (0.1ms)[0m  [1m[34mSELECT "request_types".* FROM "request_types" WHERE "request_types"."deleted_at" IS NULL AND "request_types"."id" = 'dbc4ad97-8696-4a00-9423-3d4df65dbd59' LIMIT 1 /*action='index',application='ApprovalEngine',controller='requests'*/[0m
  ↳ app/controllers/api/v1/requests_controller.rb:22:in 'Api::V1::RequestsController#index'
  [1m[36mCACHE User Load (0.0ms)[0m  [1m[34mSELECT "users".* FROM "users" INNER JOIN "request_type_approvers" ON "users"."id" = "request_type_approvers"."user_id" WHERE "users"."deleted_at" IS NULL AND "request_type_approvers"."request_type_id" = 'dbc4ad97-8696-4a00-9423-3d4df65dbd59'[0m
  ↳ app/controllers/api/v1/requests_controller.rb:22:in 'Api::V1::RequestsController#index'
  [1m[36mCACHE User Load (0.0ms)[0m  [1m[34mSELECT "users".* FROM "users" WHERE "users"."deleted_at" IS NULL AND "users"."id" = 'a8b58455-32ed-4b42-af48-3bb969d2c5b8' LIMIT 1[0m
  ↳ app/controllers/api/v1/requests_controller.rb:22:in 'Api::V1::RequestsController#index'
  [1m[36mRule Load (0.1ms)[0m  [1m[34mSELECT "rules".* FROM "rules" WHERE "rules"."deleted_at" IS NULL AND "rules"."id" = '48a78e3e-3f71-41f5-a9b5-01ff3306a6d0' LIMIT 1 /*action='index',application='ApprovalEngine',controller='requests'*/[0m
  ↳ app/controllers/api/v1/requests_controller.rb:22:in 'Api::V1::RequestsController#index'
  [1m[36mCACHE RequestType Load (0.0ms)[0m  [1m[34mSELECT "request_types".* FROM "request_types" WHERE "request_types"."deleted_at" IS NULL AND "request_types"."id" = 'dbc4ad97-8696-4a00-9423-3d4df65dbd59' LIMIT 1[0m
  ↳ app/controllers/api/v1/requests_controller.rb:22:in 'Api::V1::RequestsController#index'
  [1m[36mCACHE User Load (0.0ms)[0m  [1m[34mSELECT "users".* FROM "users" INNER JOIN "request_type_approvers" ON "users"."id" = "request_type_approvers"."user_id" WHERE "users"."deleted_at" IS NULL AND "request_type_approvers"."request_type_id" = 'dbc4ad97-8696-4a00-9423-3d4df65dbd59'[0m
  ↳ app/controllers/api/v1/requests_controller.rb:22:in 'Api::V1::RequestsController#index'
  [1m[36mCACHE User Load (0.0ms)[0m  [1m[34mSELECT "users".* FROM "users" WHERE "users"."deleted_at" IS NULL AND "users"."id" = 'a8b58455-32ed-4b42-af48-3bb969d2c5b8' LIMIT 1[0m
  ↳ app/controllers/api/v1/requests_controller.rb:22:in 'Api::V1::RequestsController#index'
  [1m[36mCACHE Rule Load (0.0ms)[0m  [1m[34mSELECT "rules".* FROM "rules" WHERE "rules"."deleted_at" IS NULL AND "rules"."id" = '48a78e3e-3f71-41f5-a9b5-01ff3306a6d0' LIMIT 1[0m
  ↳ app/controllers/api/v1/requests_controller.rb:22:in 'Api::V1::RequestsController#index'
  [1m[36mCACHE RequestType Load (0.0ms)[0m  [1m[34mSELECT "request_types".* FROM "request_types" WHERE "request_types"."deleted_at" IS NULL AND "request_types"."id" = 'dbc4ad97-8696-4a00-9423-3d4df65dbd59' LIMIT 1[0m
  ↳ app/controllers/api/v1/requests_controller.rb:22:in 'Api::V1::RequestsController#index'
  [1m[36mCACHE User Load (0.0ms)[0m  [1m[34mSELECT "users".* FROM "users" INNER JOIN "request_type_approvers" ON "users"."id" = "request_type_approvers"."user_id" WHERE "users"."deleted_at" IS NULL AND "request_type_approvers"."request_type_id" = 'dbc4ad97-8696-4a00-9423-3d4df65dbd59'[0m
  ↳ app/controllers/api/v1/requests_controller.rb:22:in 'Api::V1::RequestsController#index'
  [1m[36mCACHE User Load (0.0ms)[0m  [1m[34mSELECT "users".* FROM "users" WHERE "users"."deleted_at" IS NULL AND "users"."id" = 'a8b58455-32ed-4b42-af48-3bb969d2c5b8' LIMIT 1[0m
  ↳ app/controllers/api/v1/requests_controller.rb:22:in 'Api::V1::RequestsController#index'
  [1m[36mRule Load (0.2ms)[0m  [1m[34mSELECT "rules".* FROM "rules" WHERE "rules"."deleted_at" IS NULL AND "rules"."id" = '8a1dd6be-6d3e-43cb-86c0-7b9c09bb6f91' LIMIT 1 /*action='index',application='ApprovalEngine',controller='requests'*/[0m
  ↳ app/controllers/api/v1/requests_controller.rb:22:in 'Api::V1::RequestsController#index'
  [1m[36mCACHE User Load (0.0ms)[0m  [1m[34mSELECT "users".* FROM "users" WHERE "users"."deleted_at" IS NULL AND "users"."id" = 'a8b58455-32ed-4b42-af48-3bb969d2c5b8' LIMIT 1[0m
  ↳ app/controllers/api/v1/requests_controller.rb:22:in 'Api::V1::RequestsController#index'
  [1m[36mCACHE Rule Load (0.0ms)[0m  [1m[34mSELECT "rules".* FROM "rules" WHERE "rules"."deleted_at" IS NULL AND "rules"."id" = 'bf0d0cb8-758c-434f-beb1-e73dee813eec' LIMIT 1[0m
  ↳ app/controllers/api/v1/requests_controller.rb:22:in 'Api::V1::RequestsController#index'
  [1m[36mCACHE RequestType Load (0.0ms)[0m  [1m[34mSELECT "request_types".* FROM "request_types" WHERE "request_types"."deleted_at" IS NULL AND "request_types"."id" = '1f5dd956-b4d1-456e-a5ea-d3c63ebde7b8' LIMIT 1[0m
  ↳ app/controllers/api/v1/requests_controller.rb:22:in 'Api::V1::RequestsController#index'
  [1m[36mCACHE User Load (0.0ms)[0m  [1m[34mSELECT "users".* FROM "users" INNER JOIN "request_type_approvers" ON "users"."id" = "request_type_approvers"."user_id" WHERE "users"."deleted_at" IS NULL AND "request_type_approvers"."request_type_id" = '1f5dd956-b4d1-456e-a5ea-d3c63ebde7b8'[0m
  ↳ app/controllers/api/v1/requests_controller.rb:22:in 'Api::V1::RequestsController#index'
  [1m[36mCACHE User Load (0.0ms)[0m  [1m[34mSELECT "users".* FROM "users" WHERE "users"."deleted_at" IS NULL AND "users"."id" = 'a8b58455-32ed-4b42-af48-3bb969d2c5b8' LIMIT 1[0m
  ↳ app/controllers/api/v1/requests_controller.rb:22:in 'Api::V1::RequestsController#index'
  [1m[36mRule Load (0.2ms)[0m  [1m[34mSELECT "rules".* FROM "rules" WHERE "rules"."deleted_at" IS NULL AND "rules"."id" = '4f5a2b27-f6dd-47a0-ba23-bb8b1c83d65f' LIMIT 1 /*action='index',application='ApprovalEngine',controller='requests'*/[0m
  ↳ app/controllers/api/v1/requests_controller.rb:22:in 'Api::V1::RequestsController#index'
  [1m[36mCACHE RequestType Load (0.0ms)[0m  [1m[34mSELECT "request_types".* FROM "request_types" WHERE "request_types"."deleted_at" IS NULL AND "request_types"."id" = 'dbc4ad97-8696-4a00-9423-3d4df65dbd59' LIMIT 1[0m
  ↳ app/controllers/api/v1/requests_controller.rb:22:in 'Api::V1::RequestsController#index'
  [1m[36mCACHE User Load (0.0ms)[0m  [1m[34mSELECT "users".* FROM "users" INNER JOIN "request_type_approvers" ON "users"."id" = "request_type_approvers"."user_id" WHERE "users"."deleted_at" IS NULL AND "request_type_approvers"."request_type_id" = 'dbc4ad97-8696-4a00-9423-3d4df65dbd59'[0m
  ↳ app/controllers/api/v1/requests_controller.rb:22:in 'Api::V1::RequestsController#index'
  [1m[36mCACHE Rule Load (0.0ms)[0m  [1m[34mSELECT "rules".* FROM "rules" WHERE "rules"."deleted_at" IS NULL AND "rules"."id" = 'bf0d0cb8-758c-434f-beb1-e73dee813eec' LIMIT 1[0m
  ↳ app/controllers/api/v1/requests_controller.rb:22:in 'Api::V1::RequestsController#index'
  [1m[36mCACHE RequestType Load (0.0ms)[0m  [1m[34mSELECT "request_types".* FROM "request_types" WHERE "request_types"."deleted_at" IS NULL AND "request_types"."id" = '1f5dd956-b4d1-456e-a5ea-d3c63ebde7b8' LIMIT 1[0m
  ↳ app/controllers/api/v1/requests_controller.rb:22:in 'Api::V1::RequestsController#index'
  [1m[36mCACHE User Load (0.0ms)[0m  [1m[34mSELECT "users".* FROM "users" INNER JOIN "request_type_approvers" ON "users"."id" = "request_type_approvers"."user_id" WHERE "users"."deleted_at" IS NULL AND "request_type_approvers"."request_type_id" = '1f5dd956-b4d1-456e-a5ea-d3c63ebde7b8'[0m
  ↳ app/controllers/api/v1/requests_controller.rb:22:in 'Api::V1::RequestsController#index'
  [1m[36mCACHE Rule Load (0.0ms)[0m  [1m[34mSELECT "rules".* FROM "rules" WHERE "rules"."deleted_at" IS NULL AND "rules"."id" = '48a78e3e-3f71-41f5-a9b5-01ff3306a6d0' LIMIT 1[0m
  ↳ app/controllers/api/v1/requests_controller.rb:22:in 'Api::V1::RequestsController#index'
  [1m[36mCACHE RequestType Load (0.0ms)[0m  [1m[34mSELECT "request_types".* FROM "request_types" WHERE "request_types"."deleted_at" IS NULL AND "request_types"."id" = 'dbc4ad97-8696-4a00-9423-3d4df65dbd59' LIMIT 1[0m
  ↳ app/controllers/api/v1/requests_controller.rb:22:in 'Api::V1::RequestsController#index'
  [1m[36mCACHE User Load (0.0ms)[0m  [1m[34mSELECT "users".* FROM "users" INNER JOIN "request_type_approvers" ON "users"."id" = "request_type_approvers"."user_id" WHERE "users"."deleted_at" IS NULL AND "request_type_approvers"."request_type_id" = 'dbc4ad97-8696-4a00-9423-3d4df65dbd59'[0m
  ↳ app/controllers/api/v1/requests_controller.rb:22:in 'Api::V1::RequestsController#index'
  [1m[36mCACHE User Load (0.0ms)[0m  [1m[34mSELECT "users".* FROM "users" WHERE "users"."deleted_at" IS NULL AND "users"."id" = 'a8b58455-32ed-4b42-af48-3bb969d2c5b8' LIMIT 1[0m
  ↳ app/controllers/api/v1/requests_controller.rb:22:in 'Api::V1::RequestsController#index'
  [1m[36mRule Load (0.2ms)[0m  [1m[34mSELECT "rules".* FROM "rules" WHERE "rules"."deleted_at" IS NULL AND "rules"."id" = '1080d429-9d8c-4294-bf05-4b56efcf7824' LIMIT 1 /*action='index',application='ApprovalEngine',controller='requests'*/[0m
  ↳ app/controllers/api/v1/requests_controller.rb:22:in 'Api::V1::RequestsController#index'
  [1m[36mCACHE RequestType Load (0.0ms)[0m  [1m[34mSELECT "request_types".* FROM "request_types" WHERE "request_types"."deleted_at" IS NULL AND "request_types"."id" = '1f5dd956-b4d1-456e-a5ea-d3c63ebde7b8' LIMIT 1[0m
  ↳ app/controllers/api/v1/requests_controller.rb:22:in 'Api::V1::RequestsController#index'
  [1m[36mCACHE User Load (0.0ms)[0m  [1m[34mSELECT "users".* FROM "users" INNER JOIN "request_type_approvers" ON "users"."id" = "request_type_approvers"."user_id" WHERE "users"."deleted_at" IS NULL AND "request_type_approvers"."request_type_id" = '1f5dd956-b4d1-456e-a5ea-d3c63ebde7b8'[0m
  ↳ app/controllers/api/v1/requests_controller.rb:22:in 'Api::V1::RequestsController#index'
Completed 200 OK in 37ms (Views: 0.3ms | ActiveRecord: 3.5ms (44 queries, 27 cached) | GC: 3.5ms)


Started GET "/api/v1/approver/requests?page=1" for ::1 at 2026-02-08 22:24:28 +0530
Processing by Api::V1::Approver::RequestsController#index as HTML
  Parameters: {"page" => "1"}
  [1m[36mUser Load (0.4ms)[0m  [1m[34mSELECT "users".* FROM "users" WHERE "users"."deleted_at" IS NULL AND "users"."id" = 'a8b58455-32ed-4b42-af48-3bb969d2c5b8' LIMIT 1 /*action='index',application='ApprovalEngine',controller='requests'*/[0m
  ↳ app/controllers/concerns/authenticatable.rb:20:in 'Authenticatable#authenticate_user'
  [1m[36mRequest Count (0.3ms)[0m  [1m[34mSELECT COUNT(*) FROM "requests" WHERE "requests"."status" = 'pending_approval' AND "requests"."tenant_id" = 'aa29ef8c-86bf-413d-9ea9-ed2c4360c3a5' /*action='index',application='ApprovalEngine',controller='requests'*/[0m
  ↳ app/controllers/api/v1/approver/requests_controller.rb:24:in 'Api::V1::Approver::RequestsController#index'
  [1m[36mRequest Load (0.3ms)[0m  [1m[34mSELECT "requests".* FROM "requests" WHERE "requests"."status" = 'pending_approval' AND "requests"."tenant_id" = 'aa29ef8c-86bf-413d-9ea9-ed2c4360c3a5' LIMIT 10 OFFSET 0 /*action='index',application='ApprovalEngine',controller='requests'*/[0m
  ↳ app/controllers/api/v1/approver/requests_controller.rb:30:in 'Api::V1::Approver::RequestsController#index'
Completed 200 OK in 5ms (Views: 0.1ms | ActiveRecord: 1.0ms (3 queries, 0 cached) | GC: 0.0ms)


Started POST "/api/v1/login" for ::1 at 2026-02-08 22:27:54 +0530
Processing by Api::V1::AuthController#login as HTML
  Parameters: {"email" => "[FILTERED]", "password" => "[FILTERED]", "auth" => {"email" => "[FILTERED]", "password" => "[FILTERED]"}}
  [1m[36mUser Load (0.4ms)[0m  [1m[34mSELECT "users".* FROM "users" WHERE "users"."deleted_at" IS NULL AND "users"."email" = 'ishaan@example.com' LIMIT 1 /*action='login',application='ApprovalEngine',controller='auth'*/[0m
  ↳ app/controllers/api/v1/auth_controller.rb:7:in 'Api::V1::AuthController#login'
Completed 200 OK in 181ms (Views: 0.1ms | ActiveRecord: 0.4ms (1 query, 0 cached) | GC: 0.0ms)


Started GET "/api/v1/approver/requests?page=1" for ::1 at 2026-02-08 22:27:54 +0530
Started GET "/api/v1/reports/me" for ::1 at 2026-02-08 22:27:54 +0530
Processing by Api::V1::Approver::RequestsController#index as HTML
  Parameters: {"page" => "1"}
  [1m[36mUser Load (0.6ms)[0m  [1m[34mSELECT "users".* FROM "users" WHERE "users"."deleted_at" IS NULL AND "users"."id" = '37ec41c9-c494-4128-bb94-07c2b87ad9e6' LIMIT 1 /*action='index',application='ApprovalEngine',controller='requests'*/[0m
  ↳ app/controllers/concerns/authenticatable.rb:20:in 'Authenticatable#authenticate_user'
  [1m[36mRequest Count (0.7ms)[0m  [1m[34mSELECT COUNT(*) FROM "requests" INNER JOIN "request_types" ON "request_types"."deleted_at" IS NULL AND "request_types"."id" = "requests"."request_type_id" INNER JOIN "request_type_approvers" ON "request_type_approvers"."request_type_id" = "request_types"."id" WHERE "requests"."status" = 'pending_approval' AND "request_type_approvers"."user_id" = '37ec41c9-c494-4128-bb94-07c2b87ad9e6' /*action='index',application='ApprovalEngine',controller='requests'*/[0m
  ↳ app/controllers/api/v1/approver/requests_controller.rb:24:in 'Api::V1::Approver::RequestsController#index'
  [1m[36mRequest Load (0.8ms)[0m  [1m[34mSELECT "requests".* FROM "requests" INNER JOIN "request_types" ON "request_types"."deleted_at" IS NULL AND "request_types"."id" = "requests"."request_type_id" INNER JOIN "request_type_approvers" ON "request_type_approvers"."request_type_id" = "request_types"."id" WHERE "requests"."status" = 'pending_approval' AND "request_type_approvers"."user_id" = '37ec41c9-c494-4128-bb94-07c2b87ad9e6' LIMIT 10 OFFSET 0 /*action='index',application='ApprovalEngine',controller='requests'*/[0m
  ↳ app/controllers/api/v1/approver/requests_controller.rb:30:in 'Api::V1::Approver::RequestsController#index'
Completed 200 OK in 8ms (Views: 0.1ms | ActiveRecord: 2.1ms (3 queries, 0 cached) | GC: 0.6ms)


Processing by Api::V1::ReportsController#me as HTML
  [1m[36mUser Load (0.3ms)[0m  [1m[34mSELECT "users".* FROM "users" WHERE "users"."deleted_at" IS NULL AND "users"."id" = '37ec41c9-c494-4128-bb94-07c2b87ad9e6' LIMIT 1 /*action='me',application='ApprovalEngine',controller='reports'*/[0m
  ↳ app/controllers/concerns/authenticatable.rb:20:in 'Authenticatable#authenticate_user'
  [1m[36mTenant Load (0.2ms)[0m  [1m[34mSELECT "tenants".* FROM "tenants" WHERE "tenants"."deleted_at" IS NULL AND "tenants"."id" = 'aa29ef8c-86bf-413d-9ea9-ed2c4360c3a5' LIMIT 1 /*action='me',application='ApprovalEngine',controller='reports'*/[0m
  ↳ app/controllers/api/v1/reports_controller.rb:11:in 'Api::V1::ReportsController#me'
  [1m[36mApproval Count (0.3ms)[0m  [1m[34mSELECT COUNT(*) AS "count_all", "approvals"."action" AS "approvals_action" FROM "approvals" WHERE "approvals"."approver_id" = '37ec41c9-c494-4128-bb94-07c2b87ad9e6' AND "approvals"."tenant_id" = 'aa29ef8c-86bf-413d-9ea9-ed2c4360c3a5' GROUP BY "approvals"."action" /*action='me',application='ApprovalEngine',controller='reports'*/[0m
  ↳ app/services/my_report_calculator.rb:55:in 'MyReportCalculator#approver_report'
  [1m[36mRequest Count (0.3ms)[0m  [1m[34mSELECT COUNT(*) FROM "requests" INNER JOIN "request_types" ON "request_types"."deleted_at" IS NULL AND "request_types"."id" = "requests"."request_type_id" INNER JOIN "request_type_approvers" ON "request_type_approvers"."request_type_id" = "request_types"."id" WHERE "requests"."status" = 'pending_approval' AND "request_type_approvers"."user_id" = '37ec41c9-c494-4128-bb94-07c2b87ad9e6' /*action='me',application='ApprovalEngine',controller='reports'*/[0m
  ↳ app/services/my_report_calculator.rb:62:in 'MyReportCalculator#approver_report'
  [1m[36mRequest Count (0.2ms)[0m  [1m[34mSELECT COUNT(*) AS "count_all", "requests"."status" AS "requests_status" FROM "requests" WHERE "requests"."tenant_id" = 'aa29ef8c-86bf-413d-9ea9-ed2c4360c3a5' AND "requests"."requester_id" = '37ec41c9-c494-4128-bb94-07c2b87ad9e6' GROUP BY "requests"."status" /*action='me',application='ApprovalEngine',controller='reports'*/[0m
  ↳ app/services/my_report_calculator.rb:68:in 'MyReportCalculator#approver_report'
Completed 200 OK in 7ms (Views: 0.1ms | ActiveRecord: 1.4ms (5 queries, 0 cached) | GC: 0.1ms)


Started GET "/api/v1/requests?page=1" for ::1 at 2026-02-08 22:27:58 +0530
Processing by Api::V1::RequestsController#index as HTML
  Parameters: {"page" => "1"}
  [1m[36mUser Load (0.5ms)[0m  [1m[34mSELECT "users".* FROM "users" WHERE "users"."deleted_at" IS NULL AND "users"."id" = '37ec41c9-c494-4128-bb94-07c2b87ad9e6' LIMIT 1 /*action='index',application='ApprovalEngine',controller='requests'*/[0m
  ↳ app/controllers/concerns/authenticatable.rb:20:in 'Authenticatable#authenticate_user'
  [1m[36mTenant Load (0.2ms)[0m  [1m[34mSELECT "tenants".* FROM "tenants" WHERE "tenants"."deleted_at" IS NULL AND "tenants"."id" = 'aa29ef8c-86bf-413d-9ea9-ed2c4360c3a5' LIMIT 1 /*action='index',application='ApprovalEngine',controller='requests'*/[0m
  ↳ app/controllers/api/v1/requests_controller.rb:12:in 'Api::V1::RequestsController#index'
  [1m[36mRequest Count (0.2ms)[0m  [1m[34mSELECT COUNT(*) FROM "requests" WHERE "requests"."tenant_id" = 'aa29ef8c-86bf-413d-9ea9-ed2c4360c3a5' AND "requests"."requester_id" = '37ec41c9-c494-4128-bb94-07c2b87ad9e6' /*action='index',application='ApprovalEngine',controller='requests'*/[0m
  ↳ app/controllers/api/v1/requests_controller.rb:16:in 'Api::V1::RequestsController#index'
  [1m[36mRequest Load (0.2ms)[0m  [1m[34mSELECT "requests".* FROM "requests" WHERE "requests"."tenant_id" = 'aa29ef8c-86bf-413d-9ea9-ed2c4360c3a5' AND "requests"."requester_id" = '37ec41c9-c494-4128-bb94-07c2b87ad9e6' LIMIT 10 OFFSET 0 /*action='index',application='ApprovalEngine',controller='requests'*/[0m
  ↳ app/controllers/api/v1/requests_controller.rb:22:in 'Api::V1::RequestsController#index'
  [1m[36mUser Load (0.2ms)[0m  [1m[34mSELECT "users".* FROM "users" WHERE "users"."deleted_at" IS NULL AND "users"."id" = '37ec41c9-c494-4128-bb94-07c2b87ad9e6' /*action='index',application='ApprovalEngine',controller='requests'*/[0m
  ↳ app/controllers/api/v1/requests_controller.rb:22:in 'Api::V1::RequestsController#index'
  [1m[36mRequestType Load (0.2ms)[0m  [1m[34mSELECT "request_types".* FROM "request_types" WHERE "request_types"."deleted_at" IS NULL AND "request_types"."id" IN ('dbc4ad97-8696-4a00-9423-3d4df65dbd59', '1f5dd956-b4d1-456e-a5ea-d3c63ebde7b8') /*action='index',application='ApprovalEngine',controller='requests'*/[0m
  ↳ app/controllers/api/v1/requests_controller.rb:22:in 'Api::V1::RequestsController#index'
  [1m[36mApproval Load (0.2ms)[0m  [1m[34mSELECT "approvals".* FROM "approvals" WHERE "approvals"."request_id" IN ('e19d56e8-6d6c-4ac1-b939-e50ecdf6cdcb', 'f4b90444-bf2f-41a1-9ac4-c1925813404b', '59504973-a39c-45b4-8944-2caf42d8b290', '98dec99d-ce2c-4268-97d7-ebc7d5a6b62d', '145440e7-7ef4-4652-ae0e-e79515aac035', '337744f0-b2c2-4474-8a70-3c3e2a1e5cca', 'c2684ab9-fafc-4bfa-9ee7-4b7c41662145') /*action='index',application='ApprovalEngine',controller='requests'*/[0m
  ↳ app/controllers/api/v1/requests_controller.rb:22:in 'Api::V1::RequestsController#index'
  [1m[36mUser Load (0.2ms)[0m  [1m[34mSELECT "users".* FROM "users" INNER JOIN "request_type_approvers" ON "users"."id" = "request_type_approvers"."user_id" WHERE "users"."deleted_at" IS NULL AND "request_type_approvers"."request_type_id" = 'dbc4ad97-8696-4a00-9423-3d4df65dbd59' /*action='index',application='ApprovalEngine',controller='requests'*/[0m
  ↳ app/controllers/api/v1/requests_controller.rb:22:in 'Api::V1::RequestsController#index'
  [1m[36mRule Load (0.2ms)[0m  [1m[34mSELECT "rules".* FROM "rules" WHERE "rules"."deleted_at" IS NULL AND "rules"."id" = '6d9b88af-a02d-4d3c-8099-8cb7fb3a2d4a' LIMIT 1 /*action='index',application='ApprovalEngine',controller='requests'*/[0m
  ↳ app/controllers/api/v1/requests_controller.rb:22:in 'Api::V1::RequestsController#index'
  [1m[36mRequestType Load (0.1ms)[0m  [1m[34mSELECT "request_types".* FROM "request_types" WHERE "request_types"."deleted_at" IS NULL AND "request_types"."id" = 'dbc4ad97-8696-4a00-9423-3d4df65dbd59' LIMIT 1 /*action='index',application='ApprovalEngine',controller='requests'*/[0m
  ↳ app/controllers/api/v1/requests_controller.rb:22:in 'Api::V1::RequestsController#index'
  [1m[36mCACHE User Load (0.0ms)[0m  [1m[34mSELECT "users".* FROM "users" INNER JOIN "request_type_approvers" ON "users"."id" = "request_type_approvers"."user_id" WHERE "users"."deleted_at" IS NULL AND "request_type_approvers"."request_type_id" = 'dbc4ad97-8696-4a00-9423-3d4df65dbd59'[0m
  ↳ app/controllers/api/v1/requests_controller.rb:22:in 'Api::V1::RequestsController#index'
  [1m[36mCACHE Rule Load (0.0ms)[0m  [1m[34mSELECT "rules".* FROM "rules" WHERE "rules"."deleted_at" IS NULL AND "rules"."id" = '6d9b88af-a02d-4d3c-8099-8cb7fb3a2d4a' LIMIT 1[0m
  ↳ app/controllers/api/v1/requests_controller.rb:22:in 'Api::V1::RequestsController#index'
  [1m[36mCACHE RequestType Load (0.0ms)[0m  [1m[34mSELECT "request_types".* FROM "request_types" WHERE "request_types"."deleted_at" IS NULL AND "request_types"."id" = 'dbc4ad97-8696-4a00-9423-3d4df65dbd59' LIMIT 1[0m
  ↳ app/controllers/api/v1/requests_controller.rb:22:in 'Api::V1::RequestsController#index'
  [1m[36mCACHE User Load (0.0ms)[0m  [1m[34mSELECT "users".* FROM "users" INNER JOIN "request_type_approvers" ON "users"."id" = "request_type_approvers"."user_id" WHERE "users"."deleted_at" IS NULL AND "request_type_approvers"."request_type_id" = 'dbc4ad97-8696-4a00-9423-3d4df65dbd59'[0m
  ↳ app/controllers/api/v1/requests_controller.rb:22:in 'Api::V1::RequestsController#index'
  [1m[36mUser Load (0.3ms)[0m  [1m[34mSELECT "users".* FROM "users" INNER JOIN "request_type_approvers" ON "users"."id" = "request_type_approvers"."user_id" WHERE "users"."deleted_at" IS NULL AND "request_type_approvers"."request_type_id" = '1f5dd956-b4d1-456e-a5ea-d3c63ebde7b8' /*action='index',application='ApprovalEngine',controller='requests'*/[0m
  ↳ app/controllers/api/v1/requests_controller.rb:22:in 'Api::V1::RequestsController#index'
  [1m[36mRule Load (0.2ms)[0m  [1m[34mSELECT "rules".* FROM "rules" WHERE "rules"."deleted_at" IS NULL AND "rules"."id" = '8a1dd6be-6d3e-43cb-86c0-7b9c09bb6f91' LIMIT 1 /*action='index',application='ApprovalEngine',controller='requests'*/[0m
  ↳ app/controllers/api/v1/requests_controller.rb:22:in 'Api::V1::RequestsController#index'
  [1m[36mUser Load (0.1ms)[0m  [1m[34mSELECT "users".* FROM "users" WHERE "users"."deleted_at" IS NULL AND "users"."id" = 'a8b58455-32ed-4b42-af48-3bb969d2c5b8' LIMIT 1 /*action='index',application='ApprovalEngine',controller='requests'*/[0m
  ↳ app/controllers/api/v1/requests_controller.rb:22:in 'Api::V1::RequestsController#index'
  [1m[36mCACHE Rule Load (0.0ms)[0m  [1m[34mSELECT "rules".* FROM "rules" WHERE "rules"."deleted_at" IS NULL AND "rules"."id" = '6d9b88af-a02d-4d3c-8099-8cb7fb3a2d4a' LIMIT 1[0m
  ↳ app/controllers/api/v1/requests_controller.rb:22:in 'Api::V1::RequestsController#index'
  [1m[36mCACHE RequestType Load (0.0ms)[0m  [1m[34mSELECT "request_types".* FROM "request_types" WHERE "request_types"."deleted_at" IS NULL AND "request_types"."id" = 'dbc4ad97-8696-4a00-9423-3d4df65dbd59' LIMIT 1[0m
  ↳ app/controllers/api/v1/requests_controller.rb:22:in 'Api::V1::RequestsController#index'
  [1m[36mCACHE User Load (0.0ms)[0m  [1m[34mSELECT "users".* FROM "users" INNER JOIN "request_type_approvers" ON "users"."id" = "request_type_approvers"."user_id" WHERE "users"."deleted_at" IS NULL AND "request_type_approvers"."request_type_id" = 'dbc4ad97-8696-4a00-9423-3d4df65dbd59'[0m
  ↳ app/controllers/api/v1/requests_controller.rb:22:in 'Api::V1::RequestsController#index'
  [1m[36mCACHE User Load (0.0ms)[0m  [1m[34mSELECT "users".* FROM "users" WHERE "users"."deleted_at" IS NULL AND "users"."id" = 'a8b58455-32ed-4b42-af48-3bb969d2c5b8' LIMIT 1[0m
  ↳ app/controllers/api/v1/requests_controller.rb:22:in 'Api::V1::RequestsController#index'
  [1m[36mCACHE Rule Load (0.0ms)[0m  [1m[34mSELECT "rules".* FROM "rules" WHERE "rules"."deleted_at" IS NULL AND "rules"."id" = '8a1dd6be-6d3e-43cb-86c0-7b9c09bb6f91' LIMIT 1[0m
  ↳ app/controllers/api/v1/requests_controller.rb:22:in 'Api::V1::RequestsController#index'
  [1m[36mCACHE User Load (0.0ms)[0m  [1m[34mSELECT "users".* FROM "users" WHERE "users"."deleted_at" IS NULL AND "users"."id" = 'a8b58455-32ed-4b42-af48-3bb969d2c5b8' LIMIT 1[0m
  ↳ app/controllers/api/v1/requests_controller.rb:22:in 'Api::V1::RequestsController#index'
  [1m[36mRule Load (0.2ms)[0m  [1m[34mSELECT "rules".* FROM "rules" WHERE "rules"."deleted_at" IS NULL AND "rules"."id" = '1080d429-9d8c-4294-bf05-4b56efcf7824' LIMIT 1 /*action='index',application='ApprovalEngine',controller='requests'*/[0m
  ↳ app/controllers/api/v1/requests_controller.rb:22:in 'Api::V1::RequestsController#index'
  [1m[36mRequestType Load (0.1ms)[0m  [1m[34mSELECT "request_types".* FROM "request_types" WHERE "request_types"."deleted_at" IS NULL AND "request_types"."id" = '1f5dd956-b4d1-456e-a5ea-d3c63ebde7b8' LIMIT 1 /*action='index',application='ApprovalEngine',controller='requests'*/[0m
  ↳ app/controllers/api/v1/requests_controller.rb:22:in 'Api::V1::RequestsController#index'
  [1m[36mCACHE User Load (0.0ms)[0m  [1m[34mSELECT "users".* FROM "users" INNER JOIN "request_type_approvers" ON "users"."id" = "request_type_approvers"."user_id" WHERE "users"."deleted_at" IS NULL AND "request_type_approvers"."request_type_id" = '1f5dd956-b4d1-456e-a5ea-d3c63ebde7b8'[0m
  ↳ app/controllers/api/v1/requests_controller.rb:22:in 'Api::V1::RequestsController#index'
  [1m[36mCACHE User Load (0.0ms)[0m  [1m[34mSELECT "users".* FROM "users" WHERE "users"."deleted_at" IS NULL AND "users"."id" = 'a8b58455-32ed-4b42-af48-3bb969d2c5b8' LIMIT 1[0m
  ↳ app/controllers/api/v1/requests_controller.rb:22:in 'Api::V1::RequestsController#index'
  [1m[36mCACHE Rule Load (0.0ms)[0m  [1m[34mSELECT "rules".* FROM "rules" WHERE "rules"."deleted_at" IS NULL AND "rules"."id" = '6d9b88af-a02d-4d3c-8099-8cb7fb3a2d4a' LIMIT 1[0m
  ↳ app/controllers/api/v1/requests_controller.rb:22:in 'Api::V1::RequestsController#index'
  [1m[36mCACHE RequestType Load (0.0ms)[0m  [1m[34mSELECT "request_types".* FROM "request_types" WHERE "request_types"."deleted_at" IS NULL AND "request_types"."id" = 'dbc4ad97-8696-4a00-9423-3d4df65dbd59' LIMIT 1[0m
  ↳ app/controllers/api/v1/requests_controller.rb:22:in 'Api::V1::RequestsController#index'
  [1m[36mCACHE User Load (0.0ms)[0m  [1m[34mSELECT "users".* FROM "users" INNER JOIN "request_type_approvers" ON "users"."id" = "request_type_approvers"."user_id" WHERE "users"."deleted_at" IS NULL AND "request_type_approvers"."request_type_id" = 'dbc4ad97-8696-4a00-9423-3d4df65dbd59'[0m
  ↳ app/controllers/api/v1/requests_controller.rb:22:in 'Api::V1::RequestsController#index'
Completed 200 OK in 25ms (Views: 0.1ms | ActiveRecord: 3.0ms (30 queries, 15 cached) | GC: 0.9ms)


Started GET "/api/v1/request_types?page=1" for ::1 at 2026-02-08 22:28:05 +0530
Processing by Api::V1::RequestTypesController#index as HTML
  Parameters: {"page" => "1"}
  [1m[36mUser Load (0.4ms)[0m  [1m[34mSELECT "users".* FROM "users" WHERE "users"."deleted_at" IS NULL AND "users"."id" = '37ec41c9-c494-4128-bb94-07c2b87ad9e6' LIMIT 1 /*action='index',application='ApprovalEngine',controller='request_types'*/[0m
  ↳ app/controllers/concerns/authenticatable.rb:20:in 'Authenticatable#authenticate_user'
  [1m[36mTenant Load (0.2ms)[0m  [1m[34mSELECT "tenants".* FROM "tenants" WHERE "tenants"."deleted_at" IS NULL AND "tenants"."id" = 'aa29ef8c-86bf-413d-9ea9-ed2c4360c3a5' LIMIT 1 /*action='index',application='ApprovalEngine',controller='request_types'*/[0m
  ↳ app/controllers/api/v1/request_types_controller.rb:6:in 'Api::V1::RequestTypesController#index'
  [1m[36mRequestType Count (0.2ms)[0m  [1m[34mSELECT COUNT(*) FROM "request_types" WHERE "request_types"."deleted_at" IS NULL AND "request_types"."tenant_id" = 'aa29ef8c-86bf-413d-9ea9-ed2c4360c3a5' /*action='index',application='ApprovalEngine',controller='request_types'*/[0m
  ↳ app/controllers/api/v1/request_types_controller.rb:7:in 'Api::V1::RequestTypesController#index'
  [1m[36mRequestType Load (0.2ms)[0m  [1m[34mSELECT "request_types".* FROM "request_types" WHERE "request_types"."deleted_at" IS NULL AND "request_types"."tenant_id" = 'aa29ef8c-86bf-413d-9ea9-ed2c4360c3a5' LIMIT 10 OFFSET 0 /*action='index',application='ApprovalEngine',controller='request_types'*/[0m
  ↳ app/controllers/api/v1/request_types_controller.rb:13:in 'Api::V1::RequestTypesController#index'
  [1m[36mRequestTypeApprover Load (0.2ms)[0m  [1m[34mSELECT "request_type_approvers".* FROM "request_type_approvers" WHERE "request_type_approvers"."request_type_id" IN ('dbc4ad97-8696-4a00-9423-3d4df65dbd59', '1f5dd956-b4d1-456e-a5ea-d3c63ebde7b8') /*action='index',application='ApprovalEngine',controller='request_types'*/[0m
  ↳ app/controllers/api/v1/request_types_controller.rb:13:in 'Api::V1::RequestTypesController#index'
  [1m[36mUser Load (0.2ms)[0m  [1m[34mSELECT "users".* FROM "users" WHERE "users"."deleted_at" IS NULL AND "users"."id" IN ('24c0e984-3d03-44c6-bdb3-9e397ba9d8c2', '37ec41c9-c494-4128-bb94-07c2b87ad9e6') /*action='index',application='ApprovalEngine',controller='request_types'*/[0m
  ↳ app/controllers/api/v1/request_types_controller.rb:13:in 'Api::V1::RequestTypesController#index'
Completed 200 OK in 8ms (Views: 0.1ms | ActiveRecord: 1.4ms (6 queries, 0 cached) | GC: 0.0ms)


Started GET "/api/v1/requests/balance?request_type_id=dbc4ad97-8696-4a00-9423-3d4df65dbd59" for ::1 at 2026-02-08 22:28:08 +0530
Processing by Api::V1::RequestsController#balance as HTML
  Parameters: {"request_type_id" => "dbc4ad97-8696-4a00-9423-3d4df65dbd59"}
  [1m[36mUser Load (0.5ms)[0m  [1m[34mSELECT "users".* FROM "users" WHERE "users"."deleted_at" IS NULL AND "users"."id" = '37ec41c9-c494-4128-bb94-07c2b87ad9e6' LIMIT 1 /*action='balance',application='ApprovalEngine',controller='requests'*/[0m
  ↳ app/controllers/concerns/authenticatable.rb:20:in 'Authenticatable#authenticate_user'
  [1m[36mTenant Load (0.3ms)[0m  [1m[34mSELECT "tenants".* FROM "tenants" WHERE "tenants"."deleted_at" IS NULL AND "tenants"."id" = 'aa29ef8c-86bf-413d-9ea9-ed2c4360c3a5' LIMIT 1 /*action='balance',application='ApprovalEngine',controller='requests'*/[0m
  ↳ app/controllers/api/v1/requests_controller.rb:58:in 'Api::V1::RequestsController#balance'
  [1m[36mRequestType Load (0.2ms)[0m  [1m[34mSELECT "request_types".* FROM "request_types" WHERE "request_types"."deleted_at" IS NULL AND "request_types"."tenant_id" = 'aa29ef8c-86bf-413d-9ea9-ed2c4360c3a5' AND "request_types"."id" = 'dbc4ad97-8696-4a00-9423-3d4df65dbd59' LIMIT 1 /*action='balance',application='ApprovalEngine',controller='requests'*/[0m
  ↳ app/controllers/api/v1/requests_controller.rb:60:in 'Api::V1::RequestsController#balance'
  [1m[36mRule Load (0.4ms)[0m  [1m[34mSELECT "rules".* FROM "rules" WHERE "rules"."deleted_at" IS NULL AND "rules"."tenant_id" = 'aa29ef8c-86bf-413d-9ea9-ed2c4360c3a5' AND "rules"."request_type_id" = 'dbc4ad97-8696-4a00-9423-3d4df65dbd59' AND "rules"."grade" = 3 LIMIT 1 /*action='balance',application='ApprovalEngine',controller='requests'*/[0m
  ↳ app/services/quota_calculator.rb:31:in 'QuotaCalculator#rule'
  [1m[36mRequest Sum (0.6ms)[0m  [1m[34mSELECT SUM("requests"."requested_value") FROM "requests" WHERE "requests"."tenant_id" = 'aa29ef8c-86bf-413d-9ea9-ed2c4360c3a5' AND "requests"."requester_id" = '37ec41c9-c494-4128-bb94-07c2b87ad9e6' AND "requests"."request_type_id" = 'dbc4ad97-8696-4a00-9423-3d4df65dbd59' AND "requests"."status" IN ('approved', 'auto_approved') AND (created_at >= '2026-01-01 00:00:00') /*action='balance',application='ApprovalEngine',controller='requests'*/[0m
  ↳ app/services/quota_calculator.rb:21:in 'QuotaCalculator#used'
  [1m[36mCACHE Request Sum (0.0ms)[0m  [1m[34mSELECT SUM("requests"."requested_value") FROM "requests" WHERE "requests"."tenant_id" = 'aa29ef8c-86bf-413d-9ea9-ed2c4360c3a5' AND "requests"."requester_id" = '37ec41c9-c494-4128-bb94-07c2b87ad9e6' AND "requests"."request_type_id" = 'dbc4ad97-8696-4a00-9423-3d4df65dbd59' AND "requests"."status" IN ('approved', 'auto_approved') AND (created_at >= '2026-01-01 00:00:00')[0m
  ↳ app/services/quota_calculator.rb:21:in 'QuotaCalculator#used'
Completed 200 OK in 9ms (Views: 0.1ms | ActiveRecord: 2.0ms (6 queries, 1 cached) | GC: 0.0ms)


Started POST "/api/v1/requests" for ::1 at 2026-02-08 22:28:14 +0530
Processing by Api::V1::RequestsController#create as HTML
  Parameters: {"request_type_id" => "dbc4ad97-8696-4a00-9423-3d4df65dbd59", "requested_value" => 5000, "request" => {"request_type_id" => "dbc4ad97-8696-4a00-9423-3d4df65dbd59", "requested_value" => 5000}}
  [1m[36mUser Load (0.4ms)[0m  [1m[34mSELECT "users".* FROM "users" WHERE "users"."deleted_at" IS NULL AND "users"."id" = '37ec41c9-c494-4128-bb94-07c2b87ad9e6' LIMIT 1 /*action='create',application='ApprovalEngine',controller='requests'*/[0m
  ↳ app/controllers/concerns/authenticatable.rb:20:in 'Authenticatable#authenticate_user'
  [1m[36mTenant Load (0.2ms)[0m  [1m[34mSELECT "tenants".* FROM "tenants" WHERE "tenants"."deleted_at" IS NULL AND "tenants"."id" = 'aa29ef8c-86bf-413d-9ea9-ed2c4360c3a5' LIMIT 1 /*action='create',application='ApprovalEngine',controller='requests'*/[0m
  ↳ app/controllers/api/v1/requests_controller.rb:37:in 'Api::V1::RequestsController#create'
  [1m[36mTRANSACTION (0.1ms)[0m  [1m[35mBEGIN /*action='create',application='ApprovalEngine',controller='requests'*/[0m
  ↳ app/controllers/api/v1/requests_controller.rb:45:in 'block in Api::V1::RequestsController#create'
  [1m[36mRequestType Load (1.1ms)[0m  [1m[34mSELECT "request_types".* FROM "request_types" WHERE "request_types"."deleted_at" IS NULL AND "request_types"."id" = 'dbc4ad97-8696-4a00-9423-3d4df65dbd59' LIMIT 1 /*action='create',application='ApprovalEngine',controller='requests'*/[0m
  ↳ app/controllers/api/v1/requests_controller.rb:45:in 'block in Api::V1::RequestsController#create'
  [1m[36mRequest Create (10.0ms)[0m  [1m[32mINSERT INTO "requests" ("created_at", "request_type_id", "requested_value", "requester_id", "status", "tenant_id", "updated_at") VALUES ('2026-02-08 16:58:14.017066', 'dbc4ad97-8696-4a00-9423-3d4df65dbd59', 5000, '37ec41c9-c494-4128-bb94-07c2b87ad9e6', 'submitted', 'aa29ef8c-86bf-413d-9ea9-ed2c4360c3a5', '2026-02-08 16:58:14.017066') RETURNING "id" /*action='create',application='ApprovalEngine',controller='requests'*/[0m
  ↳ app/controllers/api/v1/requests_controller.rb:45:in 'block in Api::V1::RequestsController#create'
  [1m[36mRule Load (0.3ms)[0m  [1m[34mSELECT "rules".* FROM "rules" WHERE "rules"."deleted_at" IS NULL AND "rules"."tenant_id" = 'aa29ef8c-86bf-413d-9ea9-ed2c4360c3a5' AND "rules"."request_type_id" = 'dbc4ad97-8696-4a00-9423-3d4df65dbd59' AND "rules"."grade" = 3 LIMIT 1 /*action='create',application='ApprovalEngine',controller='requests'*/[0m
  ↳ app/services/quota_calculator.rb:31:in 'QuotaCalculator#rule'
  [1m[36mRequest Sum (0.4ms)[0m  [1m[34mSELECT SUM("requests"."requested_value") FROM "requests" WHERE "requests"."tenant_id" = 'aa29ef8c-86bf-413d-9ea9-ed2c4360c3a5' AND "requests"."requester_id" = '37ec41c9-c494-4128-bb94-07c2b87ad9e6' AND "requests"."request_type_id" = 'dbc4ad97-8696-4a00-9423-3d4df65dbd59' AND "requests"."status" IN ('approved', 'auto_approved') AND (created_at >= '2026-01-01 00:00:00') /*action='create',application='ApprovalEngine',controller='requests'*/[0m
  ↳ app/services/quota_calculator.rb:21:in 'QuotaCalculator#used'
  [1m[36mRequest Update (0.5ms)[0m  [1m[33mUPDATE "requests" SET "status" = 'pending_approval', "updated_at" = '2026-02-08 16:58:14.031624' WHERE "requests"."id" = '8749cef5-817e-4f15-9a5a-e21cce1ffc0b' /*action='create',application='ApprovalEngine',controller='requests'*/[0m
  ↳ app/services/rule_evaluator.rb:45:in 'RuleEvaluator#route_to_approver!'
  [1m[36mTRANSACTION (3.4ms)[0m  [1m[35mCOMMIT /*action='create',application='ApprovalEngine',controller='requests'*/[0m
  ↳ app/controllers/api/v1/requests_controller.rb:44:in 'Api::V1::RequestsController#create'
  [1m[36mUser Load (0.3ms)[0m  [1m[34mSELECT "users".* FROM "users" INNER JOIN "request_type_approvers" ON "users"."id" = "request_type_approvers"."user_id" WHERE "users"."deleted_at" IS NULL AND "request_type_approvers"."request_type_id" = 'dbc4ad97-8696-4a00-9423-3d4df65dbd59' /*action='create',application='ApprovalEngine',controller='requests'*/[0m
  ↳ app/controllers/api/v1/requests_controller.rb:49:in 'Api::V1::RequestsController#create'
  [1m[36mApproval Load (0.2ms)[0m  [1m[34mSELECT "approvals".* FROM "approvals" WHERE "approvals"."request_id" = '8749cef5-817e-4f15-9a5a-e21cce1ffc0b' LIMIT 1 /*action='create',application='ApprovalEngine',controller='requests'*/[0m
  ↳ app/controllers/api/v1/requests_controller.rb:49:in 'Api::V1::RequestsController#create'
Completed 201 Created in 32ms (Views: 0.2ms | ActiveRecord: 16.9ms (9 queries, 0 cached) | GC: 3.4ms)


Started GET "/api/v1/requests?page=1" for ::1 at 2026-02-08 22:28:14 +0530
Processing by Api::V1::RequestsController#index as HTML
  Parameters: {"page" => "1"}
  [1m[36mUser Load (0.3ms)[0m  [1m[34mSELECT "users".* FROM "users" WHERE "users"."deleted_at" IS NULL AND "users"."id" = '37ec41c9-c494-4128-bb94-07c2b87ad9e6' LIMIT 1 /*action='index',application='ApprovalEngine',controller='requests'*/[0m
  ↳ app/controllers/concerns/authenticatable.rb:20:in 'Authenticatable#authenticate_user'
  [1m[36mTenant Load (0.2ms)[0m  [1m[34mSELECT "tenants".* FROM "tenants" WHERE "tenants"."deleted_at" IS NULL AND "tenants"."id" = 'aa29ef8c-86bf-413d-9ea9-ed2c4360c3a5' LIMIT 1 /*action='index',application='ApprovalEngine',controller='requests'*/[0m
  ↳ app/controllers/api/v1/requests_controller.rb:12:in 'Api::V1::RequestsController#index'
  [1m[36mRequest Count (0.2ms)[0m  [1m[34mSELECT COUNT(*) FROM "requests" WHERE "requests"."tenant_id" = 'aa29ef8c-86bf-413d-9ea9-ed2c4360c3a5' AND "requests"."requester_id" = '37ec41c9-c494-4128-bb94-07c2b87ad9e6' /*action='index',application='ApprovalEngine',controller='requests'*/[0m
  ↳ app/controllers/api/v1/requests_controller.rb:16:in 'Api::V1::RequestsController#index'
  [1m[36mRequest Load (0.2ms)[0m  [1m[34mSELECT "requests".* FROM "requests" WHERE "requests"."tenant_id" = 'aa29ef8c-86bf-413d-9ea9-ed2c4360c3a5' AND "requests"."requester_id" = '37ec41c9-c494-4128-bb94-07c2b87ad9e6' LIMIT 10 OFFSET 0 /*action='index',application='ApprovalEngine',controller='requests'*/[0m
  ↳ app/controllers/api/v1/requests_controller.rb:22:in 'Api::V1::RequestsController#index'
  [1m[36mUser Load (0.2ms)[0m  [1m[34mSELECT "users".* FROM "users" WHERE "users"."deleted_at" IS NULL AND "users"."id" = '37ec41c9-c494-4128-bb94-07c2b87ad9e6' /*action='index',application='ApprovalEngine',controller='requests'*/[0m
  ↳ app/controllers/api/v1/requests_controller.rb:22:in 'Api::V1::RequestsController#index'
  [1m[36mRequestType Load (0.2ms)[0m  [1m[34mSELECT "request_types".* FROM "request_types" WHERE "request_types"."deleted_at" IS NULL AND "request_types"."id" IN ('dbc4ad97-8696-4a00-9423-3d4df65dbd59', '1f5dd956-b4d1-456e-a5ea-d3c63ebde7b8') /*action='index',application='ApprovalEngine',controller='requests'*/[0m
  ↳ app/controllers/api/v1/requests_controller.rb:22:in 'Api::V1::RequestsController#index'
  [1m[36mApproval Load (0.2ms)[0m  [1m[34mSELECT "approvals".* FROM "approvals" WHERE "approvals"."request_id" IN ('e19d56e8-6d6c-4ac1-b939-e50ecdf6cdcb', 'f4b90444-bf2f-41a1-9ac4-c1925813404b', '59504973-a39c-45b4-8944-2caf42d8b290', '98dec99d-ce2c-4268-97d7-ebc7d5a6b62d', '145440e7-7ef4-4652-ae0e-e79515aac035', '337744f0-b2c2-4474-8a70-3c3e2a1e5cca', 'c2684ab9-fafc-4bfa-9ee7-4b7c41662145', '8749cef5-817e-4f15-9a5a-e21cce1ffc0b') /*action='index',application='ApprovalEngine',controller='requests'*/[0m
  ↳ app/controllers/api/v1/requests_controller.rb:22:in 'Api::V1::RequestsController#index'
  [1m[36mUser Load (0.4ms)[0m  [1m[34mSELECT "users".* FROM "users" INNER JOIN "request_type_approvers" ON "users"."id" = "request_type_approvers"."user_id" WHERE "users"."deleted_at" IS NULL AND "request_type_approvers"."request_type_id" = 'dbc4ad97-8696-4a00-9423-3d4df65dbd59' /*action='index',application='ApprovalEngine',controller='requests'*/[0m
  ↳ app/controllers/api/v1/requests_controller.rb:22:in 'Api::V1::RequestsController#index'
  [1m[36mRule Load (0.2ms)[0m  [1m[34mSELECT "rules".* FROM "rules" WHERE "rules"."deleted_at" IS NULL AND "rules"."id" = '6d9b88af-a02d-4d3c-8099-8cb7fb3a2d4a' LIMIT 1 /*action='index',application='ApprovalEngine',controller='requests'*/[0m
  ↳ app/controllers/api/v1/requests_controller.rb:22:in 'Api::V1::RequestsController#index'
  [1m[36mRequestType Load (0.1ms)[0m  [1m[34mSELECT "request_types".* FROM "request_types" WHERE "request_types"."deleted_at" IS NULL AND "request_types"."id" = 'dbc4ad97-8696-4a00-9423-3d4df65dbd59' LIMIT 1 /*action='index',application='ApprovalEngine',controller='requests'*/[0m
  ↳ app/controllers/api/v1/requests_controller.rb:22:in 'Api::V1::RequestsController#index'
  [1m[36mCACHE User Load (0.0ms)[0m  [1m[34mSELECT "users".* FROM "users" INNER JOIN "request_type_approvers" ON "users"."id" = "request_type_approvers"."user_id" WHERE "users"."deleted_at" IS NULL AND "request_type_approvers"."request_type_id" = 'dbc4ad97-8696-4a00-9423-3d4df65dbd59'[0m
  ↳ app/controllers/api/v1/requests_controller.rb:22:in 'Api::V1::RequestsController#index'
  [1m[36mCACHE Rule Load (0.0ms)[0m  [1m[34mSELECT "rules".* FROM "rules" WHERE "rules"."deleted_at" IS NULL AND "rules"."id" = '6d9b88af-a02d-4d3c-8099-8cb7fb3a2d4a' LIMIT 1[0m
  ↳ app/controllers/api/v1/requests_controller.rb:22:in 'Api::V1::RequestsController#index'
  [1m[36mCACHE RequestType Load (0.0ms)[0m  [1m[34mSELECT "request_types".* FROM "request_types" WHERE "request_types"."deleted_at" IS NULL AND "request_types"."id" = 'dbc4ad97-8696-4a00-9423-3d4df65dbd59' LIMIT 1[0m
  ↳ app/controllers/api/v1/requests_controller.rb:22:in 'Api::V1::RequestsController#index'
  [1m[36mCACHE User Load (0.0ms)[0m  [1m[34mSELECT "users".* FROM "users" INNER JOIN "request_type_approvers" ON "users"."id" = "request_type_approvers"."user_id" WHERE "users"."deleted_at" IS NULL AND "request_type_approvers"."request_type_id" = 'dbc4ad97-8696-4a00-9423-3d4df65dbd59'[0m
  ↳ app/controllers/api/v1/requests_controller.rb:22:in 'Api::V1::RequestsController#index'
  [1m[36mUser Load (0.3ms)[0m  [1m[34mSELECT "users".* FROM "users" INNER JOIN "request_type_approvers" ON "users"."id" = "request_type_approvers"."user_id" WHERE "users"."deleted_at" IS NULL AND "request_type_approvers"."request_type_id" = '1f5dd956-b4d1-456e-a5ea-d3c63ebde7b8' /*action='index',application='ApprovalEngine',controller='requests'*/[0m
  ↳ app/controllers/api/v1/requests_controller.rb:22:in 'Api::V1::RequestsController#index'
  [1m[36mRule Load (0.2ms)[0m  [1m[34mSELECT "rules".* FROM "rules" WHERE "rules"."deleted_at" IS NULL AND "rules"."id" = '8a1dd6be-6d3e-43cb-86c0-7b9c09bb6f91' LIMIT 1 /*action='index',application='ApprovalEngine',controller='requests'*/[0m
  ↳ app/controllers/api/v1/requests_controller.rb:22:in 'Api::V1::RequestsController#index'
  [1m[36mUser Load (0.1ms)[0m  [1m[34mSELECT "users".* FROM "users" WHERE "users"."deleted_at" IS NULL AND "users"."id" = 'a8b58455-32ed-4b42-af48-3bb969d2c5b8' LIMIT 1 /*action='index',application='ApprovalEngine',controller='requests'*/[0m
  ↳ app/controllers/api/v1/requests_controller.rb:22:in 'Api::V1::RequestsController#index'
  [1m[36mCACHE Rule Load (0.0ms)[0m  [1m[34mSELECT "rules".* FROM "rules" WHERE "rules"."deleted_at" IS NULL AND "rules"."id" = '6d9b88af-a02d-4d3c-8099-8cb7fb3a2d4a' LIMIT 1[0m
  ↳ app/controllers/api/v1/requests_controller.rb:22:in 'Api::V1::RequestsController#index'
  [1m[36mCACHE RequestType Load (0.0ms)[0m  [1m[34mSELECT "request_types".* FROM "request_types" WHERE "request_types"."deleted_at" IS NULL AND "request_types"."id" = 'dbc4ad97-8696-4a00-9423-3d4df65dbd59' LIMIT 1[0m
  ↳ app/controllers/api/v1/requests_controller.rb:22:in 'Api::V1::RequestsController#index'
  [1m[36mCACHE User Load (0.0ms)[0m  [1m[34mSELECT "users".* FROM "users" INNER JOIN "request_type_approvers" ON "users"."id" = "request_type_approvers"."user_id" WHERE "users"."deleted_at" IS NULL AND "request_type_approvers"."request_type_id" = 'dbc4ad97-8696-4a00-9423-3d4df65dbd59'[0m
  ↳ app/controllers/api/v1/requests_controller.rb:22:in 'Api::V1::RequestsController#index'
  [1m[36mCACHE User Load (0.0ms)[0m  [1m[34mSELECT "users".* FROM "users" WHERE "users"."deleted_at" IS NULL AND "users"."id" = 'a8b58455-32ed-4b42-af48-3bb969d2c5b8' LIMIT 1[0m
  ↳ app/controllers/api/v1/requests_controller.rb:22:in 'Api::V1::RequestsController#index'
  [1m[36mCACHE Rule Load (0.0ms)[0m  [1m[34mSELECT "rules".* FROM "rules" WHERE "rules"."deleted_at" IS NULL AND "rules"."id" = '8a1dd6be-6d3e-43cb-86c0-7b9c09bb6f91' LIMIT 1[0m
  ↳ app/controllers/api/v1/requests_controller.rb:22:in 'Api::V1::RequestsController#index'
  [1m[36mCACHE User Load (0.0ms)[0m  [1m[34mSELECT "users".* FROM "users" WHERE "users"."deleted_at" IS NULL AND "users"."id" = 'a8b58455-32ed-4b42-af48-3bb969d2c5b8' LIMIT 1[0m
  ↳ app/controllers/api/v1/requests_controller.rb:22:in 'Api::V1::RequestsController#index'
  [1m[36mRule Load (0.3ms)[0m  [1m[34mSELECT "rules".* FROM "rules" WHERE "rules"."deleted_at" IS NULL AND "rules"."id" = '1080d429-9d8c-4294-bf05-4b56efcf7824' LIMIT 1 /*action='index',application='ApprovalEngine',controller='requests'*/[0m
  ↳ app/controllers/api/v1/requests_controller.rb:22:in 'Api::V1::RequestsController#index'
  [1m[36mRequestType Load (0.1ms)[0m  [1m[34mSELECT "request_types".* FROM "request_types" WHERE "request_types"."deleted_at" IS NULL AND "request_types"."id" = '1f5dd956-b4d1-456e-a5ea-d3c63ebde7b8' LIMIT 1 /*action='index',application='ApprovalEngine',controller='requests'*/[0m
  ↳ app/controllers/api/v1/requests_controller.rb:22:in 'Api::V1::RequestsController#index'
  [1m[36mCACHE User Load (0.0ms)[0m  [1m[34mSELECT "users".* FROM "users" INNER JOIN "request_type_approvers" ON "users"."id" = "request_type_approvers"."user_id" WHERE "users"."deleted_at" IS NULL AND "request_type_approvers"."request_type_id" = '1f5dd956-b4d1-456e-a5ea-d3c63ebde7b8'[0m
  ↳ app/controllers/api/v1/requests_controller.rb:22:in 'Api::V1::RequestsController#index'
  [1m[36mCACHE User Load (0.0ms)[0m  [1m[34mSELECT "users".* FROM "users" WHERE "users"."deleted_at" IS NULL AND "users"."id" = 'a8b58455-32ed-4b42-af48-3bb969d2c5b8' LIMIT 1[0m
  ↳ app/controllers/api/v1/requests_controller.rb:22:in 'Api::V1::RequestsController#index'
  [1m[36mCACHE Rule Load (0.0ms)[0m  [1m[34mSELECT "rules".* FROM "rules" WHERE "rules"."deleted_at" IS NULL AND "rules"."id" = '6d9b88af-a02d-4d3c-8099-8cb7fb3a2d4a' LIMIT 1[0m
  ↳ app/controllers/api/v1/requests_controller.rb:22:in 'Api::V1::RequestsController#index'
  [1m[36mCACHE RequestType Load (0.0ms)[0m  [1m[34mSELECT "request_types".* FROM "request_types" WHERE "request_types"."deleted_at" IS NULL AND "request_types"."id" = 'dbc4ad97-8696-4a00-9423-3d4df65dbd59' LIMIT 1[0m
  ↳ app/controllers/api/v1/requests_controller.rb:22:in 'Api::V1::RequestsController#index'
  [1m[36mCACHE User Load (0.0ms)[0m  [1m[34mSELECT "users".* FROM "users" INNER JOIN "request_type_approvers" ON "users"."id" = "request_type_approvers"."user_id" WHERE "users"."deleted_at" IS NULL AND "request_type_approvers"."request_type_id" = 'dbc4ad97-8696-4a00-9423-3d4df65dbd59'[0m
  ↳ app/controllers/api/v1/requests_controller.rb:22:in 'Api::V1::RequestsController#index'
Completed 200 OK in 30ms (Views: 0.5ms | ActiveRecord: 3.2ms (30 queries, 15 cached) | GC: 4.1ms)


Started POST "/api/v1/login" for ::1 at 2026-02-08 22:28:27 +0530
Processing by Api::V1::AuthController#login as HTML
  Parameters: {"email" => "[FILTERED]", "password" => "[FILTERED]", "auth" => {"email" => "[FILTERED]", "password" => "[FILTERED]"}}
  [1m[36mUser Load (0.4ms)[0m  [1m[34mSELECT "users".* FROM "users" WHERE "users"."deleted_at" IS NULL AND "users"."email" = 'admin@example.com' LIMIT 1 /*action='login',application='ApprovalEngine',controller='auth'*/[0m
  ↳ app/controllers/api/v1/auth_controller.rb:7:in 'Api::V1::AuthController#login'
Completed 200 OK in 182ms (Views: 0.1ms | ActiveRecord: 0.4ms (1 query, 0 cached) | GC: 0.0ms)


Started GET "/api/v1/admin/reports/summary" for ::1 at 2026-02-08 22:28:27 +0530
Started GET "/api/v1/requests?page=1" for ::1 at 2026-02-08 22:28:27 +0530
Processing by Api::V1::Admin::ReportsController#summary as HTML
Processing by Api::V1::RequestsController#index as HTML
  Parameters: {"page" => "1"}
  [1m[36mUser Load (0.5ms)[0m  [1m[34mSELECT "users".* FROM "users" WHERE "users"."deleted_at" IS NULL AND "users"."id" = 'a8b58455-32ed-4b42-af48-3bb969d2c5b8' LIMIT 1 /*action='summary',application='ApprovalEngine',controller='reports'*/[0m
  ↳ app/controllers/concerns/authenticatable.rb:20:in 'Authenticatable#authenticate_user'
  [1m[36mUser Load (2.0ms)[0m  [1m[34mSELECT "users".* FROM "users" WHERE "users"."deleted_at" IS NULL AND "users"."id" = 'a8b58455-32ed-4b42-af48-3bb969d2c5b8' LIMIT 1 /*action='index',application='ApprovalEngine',controller='requests'*/[0m
  ↳ app/controllers/concerns/authenticatable.rb:20:in 'Authenticatable#authenticate_user'
  [1m[36mTenant Load (1.1ms)[0m  [1m[34mSELECT "tenants".* FROM "tenants" WHERE "tenants"."deleted_at" IS NULL AND "tenants"."id" = 'aa29ef8c-86bf-413d-9ea9-ed2c4360c3a5' LIMIT 1 /*action='summary',application='ApprovalEngine',controller='reports'*/[0m
  ↳ app/controllers/api/v1/admin/reports_controller.rb:8:in 'Api::V1::Admin::ReportsController#summary'
  [1m[36mTenant Load (1.7ms)[0m  [1m[34mSELECT "tenants".* FROM "tenants" WHERE "tenants"."deleted_at" IS NULL AND "tenants"."id" = 'aa29ef8c-86bf-413d-9ea9-ed2c4360c3a5' LIMIT 1 /*action='index',application='ApprovalEngine',controller='requests'*/[0m
  ↳ app/controllers/api/v1/requests_controller.rb:9:in 'Api::V1::RequestsController#index'
  [1m[36mRequest Count (1.3ms)[0m  [1m[34mSELECT COUNT(*) FROM "requests" WHERE "requests"."tenant_id" = 'aa29ef8c-86bf-413d-9ea9-ed2c4360c3a5' /*action='summary',application='ApprovalEngine',controller='reports'*/[0m
  ↳ app/controllers/api/v1/admin/reports_controller.rb:22:in 'Api::V1::Admin::ReportsController#total_requests'
  [1m[36mRequest Count (1.0ms)[0m  [1m[34mSELECT COUNT(*) FROM "requests" WHERE "requests"."tenant_id" = 'aa29ef8c-86bf-413d-9ea9-ed2c4360c3a5' /*action='index',application='ApprovalEngine',controller='requests'*/[0m
  ↳ app/controllers/api/v1/requests_controller.rb:16:in 'Api::V1::RequestsController#index'
  [1m[36mRequest Count (0.9ms)[0m  [1m[34mSELECT COUNT(*) AS "count_all", "requests"."status" AS "requests_status" FROM "requests" WHERE "requests"."tenant_id" = 'aa29ef8c-86bf-413d-9ea9-ed2c4360c3a5' GROUP BY "requests"."status" /*action='summary',application='ApprovalEngine',controller='reports'*/[0m
  ↳ app/controllers/api/v1/admin/reports_controller.rb:26:in 'Api::V1::Admin::ReportsController#status_breakdown'
  [1m[36mRequest Load (0.9ms)[0m  [1m[34mSELECT "requests".* FROM "requests" WHERE "requests"."tenant_id" = 'aa29ef8c-86bf-413d-9ea9-ed2c4360c3a5' LIMIT 10 OFFSET 0 /*action='index',application='ApprovalEngine',controller='requests'*/[0m
  ↳ app/controllers/api/v1/requests_controller.rb:22:in 'Api::V1::RequestsController#index'
  [1m[36mRequest Count (1.0ms)[0m  [1m[34mSELECT COUNT(*) AS "count_all", "request_types"."name" AS "request_types_name" FROM "requests" INNER JOIN "request_types" ON "request_types"."deleted_at" IS NULL AND "request_types"."id" = "requests"."request_type_id" WHERE "requests"."tenant_id" = 'aa29ef8c-86bf-413d-9ea9-ed2c4360c3a5' GROUP BY "request_types"."name" /*action='summary',application='ApprovalEngine',controller='reports'*/[0m
  ↳ app/controllers/api/v1/admin/reports_controller.rb:33:in 'Api::V1::Admin::ReportsController#request_type_breakdown'
  [1m[36mUser Load (0.7ms)[0m  [1m[34mSELECT "users".* FROM "users" WHERE "users"."deleted_at" IS NULL AND "users"."id" IN ('fe43d2ce-b8cd-4d8e-b6ed-2bd799945724', '37ec41c9-c494-4128-bb94-07c2b87ad9e6', '24c0e984-3d03-44c6-bdb3-9e397ba9d8c2') /*action='index',application='ApprovalEngine',controller='requests'*/[0m
  ↳ app/controllers/api/v1/requests_controller.rb:22:in 'Api::V1::RequestsController#index'
  [1m[36mApproval Count (1.1ms)[0m  [1m[34mSELECT COUNT(*) AS "count_all", "approvals"."action" AS "approvals_action" FROM "approvals" WHERE "approvals"."tenant_id" = 'aa29ef8c-86bf-413d-9ea9-ed2c4360c3a5' GROUP BY "approvals"."action" /*action='summary',application='ApprovalEngine',controller='reports'*/[0m
  ↳ app/controllers/api/v1/admin/reports_controller.rb:37:in 'Api::V1::Admin::ReportsController#decision_breakdown'
  [1m[36mRequestType Load (1.1ms)[0m  [1m[34mSELECT "request_types".* FROM "request_types" WHERE "request_types"."deleted_at" IS NULL AND "request_types"."id" IN ('dbc4ad97-8696-4a00-9423-3d4df65dbd59', '1f5dd956-b4d1-456e-a5ea-d3c63ebde7b8') /*action='index',application='ApprovalEngine',controller='requests'*/[0m
  ↳ app/controllers/api/v1/requests_controller.rb:22:in 'Api::V1::RequestsController#index'
  [1m[36mApproval Count (2.2ms)[0m  [1m[34mSELECT COUNT(*) AS "count_all", "approvals"."rule_id" AS "approvals_rule_id" FROM "approvals" WHERE "approvals"."tenant_id" = 'aa29ef8c-86bf-413d-9ea9-ed2c4360c3a5' AND "approvals"."rule_id" IS NOT NULL GROUP BY "approvals"."rule_id" /*action='summary',application='ApprovalEngine',controller='reports'*/[0m
  ↳ app/controllers/api/v1/admin/reports_controller.rb:44:in 'Api::V1::Admin::ReportsController#rule_hit_counts'
Completed 200 OK in 17ms (Views: 0.1ms | ActiveRecord: 8.2ms (7 queries, 0 cached) | GC: 1.6ms)


  [1m[36mApproval Load (1.1ms)[0m  [1m[34mSELECT "approvals".* FROM "approvals" WHERE "approvals"."request_id" IN ('2250d943-5e91-418f-bb33-a65d48294246', '3349468a-bcfd-4c23-a10a-67f15e8ab049', '80a2e814-4ac5-4c14-aa03-65297f8e8a05', 'd31cb57e-3c91-4e86-a2d6-a850d791d93c', '907c2d07-9cb6-4d85-a45f-0909c013f7b3', '9bebdd1e-d5eb-4f0c-be3a-68caecd92ea5', 'e19d56e8-6d6c-4ac1-b939-e50ecdf6cdcb', 'f4b90444-bf2f-41a1-9ac4-c1925813404b', '59504973-a39c-45b4-8944-2caf42d8b290', 'c40b1942-ea39-425c-8541-297a8c1f9afa') /*action='index',application='ApprovalEngine',controller='requests'*/[0m
  ↳ app/controllers/api/v1/requests_controller.rb:22:in 'Api::V1::RequestsController#index'
  [1m[36mUser Load (0.3ms)[0m  [1m[34mSELECT "users".* FROM "users" INNER JOIN "request_type_approvers" ON "users"."id" = "request_type_approvers"."user_id" WHERE "users"."deleted_at" IS NULL AND "request_type_approvers"."request_type_id" = 'dbc4ad97-8696-4a00-9423-3d4df65dbd59' /*action='index',application='ApprovalEngine',controller='requests'*/[0m
  ↳ app/controllers/api/v1/requests_controller.rb:22:in 'Api::V1::RequestsController#index'
  [1m[36mRule Load (0.2ms)[0m  [1m[34mSELECT "rules".* FROM "rules" WHERE "rules"."deleted_at" IS NULL AND "rules"."id" = '4f5a2b27-f6dd-47a0-ba23-bb8b1c83d65f' LIMIT 1 /*action='index',application='ApprovalEngine',controller='requests'*/[0m
  ↳ app/controllers/api/v1/requests_controller.rb:22:in 'Api::V1::RequestsController#index'
  [1m[36mRequestType Load (0.2ms)[0m  [1m[34mSELECT "request_types".* FROM "request_types" WHERE "request_types"."deleted_at" IS NULL AND "request_types"."id" = 'dbc4ad97-8696-4a00-9423-3d4df65dbd59' LIMIT 1 /*action='index',application='ApprovalEngine',controller='requests'*/[0m
  ↳ app/controllers/api/v1/requests_controller.rb:22:in 'Api::V1::RequestsController#index'
  [1m[36mCACHE User Load (0.0ms)[0m  [1m[34mSELECT "users".* FROM "users" INNER JOIN "request_type_approvers" ON "users"."id" = "request_type_approvers"."user_id" WHERE "users"."deleted_at" IS NULL AND "request_type_approvers"."request_type_id" = 'dbc4ad97-8696-4a00-9423-3d4df65dbd59'[0m
  ↳ app/controllers/api/v1/requests_controller.rb:22:in 'Api::V1::RequestsController#index'
  [1m[36mCACHE Rule Load (0.0ms)[0m  [1m[34mSELECT "rules".* FROM "rules" WHERE "rules"."deleted_at" IS NULL AND "rules"."id" = '4f5a2b27-f6dd-47a0-ba23-bb8b1c83d65f' LIMIT 1[0m
  ↳ app/controllers/api/v1/requests_controller.rb:22:in 'Api::V1::RequestsController#index'
  [1m[36mCACHE RequestType Load (0.0ms)[0m  [1m[34mSELECT "request_types".* FROM "request_types" WHERE "request_types"."deleted_at" IS NULL AND "request_types"."id" = 'dbc4ad97-8696-4a00-9423-3d4df65dbd59' LIMIT 1[0m
  ↳ app/controllers/api/v1/requests_controller.rb:22:in 'Api::V1::RequestsController#index'
  [1m[36mCACHE User Load (0.0ms)[0m  [1m[34mSELECT "users".* FROM "users" INNER JOIN "request_type_approvers" ON "users"."id" = "request_type_approvers"."user_id" WHERE "users"."deleted_at" IS NULL AND "request_type_approvers"."request_type_id" = 'dbc4ad97-8696-4a00-9423-3d4df65dbd59'[0m
  ↳ app/controllers/api/v1/requests_controller.rb:22:in 'Api::V1::RequestsController#index'
  [1m[36mCACHE Rule Load (0.0ms)[0m  [1m[34mSELECT "rules".* FROM "rules" WHERE "rules"."deleted_at" IS NULL AND "rules"."id" = '4f5a2b27-f6dd-47a0-ba23-bb8b1c83d65f' LIMIT 1[0m
  ↳ app/controllers/api/v1/requests_controller.rb:22:in 'Api::V1::RequestsController#index'
  [1m[36mCACHE RequestType Load (0.0ms)[0m  [1m[34mSELECT "request_types".* FROM "request_types" WHERE "request_types"."deleted_at" IS NULL AND "request_types"."id" = 'dbc4ad97-8696-4a00-9423-3d4df65dbd59' LIMIT 1[0m
  ↳ app/controllers/api/v1/requests_controller.rb:22:in 'Api::V1::RequestsController#index'
  [1m[36mCACHE User Load (0.0ms)[0m  [1m[34mSELECT "users".* FROM "users" INNER JOIN "request_type_approvers" ON "users"."id" = "request_type_approvers"."user_id" WHERE "users"."deleted_at" IS NULL AND "request_type_approvers"."request_type_id" = 'dbc4ad97-8696-4a00-9423-3d4df65dbd59'[0m
  ↳ app/controllers/api/v1/requests_controller.rb:22:in 'Api::V1::RequestsController#index'
  [1m[36mUser Load (0.5ms)[0m  [1m[34mSELECT "users".* FROM "users" INNER JOIN "request_type_approvers" ON "users"."id" = "request_type_approvers"."user_id" WHERE "users"."deleted_at" IS NULL AND "request_type_approvers"."request_type_id" = '1f5dd956-b4d1-456e-a5ea-d3c63ebde7b8' /*action='index',application='ApprovalEngine',controller='requests'*/[0m
  ↳ app/controllers/api/v1/requests_controller.rb:22:in 'Api::V1::RequestsController#index'
  [1m[36mRule Load (0.2ms)[0m  [1m[34mSELECT "rules".* FROM "rules" WHERE "rules"."deleted_at" IS NULL AND "rules"."id" = '269d79fa-dc15-4468-a104-db1cf9dc960b' LIMIT 1 /*action='index',application='ApprovalEngine',controller='requests'*/[0m
  ↳ app/controllers/api/v1/requests_controller.rb:22:in 'Api::V1::RequestsController#index'
  [1m[36mRequestType Load (0.1ms)[0m  [1m[34mSELECT "request_types".* FROM "request_types" WHERE "request_types"."deleted_at" IS NULL AND "request_types"."id" = '1f5dd956-b4d1-456e-a5ea-d3c63ebde7b8' LIMIT 1 /*action='index',application='ApprovalEngine',controller='requests'*/[0m
  ↳ app/controllers/api/v1/requests_controller.rb:22:in 'Api::V1::RequestsController#index'
  [1m[36mCACHE User Load (0.0ms)[0m  [1m[34mSELECT "users".* FROM "users" INNER JOIN "request_type_approvers" ON "users"."id" = "request_type_approvers"."user_id" WHERE "users"."deleted_at" IS NULL AND "request_type_approvers"."request_type_id" = '1f5dd956-b4d1-456e-a5ea-d3c63ebde7b8'[0m
  ↳ app/controllers/api/v1/requests_controller.rb:22:in 'Api::V1::RequestsController#index'
  [1m[36mCACHE Rule Load (0.0ms)[0m  [1m[34mSELECT "rules".* FROM "rules" WHERE "rules"."deleted_at" IS NULL AND "rules"."id" = '269d79fa-dc15-4468-a104-db1cf9dc960b' LIMIT 1[0m
  ↳ app/controllers/api/v1/requests_controller.rb:22:in 'Api::V1::RequestsController#index'
  [1m[36mCACHE RequestType Load (0.0ms)[0m  [1m[34mSELECT "request_types".* FROM "request_types" WHERE "request_types"."deleted_at" IS NULL AND "request_types"."id" = '1f5dd956-b4d1-456e-a5ea-d3c63ebde7b8' LIMIT 1[0m
  ↳ app/controllers/api/v1/requests_controller.rb:22:in 'Api::V1::RequestsController#index'
  [1m[36mCACHE User Load (0.0ms)[0m  [1m[34mSELECT "users".* FROM "users" INNER JOIN "request_type_approvers" ON "users"."id" = "request_type_approvers"."user_id" WHERE "users"."deleted_at" IS NULL AND "request_type_approvers"."request_type_id" = '1f5dd956-b4d1-456e-a5ea-d3c63ebde7b8'[0m
  ↳ app/controllers/api/v1/requests_controller.rb:22:in 'Api::V1::RequestsController#index'
  [1m[36mCACHE Rule Load (0.0ms)[0m  [1m[34mSELECT "rules".* FROM "rules" WHERE "rules"."deleted_at" IS NULL AND "rules"."id" = '269d79fa-dc15-4468-a104-db1cf9dc960b' LIMIT 1[0m
  ↳ app/controllers/api/v1/requests_controller.rb:22:in 'Api::V1::RequestsController#index'
  [1m[36mCACHE RequestType Load (0.0ms)[0m  [1m[34mSELECT "request_types".* FROM "request_types" WHERE "request_types"."deleted_at" IS NULL AND "request_types"."id" = '1f5dd956-b4d1-456e-a5ea-d3c63ebde7b8' LIMIT 1[0m
  ↳ app/controllers/api/v1/requests_controller.rb:22:in 'Api::V1::RequestsController#index'
  [1m[36mCACHE User Load (0.0ms)[0m  [1m[34mSELECT "users".* FROM "users" INNER JOIN "request_type_approvers" ON "users"."id" = "request_type_approvers"."user_id" WHERE "users"."deleted_at" IS NULL AND "request_type_approvers"."request_type_id" = '1f5dd956-b4d1-456e-a5ea-d3c63ebde7b8'[0m
  ↳ app/controllers/api/v1/requests_controller.rb:22:in 'Api::V1::RequestsController#index'
  [1m[36mRule Load (0.2ms)[0m  [1m[34mSELECT "rules".* FROM "rules" WHERE "rules"."deleted_at" IS NULL AND "rules"."id" = '6d9b88af-a02d-4d3c-8099-8cb7fb3a2d4a' LIMIT 1 /*action='index',application='ApprovalEngine',controller='requests'*/[0m
  ↳ app/controllers/api/v1/requests_controller.rb:22:in 'Api::V1::RequestsController#index'
  [1m[36mCACHE RequestType Load (0.0ms)[0m  [1m[34mSELECT "request_types".* FROM "request_types" WHERE "request_types"."deleted_at" IS NULL AND "request_types"."id" = 'dbc4ad97-8696-4a00-9423-3d4df65dbd59' LIMIT 1[0m
  ↳ app/controllers/api/v1/requests_controller.rb:22:in 'Api::V1::RequestsController#index'
  [1m[36mCACHE User Load (0.0ms)[0m  [1m[34mSELECT "users".* FROM "users" INNER JOIN "request_type_approvers" ON "users"."id" = "request_type_approvers"."user_id" WHERE "users"."deleted_at" IS NULL AND "request_type_approvers"."request_type_id" = 'dbc4ad97-8696-4a00-9423-3d4df65dbd59'[0m
  ↳ app/controllers/api/v1/requests_controller.rb:22:in 'Api::V1::RequestsController#index'
  [1m[36mCACHE Rule Load (0.0ms)[0m  [1m[34mSELECT "rules".* FROM "rules" WHERE "rules"."deleted_at" IS NULL AND "rules"."id" = '6d9b88af-a02d-4d3c-8099-8cb7fb3a2d4a' LIMIT 1[0m
  ↳ app/controllers/api/v1/requests_controller.rb:22:in 'Api::V1::RequestsController#index'
  [1m[36mCACHE RequestType Load (0.0ms)[0m  [1m[34mSELECT "request_types".* FROM "request_types" WHERE "request_types"."deleted_at" IS NULL AND "request_types"."id" = 'dbc4ad97-8696-4a00-9423-3d4df65dbd59' LIMIT 1[0m
  ↳ app/controllers/api/v1/requests_controller.rb:22:in 'Api::V1::RequestsController#index'
  [1m[36mCACHE User Load (0.0ms)[0m  [1m[34mSELECT "users".* FROM "users" INNER JOIN "request_type_approvers" ON "users"."id" = "request_type_approvers"."user_id" WHERE "users"."deleted_at" IS NULL AND "request_type_approvers"."request_type_id" = 'dbc4ad97-8696-4a00-9423-3d4df65dbd59'[0m
  ↳ app/controllers/api/v1/requests_controller.rb:22:in 'Api::V1::RequestsController#index'
  [1m[36mRule Load (0.2ms)[0m  [1m[34mSELECT "rules".* FROM "rules" WHERE "rules"."deleted_at" IS NULL AND "rules"."id" = '8a1dd6be-6d3e-43cb-86c0-7b9c09bb6f91' LIMIT 1 /*action='index',application='ApprovalEngine',controller='requests'*/[0m
  ↳ app/controllers/api/v1/requests_controller.rb:22:in 'Api::V1::RequestsController#index'
  [1m[36mRule Load (0.2ms)[0m  [1m[34mSELECT "rules".* FROM "rules" WHERE "rules"."deleted_at" IS NULL AND "rules"."id" = '48a78e3e-3f71-41f5-a9b5-01ff3306a6d0' LIMIT 1 /*action='index',application='ApprovalEngine',controller='requests'*/[0m
  ↳ app/controllers/api/v1/requests_controller.rb:22:in 'Api::V1::RequestsController#index'
  [1m[36mCACHE RequestType Load (0.0ms)[0m  [1m[34mSELECT "request_types".* FROM "request_types" WHERE "request_types"."deleted_at" IS NULL AND "request_types"."id" = 'dbc4ad97-8696-4a00-9423-3d4df65dbd59' LIMIT 1[0m
  ↳ app/controllers/api/v1/requests_controller.rb:22:in 'Api::V1::RequestsController#index'
  [1m[36mCACHE User Load (0.0ms)[0m  [1m[34mSELECT "users".* FROM "users" INNER JOIN "request_type_approvers" ON "users"."id" = "request_type_approvers"."user_id" WHERE "users"."deleted_at" IS NULL AND "request_type_approvers"."request_type_id" = 'dbc4ad97-8696-4a00-9423-3d4df65dbd59'[0m
  ↳ app/controllers/api/v1/requests_controller.rb:22:in 'Api::V1::RequestsController#index'
Completed 200 OK in 41ms (Views: 0.2ms | ActiveRecord: 10.7ms (37 queries, 21 cached) | GC: 2.3ms)


Started GET "/api/v1/approver/requests?page=1" for ::1 at 2026-02-08 22:28:32 +0530
Processing by Api::V1::Approver::RequestsController#index as HTML
  Parameters: {"page" => "1"}
  [1m[36mUser Load (0.4ms)[0m  [1m[34mSELECT "users".* FROM "users" WHERE "users"."deleted_at" IS NULL AND "users"."id" = 'a8b58455-32ed-4b42-af48-3bb969d2c5b8' LIMIT 1 /*action='index',application='ApprovalEngine',controller='requests'*/[0m
  ↳ app/controllers/concerns/authenticatable.rb:20:in 'Authenticatable#authenticate_user'
  [1m[36mRequest Count (0.3ms)[0m  [1m[34mSELECT COUNT(*) FROM "requests" WHERE "requests"."status" = 'pending_approval' AND "requests"."tenant_id" = 'aa29ef8c-86bf-413d-9ea9-ed2c4360c3a5' /*action='index',application='ApprovalEngine',controller='requests'*/[0m
  ↳ app/controllers/api/v1/approver/requests_controller.rb:24:in 'Api::V1::Approver::RequestsController#index'
  [1m[36mRequest Load (0.2ms)[0m  [1m[34mSELECT "requests".* FROM "requests" WHERE "requests"."status" = 'pending_approval' AND "requests"."tenant_id" = 'aa29ef8c-86bf-413d-9ea9-ed2c4360c3a5' LIMIT 10 OFFSET 0 /*action='index',application='ApprovalEngine',controller='requests'*/[0m
  ↳ app/controllers/api/v1/approver/requests_controller.rb:30:in 'Api::V1::Approver::RequestsController#index'
  [1m[36mRequestType Load (0.2ms)[0m  [1m[34mSELECT "request_types".* FROM "request_types" WHERE "request_types"."deleted_at" IS NULL AND "request_types"."id" = 'dbc4ad97-8696-4a00-9423-3d4df65dbd59' /*action='index',application='ApprovalEngine',controller='requests'*/[0m
  ↳ app/controllers/api/v1/approver/requests_controller.rb:30:in 'Api::V1::Approver::RequestsController#index'
  [1m[36mUser Load (0.2ms)[0m  [1m[34mSELECT "users".* FROM "users" WHERE "users"."deleted_at" IS NULL AND "users"."id" = '37ec41c9-c494-4128-bb94-07c2b87ad9e6' /*action='index',application='ApprovalEngine',controller='requests'*/[0m
  ↳ app/controllers/api/v1/approver/requests_controller.rb:30:in 'Api::V1::Approver::RequestsController#index'
  [1m[36mTenant Load (0.2ms)[0m  [1m[34mSELECT "tenants".* FROM "tenants" WHERE "tenants"."deleted_at" IS NULL AND "tenants"."id" = 'aa29ef8c-86bf-413d-9ea9-ed2c4360c3a5' LIMIT 1 /*action='index',application='ApprovalEngine',controller='requests'*/[0m
  ↳ app/serializers/approver_request_serializer.rb:15:in 'ApproverRequestSerializer#quota'
  [1m[36mRule Load (0.2ms)[0m  [1m[34mSELECT "rules".* FROM "rules" WHERE "rules"."deleted_at" IS NULL AND "rules"."tenant_id" = 'aa29ef8c-86bf-413d-9ea9-ed2c4360c3a5' AND "rules"."request_type_id" = 'dbc4ad97-8696-4a00-9423-3d4df65dbd59' AND "rules"."grade" = 3 LIMIT 1 /*action='index',application='ApprovalEngine',controller='requests'*/[0m
  ↳ app/services/quota_calculator.rb:31:in 'QuotaCalculator#rule'
  [1m[36mRequest Sum (0.3ms)[0m  [1m[34mSELECT SUM("requests"."requested_value") FROM "requests" WHERE "requests"."tenant_id" = 'aa29ef8c-86bf-413d-9ea9-ed2c4360c3a5' AND "requests"."requester_id" = '37ec41c9-c494-4128-bb94-07c2b87ad9e6' AND "requests"."request_type_id" = 'dbc4ad97-8696-4a00-9423-3d4df65dbd59' AND "requests"."status" IN ('approved', 'auto_approved') AND (created_at >= '2026-01-01 00:00:00') /*action='index',application='ApprovalEngine',controller='requests'*/[0m
  ↳ app/services/quota_calculator.rb:21:in 'QuotaCalculator#used'
  [1m[36mCACHE Request Sum (0.0ms)[0m  [1m[34mSELECT SUM("requests"."requested_value") FROM "requests" WHERE "requests"."tenant_id" = 'aa29ef8c-86bf-413d-9ea9-ed2c4360c3a5' AND "requests"."requester_id" = '37ec41c9-c494-4128-bb94-07c2b87ad9e6' AND "requests"."request_type_id" = 'dbc4ad97-8696-4a00-9423-3d4df65dbd59' AND "requests"."status" IN ('approved', 'auto_approved') AND (created_at >= '2026-01-01 00:00:00')[0m
  ↳ app/services/quota_calculator.rb:21:in 'QuotaCalculator#used'
  [1m[36mUser Load (0.3ms)[0m  [1m[34mSELECT "users".* FROM "users" INNER JOIN "request_type_approvers" ON "users"."id" = "request_type_approvers"."user_id" WHERE "users"."deleted_at" IS NULL AND "request_type_approvers"."request_type_id" = 'dbc4ad97-8696-4a00-9423-3d4df65dbd59' /*action='index',application='ApprovalEngine',controller='requests'*/[0m
  ↳ app/controllers/api/v1/approver/requests_controller.rb:30:in 'Api::V1::Approver::RequestsController#index'
Completed 200 OK in 13ms (Views: 0.1ms | ActiveRecord: 2.1ms (10 queries, 1 cached) | GC: 2.0ms)


Started PUT "/api/v1/approver/requests/8749cef5-817e-4f15-9a5a-e21cce1ffc0b" for ::1 at 2026-02-08 22:28:59 +0530
Processing by Api::V1::Approver::RequestsController#update as HTML
  Parameters: {"action_type" => "rejected", "reason" => "No!", "id" => "8749cef5-817e-4f15-9a5a-e21cce1ffc0b", "request" => {}}
  [1m[36mUser Load (0.4ms)[0m  [1m[34mSELECT "users".* FROM "users" WHERE "users"."deleted_at" IS NULL AND "users"."id" = 'a8b58455-32ed-4b42-af48-3bb969d2c5b8' LIMIT 1 /*action='update',application='ApprovalEngine',controller='requests'*/[0m
  ↳ app/controllers/concerns/authenticatable.rb:20:in 'Authenticatable#authenticate_user'
  [1m[36mRequest Load (0.4ms)[0m  [1m[34mSELECT "requests".* FROM "requests" WHERE "requests"."id" = '8749cef5-817e-4f15-9a5a-e21cce1ffc0b' LIMIT 1 /*action='update',application='ApprovalEngine',controller='requests'*/[0m
  ↳ app/controllers/api/v1/approver/requests_controller.rb:36:in 'Api::V1::Approver::RequestsController#update'
  [1m[36mTRANSACTION (0.1ms)[0m  [1m[35mBEGIN /*action='update',application='ApprovalEngine',controller='requests'*/[0m
  ↳ app/controllers/api/v1/approver/requests_controller.rb:44:in 'block in Api::V1::Approver::RequestsController#update'
  [1m[36mRequest Update (1.2ms)[0m  [1m[33mUPDATE "requests" SET "status" = 'rejected', "updated_at" = '2026-02-08 16:58:59.288939' WHERE "requests"."id" = '8749cef5-817e-4f15-9a5a-e21cce1ffc0b' /*action='update',application='ApprovalEngine',controller='requests'*/[0m
  ↳ app/controllers/api/v1/approver/requests_controller.rb:44:in 'block in Api::V1::Approver::RequestsController#update'
  [1m[36mTenant Load (0.2ms)[0m  [1m[34mSELECT "tenants".* FROM "tenants" WHERE "tenants"."deleted_at" IS NULL AND "tenants"."id" = 'aa29ef8c-86bf-413d-9ea9-ed2c4360c3a5' LIMIT 1 /*action='update',application='ApprovalEngine',controller='requests'*/[0m
  ↳ app/controllers/api/v1/approver/requests_controller.rb:49:in 'block in Api::V1::Approver::RequestsController#update'
  [1m[36mRequestType Load (0.2ms)[0m  [1m[34mSELECT "request_types".* FROM "request_types" WHERE "request_types"."deleted_at" IS NULL AND "request_types"."id" = 'dbc4ad97-8696-4a00-9423-3d4df65dbd59' LIMIT 1 /*action='update',application='ApprovalEngine',controller='requests'*/[0m
  ↳ app/controllers/api/v1/approver/requests_controller.rb:67:in 'Api::V1::Approver::RequestsController#applicable_rule'
  [1m[36mUser Load (0.2ms)[0m  [1m[34mSELECT "users".* FROM "users" WHERE "users"."deleted_at" IS NULL AND "users"."id" = '37ec41c9-c494-4128-bb94-07c2b87ad9e6' LIMIT 1 /*action='update',application='ApprovalEngine',controller='requests'*/[0m
  ↳ app/controllers/api/v1/approver/requests_controller.rb:68:in 'Api::V1::Approver::RequestsController#applicable_rule'
  [1m[36mRule Load (0.2ms)[0m  [1m[34mSELECT "rules".* FROM "rules" WHERE "rules"."deleted_at" IS NULL AND "rules"."tenant_id" = 'aa29ef8c-86bf-413d-9ea9-ed2c4360c3a5' AND "rules"."request_type_id" = 'dbc4ad97-8696-4a00-9423-3d4df65dbd59' AND "rules"."grade" = 3 LIMIT 1 /*action='update',application='ApprovalEngine',controller='requests'*/[0m
  ↳ app/controllers/api/v1/approver/requests_controller.rb:65:in 'Api::V1::Approver::RequestsController#applicable_rule'
  [1m[36mCACHE Rule Load (0.0ms)[0m  [1m[34mSELECT "rules".* FROM "rules" WHERE "rules"."deleted_at" IS NULL AND "rules"."tenant_id" = 'aa29ef8c-86bf-413d-9ea9-ed2c4360c3a5' AND "rules"."request_type_id" = 'dbc4ad97-8696-4a00-9423-3d4df65dbd59' AND "rules"."grade" = 3 LIMIT 1[0m
  ↳ app/controllers/api/v1/approver/requests_controller.rb:65:in 'Api::V1::Approver::RequestsController#applicable_rule'
  [1m[36mApproval Create (0.5ms)[0m  [1m[32mINSERT INTO "approvals" ("action", "approver_id", "created_at", "definition", "reason", "request_id", "rule_id", "tenant_id", "updated_at") VALUES ('rejected', 'a8b58455-32ed-4b42-af48-3bb969d2c5b8', '2026-02-08 16:58:59.296477', 50000, 'No!', '8749cef5-817e-4f15-9a5a-e21cce1ffc0b', '6d9b88af-a02d-4d3c-8099-8cb7fb3a2d4a', 'aa29ef8c-86bf-413d-9ea9-ed2c4360c3a5', '2026-02-08 16:58:59.296477') RETURNING "id" /*action='update',application='ApprovalEngine',controller='requests'*/[0m
  ↳ app/controllers/api/v1/approver/requests_controller.rb:48:in 'block in Api::V1::Approver::RequestsController#update'
  [1m[36mTRANSACTION (14.5ms)[0m  [1m[35mCOMMIT /*action='update',application='ApprovalEngine',controller='requests'*/[0m
  ↳ app/controllers/api/v1/approver/requests_controller.rb:43:in 'Api::V1::Approver::RequestsController#update'
Completed 200 OK in 28ms (Views: 0.1ms | ActiveRecord: 17.8ms (9 queries, 1 cached) | GC: 0.0ms)


Started GET "/api/v1/approver/requests?page=1" for ::1 at 2026-02-08 22:28:59 +0530
Processing by Api::V1::Approver::RequestsController#index as HTML
  Parameters: {"page" => "1"}
  [1m[36mUser Load (0.3ms)[0m  [1m[34mSELECT "users".* FROM "users" WHERE "users"."deleted_at" IS NULL AND "users"."id" = 'a8b58455-32ed-4b42-af48-3bb969d2c5b8' LIMIT 1 /*action='index',application='ApprovalEngine',controller='requests'*/[0m
  ↳ app/controllers/concerns/authenticatable.rb:20:in 'Authenticatable#authenticate_user'
  [1m[36mRequest Count (0.2ms)[0m  [1m[34mSELECT COUNT(*) FROM "requests" WHERE "requests"."status" = 'pending_approval' AND "requests"."tenant_id" = 'aa29ef8c-86bf-413d-9ea9-ed2c4360c3a5' /*action='index',application='ApprovalEngine',controller='requests'*/[0m
  ↳ app/controllers/api/v1/approver/requests_controller.rb:24:in 'Api::V1::Approver::RequestsController#index'
  [1m[36mRequest Load (0.2ms)[0m  [1m[34mSELECT "requests".* FROM "requests" WHERE "requests"."status" = 'pending_approval' AND "requests"."tenant_id" = 'aa29ef8c-86bf-413d-9ea9-ed2c4360c3a5' LIMIT 10 OFFSET 0 /*action='index',application='ApprovalEngine',controller='requests'*/[0m
  ↳ app/controllers/api/v1/approver/requests_controller.rb:30:in 'Api::V1::Approver::RequestsController#index'
Completed 200 OK in 3ms (Views: 0.1ms | ActiveRecord: 0.6ms (3 queries, 0 cached) | GC: 0.0ms)


Started GET "/api/v1/requests?page=1" for ::1 at 2026-02-08 22:29:10 +0530
Processing by Api::V1::RequestsController#index as HTML
  Parameters: {"page" => "1"}
  [1m[36mUser Load (0.4ms)[0m  [1m[34mSELECT "users".* FROM "users" WHERE "users"."deleted_at" IS NULL AND "users"."id" = 'a8b58455-32ed-4b42-af48-3bb969d2c5b8' LIMIT 1 /*action='index',application='ApprovalEngine',controller='requests'*/[0m
  ↳ app/controllers/concerns/authenticatable.rb:20:in 'Authenticatable#authenticate_user'
  [1m[36mTenant Load (0.2ms)[0m  [1m[34mSELECT "tenants".* FROM "tenants" WHERE "tenants"."deleted_at" IS NULL AND "tenants"."id" = 'aa29ef8c-86bf-413d-9ea9-ed2c4360c3a5' LIMIT 1 /*action='index',application='ApprovalEngine',controller='requests'*/[0m
  ↳ app/controllers/api/v1/requests_controller.rb:9:in 'Api::V1::RequestsController#index'
  [1m[36mRequest Count (0.2ms)[0m  [1m[34mSELECT COUNT(*) FROM "requests" WHERE "requests"."tenant_id" = 'aa29ef8c-86bf-413d-9ea9-ed2c4360c3a5' /*action='index',application='ApprovalEngine',controller='requests'*/[0m
  ↳ app/controllers/api/v1/requests_controller.rb:16:in 'Api::V1::RequestsController#index'
  [1m[36mRequest Load (0.2ms)[0m  [1m[34mSELECT "requests".* FROM "requests" WHERE "requests"."tenant_id" = 'aa29ef8c-86bf-413d-9ea9-ed2c4360c3a5' LIMIT 10 OFFSET 0 /*action='index',application='ApprovalEngine',controller='requests'*/[0m
  ↳ app/controllers/api/v1/requests_controller.rb:22:in 'Api::V1::RequestsController#index'
  [1m[36mUser Load (0.2ms)[0m  [1m[34mSELECT "users".* FROM "users" WHERE "users"."deleted_at" IS NULL AND "users"."id" IN ('fe43d2ce-b8cd-4d8e-b6ed-2bd799945724', '37ec41c9-c494-4128-bb94-07c2b87ad9e6', '24c0e984-3d03-44c6-bdb3-9e397ba9d8c2') /*action='index',application='ApprovalEngine',controller='requests'*/[0m
  ↳ app/controllers/api/v1/requests_controller.rb:22:in 'Api::V1::RequestsController#index'
  [1m[36mRequestType Load (0.2ms)[0m  [1m[34mSELECT "request_types".* FROM "request_types" WHERE "request_types"."deleted_at" IS NULL AND "request_types"."id" IN ('dbc4ad97-8696-4a00-9423-3d4df65dbd59', '1f5dd956-b4d1-456e-a5ea-d3c63ebde7b8') /*action='index',application='ApprovalEngine',controller='requests'*/[0m
  ↳ app/controllers/api/v1/requests_controller.rb:22:in 'Api::V1::RequestsController#index'
  [1m[36mApproval Load (0.2ms)[0m  [1m[34mSELECT "approvals".* FROM "approvals" WHERE "approvals"."request_id" IN ('2250d943-5e91-418f-bb33-a65d48294246', '3349468a-bcfd-4c23-a10a-67f15e8ab049', '80a2e814-4ac5-4c14-aa03-65297f8e8a05', 'd31cb57e-3c91-4e86-a2d6-a850d791d93c', '907c2d07-9cb6-4d85-a45f-0909c013f7b3', '9bebdd1e-d5eb-4f0c-be3a-68caecd92ea5', 'e19d56e8-6d6c-4ac1-b939-e50ecdf6cdcb', 'f4b90444-bf2f-41a1-9ac4-c1925813404b', '59504973-a39c-45b4-8944-2caf42d8b290', 'c40b1942-ea39-425c-8541-297a8c1f9afa') /*action='index',application='ApprovalEngine',controller='requests'*/[0m
  ↳ app/controllers/api/v1/requests_controller.rb:22:in 'Api::V1::RequestsController#index'
  [1m[36mUser Load (0.2ms)[0m  [1m[34mSELECT "users".* FROM "users" INNER JOIN "request_type_approvers" ON "users"."id" = "request_type_approvers"."user_id" WHERE "users"."deleted_at" IS NULL AND "request_type_approvers"."request_type_id" = 'dbc4ad97-8696-4a00-9423-3d4df65dbd59' /*action='index',application='ApprovalEngine',controller='requests'*/[0m
  ↳ app/controllers/api/v1/requests_controller.rb:22:in 'Api::V1::RequestsController#index'
  [1m[36mRule Load (0.2ms)[0m  [1m[34mSELECT "rules".* FROM "rules" WHERE "rules"."deleted_at" IS NULL AND "rules"."id" = '4f5a2b27-f6dd-47a0-ba23-bb8b1c83d65f' LIMIT 1 /*action='index',application='ApprovalEngine',controller='requests'*/[0m
  ↳ app/controllers/api/v1/requests_controller.rb:22:in 'Api::V1::RequestsController#index'
  [1m[36mRequestType Load (0.2ms)[0m  [1m[34mSELECT "request_types".* FROM "request_types" WHERE "request_types"."deleted_at" IS NULL AND "request_types"."id" = 'dbc4ad97-8696-4a00-9423-3d4df65dbd59' LIMIT 1 /*action='index',application='ApprovalEngine',controller='requests'*/[0m
  ↳ app/controllers/api/v1/requests_controller.rb:22:in 'Api::V1::RequestsController#index'
  [1m[36mCACHE User Load (0.0ms)[0m  [1m[34mSELECT "users".* FROM "users" INNER JOIN "request_type_approvers" ON "users"."id" = "request_type_approvers"."user_id" WHERE "users"."deleted_at" IS NULL AND "request_type_approvers"."request_type_id" = 'dbc4ad97-8696-4a00-9423-3d4df65dbd59'[0m
  ↳ app/controllers/api/v1/requests_controller.rb:22:in 'Api::V1::RequestsController#index'
  [1m[36mCACHE Rule Load (0.0ms)[0m  [1m[34mSELECT "rules".* FROM "rules" WHERE "rules"."deleted_at" IS NULL AND "rules"."id" = '4f5a2b27-f6dd-47a0-ba23-bb8b1c83d65f' LIMIT 1[0m
  ↳ app/controllers/api/v1/requests_controller.rb:22:in 'Api::V1::RequestsController#index'
  [1m[36mCACHE RequestType Load (0.0ms)[0m  [1m[34mSELECT "request_types".* FROM "request_types" WHERE "request_types"."deleted_at" IS NULL AND "request_types"."id" = 'dbc4ad97-8696-4a00-9423-3d4df65dbd59' LIMIT 1[0m
  ↳ app/controllers/api/v1/requests_controller.rb:22:in 'Api::V1::RequestsController#index'
  [1m[36mCACHE User Load (0.0ms)[0m  [1m[34mSELECT "users".* FROM "users" INNER JOIN "request_type_approvers" ON "users"."id" = "request_type_approvers"."user_id" WHERE "users"."deleted_at" IS NULL AND "request_type_approvers"."request_type_id" = 'dbc4ad97-8696-4a00-9423-3d4df65dbd59'[0m
  ↳ app/controllers/api/v1/requests_controller.rb:22:in 'Api::V1::RequestsController#index'
  [1m[36mCACHE Rule Load (0.0ms)[0m  [1m[34mSELECT "rules".* FROM "rules" WHERE "rules"."deleted_at" IS NULL AND "rules"."id" = '4f5a2b27-f6dd-47a0-ba23-bb8b1c83d65f' LIMIT 1[0m
  ↳ app/controllers/api/v1/requests_controller.rb:22:in 'Api::V1::RequestsController#index'
  [1m[36mCACHE RequestType Load (0.0ms)[0m  [1m[34mSELECT "request_types".* FROM "request_types" WHERE "request_types"."deleted_at" IS NULL AND "request_types"."id" = 'dbc4ad97-8696-4a00-9423-3d4df65dbd59' LIMIT 1[0m
  ↳ app/controllers/api/v1/requests_controller.rb:22:in 'Api::V1::RequestsController#index'
  [1m[36mCACHE User Load (0.0ms)[0m  [1m[34mSELECT "users".* FROM "users" INNER JOIN "request_type_approvers" ON "users"."id" = "request_type_approvers"."user_id" WHERE "users"."deleted_at" IS NULL AND "request_type_approvers"."request_type_id" = 'dbc4ad97-8696-4a00-9423-3d4df65dbd59'[0m
  ↳ app/controllers/api/v1/requests_controller.rb:22:in 'Api::V1::RequestsController#index'
  [1m[36mUser Load (0.2ms)[0m  [1m[34mSELECT "users".* FROM "users" INNER JOIN "request_type_approvers" ON "users"."id" = "request_type_approvers"."user_id" WHERE "users"."deleted_at" IS NULL AND "request_type_approvers"."request_type_id" = '1f5dd956-b4d1-456e-a5ea-d3c63ebde7b8' /*action='index',application='ApprovalEngine',controller='requests'*/[0m
  ↳ app/controllers/api/v1/requests_controller.rb:22:in 'Api::V1::RequestsController#index'
  [1m[36mRule Load (0.2ms)[0m  [1m[34mSELECT "rules".* FROM "rules" WHERE "rules"."deleted_at" IS NULL AND "rules"."id" = '269d79fa-dc15-4468-a104-db1cf9dc960b' LIMIT 1 /*action='index',application='ApprovalEngine',controller='requests'*/[0m
  ↳ app/controllers/api/v1/requests_controller.rb:22:in 'Api::V1::RequestsController#index'
  [1m[36mRequestType Load (0.1ms)[0m  [1m[34mSELECT "request_types".* FROM "request_types" WHERE "request_types"."deleted_at" IS NULL AND "request_types"."id" = '1f5dd956-b4d1-456e-a5ea-d3c63ebde7b8' LIMIT 1 /*action='index',application='ApprovalEngine',controller='requests'*/[0m
  ↳ app/controllers/api/v1/requests_controller.rb:22:in 'Api::V1::RequestsController#index'
  [1m[36mCACHE User Load (0.0ms)[0m  [1m[34mSELECT "users".* FROM "users" INNER JOIN "request_type_approvers" ON "users"."id" = "request_type_approvers"."user_id" WHERE "users"."deleted_at" IS NULL AND "request_type_approvers"."request_type_id" = '1f5dd956-b4d1-456e-a5ea-d3c63ebde7b8'[0m
  ↳ app/controllers/api/v1/requests_controller.rb:22:in 'Api::V1::RequestsController#index'
  [1m[36mCACHE Rule Load (0.0ms)[0m  [1m[34mSELECT "rules".* FROM "rules" WHERE "rules"."deleted_at" IS NULL AND "rules"."id" = '269d79fa-dc15-4468-a104-db1cf9dc960b' LIMIT 1[0m
  ↳ app/controllers/api/v1/requests_controller.rb:22:in 'Api::V1::RequestsController#index'
  [1m[36mCACHE RequestType Load (0.0ms)[0m  [1m[34mSELECT "request_types".* FROM "request_types" WHERE "request_types"."deleted_at" IS NULL AND "request_types"."id" = '1f5dd956-b4d1-456e-a5ea-d3c63ebde7b8' LIMIT 1[0m
  ↳ app/controllers/api/v1/requests_controller.rb:22:in 'Api::V1::RequestsController#index'
  [1m[36mCACHE User Load (0.0ms)[0m  [1m[34mSELECT "users".* FROM "users" INNER JOIN "request_type_approvers" ON "users"."id" = "request_type_approvers"."user_id" WHERE "users"."deleted_at" IS NULL AND "request_type_approvers"."request_type_id" = '1f5dd956-b4d1-456e-a5ea-d3c63ebde7b8'[0m
  ↳ app/controllers/api/v1/requests_controller.rb:22:in 'Api::V1::RequestsController#index'
  [1m[36mCACHE Rule Load (0.0ms)[0m  [1m[34mSELECT "rules".* FROM "rules" WHERE "rules"."deleted_at" IS NULL AND "rules"."id" = '269d79fa-dc15-4468-a104-db1cf9dc960b' LIMIT 1[0m
  ↳ app/controllers/api/v1/requests_controller.rb:22:in 'Api::V1::RequestsController#index'
  [1m[36mCACHE RequestType Load (0.0ms)[0m  [1m[34mSELECT "request_types".* FROM "request_types" WHERE "request_types"."deleted_at" IS NULL AND "request_types"."id" = '1f5dd956-b4d1-456e-a5ea-d3c63ebde7b8' LIMIT 1[0m
  ↳ app/controllers/api/v1/requests_controller.rb:22:in 'Api::V1::RequestsController#index'
  [1m[36mCACHE User Load (0.0ms)[0m  [1m[34mSELECT "users".* FROM "users" INNER JOIN "request_type_approvers" ON "users"."id" = "request_type_approvers"."user_id" WHERE "users"."deleted_at" IS NULL AND "request_type_approvers"."request_type_id" = '1f5dd956-b4d1-456e-a5ea-d3c63ebde7b8'[0m
  ↳ app/controllers/api/v1/requests_controller.rb:22:in 'Api::V1::RequestsController#index'
  [1m[36mRule Load (0.2ms)[0m  [1m[34mSELECT "rules".* FROM "rules" WHERE "rules"."deleted_at" IS NULL AND "rules"."id" = '6d9b88af-a02d-4d3c-8099-8cb7fb3a2d4a' LIMIT 1 /*action='index',application='ApprovalEngine',controller='requests'*/[0m
  ↳ app/controllers/api/v1/requests_controller.rb:22:in 'Api::V1::RequestsController#index'
  [1m[36mCACHE RequestType Load (0.0ms)[0m  [1m[34mSELECT "request_types".* FROM "request_types" WHERE "request_types"."deleted_at" IS NULL AND "request_types"."id" = 'dbc4ad97-8696-4a00-9423-3d4df65dbd59' LIMIT 1[0m
  ↳ app/controllers/api/v1/requests_controller.rb:22:in 'Api::V1::RequestsController#index'
  [1m[36mCACHE User Load (0.0ms)[0m  [1m[34mSELECT "users".* FROM "users" INNER JOIN "request_type_approvers" ON "users"."id" = "request_type_approvers"."user_id" WHERE "users"."deleted_at" IS NULL AND "request_type_approvers"."request_type_id" = 'dbc4ad97-8696-4a00-9423-3d4df65dbd59'[0m
  ↳ app/controllers/api/v1/requests_controller.rb:22:in 'Api::V1::RequestsController#index'
  [1m[36mCACHE Rule Load (0.0ms)[0m  [1m[34mSELECT "rules".* FROM "rules" WHERE "rules"."deleted_at" IS NULL AND "rules"."id" = '6d9b88af-a02d-4d3c-8099-8cb7fb3a2d4a' LIMIT 1[0m
  ↳ app/controllers/api/v1/requests_controller.rb:22:in 'Api::V1::RequestsController#index'
  [1m[36mCACHE RequestType Load (0.0ms)[0m  [1m[34mSELECT "request_types".* FROM "request_types" WHERE "request_types"."deleted_at" IS NULL AND "request_types"."id" = 'dbc4ad97-8696-4a00-9423-3d4df65dbd59' LIMIT 1[0m
  ↳ app/controllers/api/v1/requests_controller.rb:22:in 'Api::V1::RequestsController#index'
  [1m[36mCACHE User Load (0.0ms)[0m  [1m[34mSELECT "users".* FROM "users" INNER JOIN "request_type_approvers" ON "users"."id" = "request_type_approvers"."user_id" WHERE "users"."deleted_at" IS NULL AND "request_type_approvers"."request_type_id" = 'dbc4ad97-8696-4a00-9423-3d4df65dbd59'[0m
  ↳ app/controllers/api/v1/requests_controller.rb:22:in 'Api::V1::RequestsController#index'
  [1m[36mRule Load (0.2ms)[0m  [1m[34mSELECT "rules".* FROM "rules" WHERE "rules"."deleted_at" IS NULL AND "rules"."id" = '8a1dd6be-6d3e-43cb-86c0-7b9c09bb6f91' LIMIT 1 /*action='index',application='ApprovalEngine',controller='requests'*/[0m
  ↳ app/controllers/api/v1/requests_controller.rb:22:in 'Api::V1::RequestsController#index'
  [1m[36mRule Load (0.1ms)[0m  [1m[34mSELECT "rules".* FROM "rules" WHERE "rules"."deleted_at" IS NULL AND "rules"."id" = '48a78e3e-3f71-41f5-a9b5-01ff3306a6d0' LIMIT 1 /*action='index',application='ApprovalEngine',controller='requests'*/[0m
  ↳ app/controllers/api/v1/requests_controller.rb:22:in 'Api::V1::RequestsController#index'
  [1m[36mCACHE RequestType Load (0.0ms)[0m  [1m[34mSELECT "request_types".* FROM "request_types" WHERE "request_types"."deleted_at" IS NULL AND "request_types"."id" = 'dbc4ad97-8696-4a00-9423-3d4df65dbd59' LIMIT 1[0m
  ↳ app/controllers/api/v1/requests_controller.rb:22:in 'Api::V1::RequestsController#index'
  [1m[36mCACHE User Load (0.0ms)[0m  [1m[34mSELECT "users".* FROM "users" INNER JOIN "request_type_approvers" ON "users"."id" = "request_type_approvers"."user_id" WHERE "users"."deleted_at" IS NULL AND "request_type_approvers"."request_type_id" = 'dbc4ad97-8696-4a00-9423-3d4df65dbd59'[0m
  ↳ app/controllers/api/v1/requests_controller.rb:22:in 'Api::V1::RequestsController#index'
Completed 200 OK in 33ms (Views: 0.1ms | ActiveRecord: 3.1ms (37 queries, 21 cached) | GC: 3.8ms)


Started GET "/api/v1/admin/reports/summary" for ::1 at 2026-02-08 22:29:18 +0530
Started GET "/api/v1/requests?page=1" for ::1 at 2026-02-08 22:29:18 +0530
Processing by Api::V1::Admin::ReportsController#summary as HTML
Processing by Api::V1::RequestsController#index as HTML
  Parameters: {"page" => "1"}
  [1m[36mUser Load (1.0ms)[0m  [1m[34mSELECT "users".* FROM "users" WHERE "users"."deleted_at" IS NULL AND "users"."id" = 'a8b58455-32ed-4b42-af48-3bb969d2c5b8' LIMIT 1 /*action='summary',application='ApprovalEngine',controller='reports'*/[0m
  ↳ app/controllers/concerns/authenticatable.rb:20:in 'Authenticatable#authenticate_user'
  [1m[36mUser Load (1.2ms)[0m  [1m[34mSELECT "users".* FROM "users" WHERE "users"."deleted_at" IS NULL AND "users"."id" = 'a8b58455-32ed-4b42-af48-3bb969d2c5b8' LIMIT 1 /*action='index',application='ApprovalEngine',controller='requests'*/[0m
  ↳ app/controllers/concerns/authenticatable.rb:20:in 'Authenticatable#authenticate_user'
  [1m[36mTenant Load (0.9ms)[0m  [1m[34mSELECT "tenants".* FROM "tenants" WHERE "tenants"."deleted_at" IS NULL AND "tenants"."id" = 'aa29ef8c-86bf-413d-9ea9-ed2c4360c3a5' LIMIT 1 /*action='summary',application='ApprovalEngine',controller='reports'*/[0m
  ↳ app/controllers/api/v1/admin/reports_controller.rb:8:in 'Api::V1::Admin::ReportsController#summary'
  [1m[36mTenant Load (1.9ms)[0m  [1m[34mSELECT "tenants".* FROM "tenants" WHERE "tenants"."deleted_at" IS NULL AND "tenants"."id" = 'aa29ef8c-86bf-413d-9ea9-ed2c4360c3a5' LIMIT 1 /*action='index',application='ApprovalEngine',controller='requests'*/[0m
  ↳ app/controllers/api/v1/requests_controller.rb:9:in 'Api::V1::RequestsController#index'
  [1m[36mRequest Count (1.0ms)[0m  [1m[34mSELECT COUNT(*) FROM "requests" WHERE "requests"."tenant_id" = 'aa29ef8c-86bf-413d-9ea9-ed2c4360c3a5' /*action='summary',application='ApprovalEngine',controller='reports'*/[0m
  ↳ app/controllers/api/v1/admin/reports_controller.rb:22:in 'Api::V1::Admin::ReportsController#total_requests'
  [1m[36mRequest Count (0.8ms)[0m  [1m[34mSELECT COUNT(*) FROM "requests" WHERE "requests"."tenant_id" = 'aa29ef8c-86bf-413d-9ea9-ed2c4360c3a5' /*action='index',application='ApprovalEngine',controller='requests'*/[0m
  ↳ app/controllers/api/v1/requests_controller.rb:16:in 'Api::V1::RequestsController#index'
  [1m[36mRequest Count (1.0ms)[0m  [1m[34mSELECT COUNT(*) AS "count_all", "requests"."status" AS "requests_status" FROM "requests" WHERE "requests"."tenant_id" = 'aa29ef8c-86bf-413d-9ea9-ed2c4360c3a5' GROUP BY "requests"."status" /*action='summary',application='ApprovalEngine',controller='reports'*/[0m
  ↳ app/controllers/api/v1/admin/reports_controller.rb:26:in 'Api::V1::Admin::ReportsController#status_breakdown'
  [1m[36mRequest Load (1.3ms)[0m  [1m[34mSELECT "requests".* FROM "requests" WHERE "requests"."tenant_id" = 'aa29ef8c-86bf-413d-9ea9-ed2c4360c3a5' LIMIT 10 OFFSET 0 /*action='index',application='ApprovalEngine',controller='requests'*/[0m
  ↳ app/controllers/api/v1/requests_controller.rb:22:in 'Api::V1::RequestsController#index'
  [1m[36mRequest Count (1.4ms)[0m  [1m[34mSELECT COUNT(*) AS "count_all", "request_types"."name" AS "request_types_name" FROM "requests" INNER JOIN "request_types" ON "request_types"."deleted_at" IS NULL AND "request_types"."id" = "requests"."request_type_id" WHERE "requests"."tenant_id" = 'aa29ef8c-86bf-413d-9ea9-ed2c4360c3a5' GROUP BY "request_types"."name" /*action='summary',application='ApprovalEngine',controller='reports'*/[0m
  ↳ app/controllers/api/v1/admin/reports_controller.rb:33:in 'Api::V1::Admin::ReportsController#request_type_breakdown'
  [1m[36mUser Load (0.9ms)[0m  [1m[34mSELECT "users".* FROM "users" WHERE "users"."deleted_at" IS NULL AND "users"."id" IN ('fe43d2ce-b8cd-4d8e-b6ed-2bd799945724', '37ec41c9-c494-4128-bb94-07c2b87ad9e6', '24c0e984-3d03-44c6-bdb3-9e397ba9d8c2') /*action='index',application='ApprovalEngine',controller='requests'*/[0m
  ↳ app/controllers/api/v1/requests_controller.rb:22:in 'Api::V1::RequestsController#index'
  [1m[36mApproval Count (1.7ms)[0m  [1m[34mSELECT COUNT(*) AS "count_all", "approvals"."action" AS "approvals_action" FROM "approvals" WHERE "approvals"."tenant_id" = 'aa29ef8c-86bf-413d-9ea9-ed2c4360c3a5' GROUP BY "approvals"."action" /*action='summary',application='ApprovalEngine',controller='reports'*/[0m
  ↳ app/controllers/api/v1/admin/reports_controller.rb:37:in 'Api::V1::Admin::ReportsController#decision_breakdown'
  [1m[36mRequestType Load (0.9ms)[0m  [1m[34mSELECT "request_types".* FROM "request_types" WHERE "request_types"."deleted_at" IS NULL AND "request_types"."id" IN ('dbc4ad97-8696-4a00-9423-3d4df65dbd59', '1f5dd956-b4d1-456e-a5ea-d3c63ebde7b8') /*action='index',application='ApprovalEngine',controller='requests'*/[0m
  ↳ app/controllers/api/v1/requests_controller.rb:22:in 'Api::V1::RequestsController#index'
  [1m[36mApproval Count (1.0ms)[0m  [1m[34mSELECT COUNT(*) AS "count_all", "approvals"."rule_id" AS "approvals_rule_id" FROM "approvals" WHERE "approvals"."tenant_id" = 'aa29ef8c-86bf-413d-9ea9-ed2c4360c3a5' AND "approvals"."rule_id" IS NOT NULL GROUP BY "approvals"."rule_id" /*action='summary',application='ApprovalEngine',controller='reports'*/[0m
  ↳ app/controllers/api/v1/admin/reports_controller.rb:44:in 'Api::V1::Admin::ReportsController#rule_hit_counts'
Completed 200 OK in 16ms (Views: 0.1ms | ActiveRecord: 8.0ms (7 queries, 0 cached) | GC: 1.4ms)


  [1m[36mApproval Load (1.4ms)[0m  [1m[34mSELECT "approvals".* FROM "approvals" WHERE "approvals"."request_id" IN ('2250d943-5e91-418f-bb33-a65d48294246', '3349468a-bcfd-4c23-a10a-67f15e8ab049', '80a2e814-4ac5-4c14-aa03-65297f8e8a05', 'd31cb57e-3c91-4e86-a2d6-a850d791d93c', '907c2d07-9cb6-4d85-a45f-0909c013f7b3', '9bebdd1e-d5eb-4f0c-be3a-68caecd92ea5', 'e19d56e8-6d6c-4ac1-b939-e50ecdf6cdcb', 'f4b90444-bf2f-41a1-9ac4-c1925813404b', '59504973-a39c-45b4-8944-2caf42d8b290', 'c40b1942-ea39-425c-8541-297a8c1f9afa') /*action='index',application='ApprovalEngine',controller='requests'*/[0m
  ↳ app/controllers/api/v1/requests_controller.rb:22:in 'Api::V1::RequestsController#index'
  [1m[36mUser Load (0.3ms)[0m  [1m[34mSELECT "users".* FROM "users" INNER JOIN "request_type_approvers" ON "users"."id" = "request_type_approvers"."user_id" WHERE "users"."deleted_at" IS NULL AND "request_type_approvers"."request_type_id" = 'dbc4ad97-8696-4a00-9423-3d4df65dbd59' /*action='index',application='ApprovalEngine',controller='requests'*/[0m
  ↳ app/controllers/api/v1/requests_controller.rb:22:in 'Api::V1::RequestsController#index'
  [1m[36mRule Load (0.2ms)[0m  [1m[34mSELECT "rules".* FROM "rules" WHERE "rules"."deleted_at" IS NULL AND "rules"."id" = '4f5a2b27-f6dd-47a0-ba23-bb8b1c83d65f' LIMIT 1 /*action='index',application='ApprovalEngine',controller='requests'*/[0m
  ↳ app/controllers/api/v1/requests_controller.rb:22:in 'Api::V1::RequestsController#index'
  [1m[36mRequestType Load (0.2ms)[0m  [1m[34mSELECT "request_types".* FROM "request_types" WHERE "request_types"."deleted_at" IS NULL AND "request_types"."id" = 'dbc4ad97-8696-4a00-9423-3d4df65dbd59' LIMIT 1 /*action='index',application='ApprovalEngine',controller='requests'*/[0m
  ↳ app/controllers/api/v1/requests_controller.rb:22:in 'Api::V1::RequestsController#index'
  [1m[36mCACHE User Load (0.0ms)[0m  [1m[34mSELECT "users".* FROM "users" INNER JOIN "request_type_approvers" ON "users"."id" = "request_type_approvers"."user_id" WHERE "users"."deleted_at" IS NULL AND "request_type_approvers"."request_type_id" = 'dbc4ad97-8696-4a00-9423-3d4df65dbd59'[0m
  ↳ app/controllers/api/v1/requests_controller.rb:22:in 'Api::V1::RequestsController#index'
  [1m[36mCACHE Rule Load (0.0ms)[0m  [1m[34mSELECT "rules".* FROM "rules" WHERE "rules"."deleted_at" IS NULL AND "rules"."id" = '4f5a2b27-f6dd-47a0-ba23-bb8b1c83d65f' LIMIT 1[0m
  ↳ app/controllers/api/v1/requests_controller.rb:22:in 'Api::V1::RequestsController#index'
  [1m[36mCACHE RequestType Load (0.0ms)[0m  [1m[34mSELECT "request_types".* FROM "request_types" WHERE "request_types"."deleted_at" IS NULL AND "request_types"."id" = 'dbc4ad97-8696-4a00-9423-3d4df65dbd59' LIMIT 1[0m
  ↳ app/controllers/api/v1/requests_controller.rb:22:in 'Api::V1::RequestsController#index'
  [1m[36mCACHE User Load (0.0ms)[0m  [1m[34mSELECT "users".* FROM "users" INNER JOIN "request_type_approvers" ON "users"."id" = "request_type_approvers"."user_id" WHERE "users"."deleted_at" IS NULL AND "request_type_approvers"."request_type_id" = 'dbc4ad97-8696-4a00-9423-3d4df65dbd59'[0m
  ↳ app/controllers/api/v1/requests_controller.rb:22:in 'Api::V1::RequestsController#index'
  [1m[36mCACHE Rule Load (0.0ms)[0m  [1m[34mSELECT "rules".* FROM "rules" WHERE "rules"."deleted_at" IS NULL AND "rules"."id" = '4f5a2b27-f6dd-47a0-ba23-bb8b1c83d65f' LIMIT 1[0m
  ↳ app/controllers/api/v1/requests_controller.rb:22:in 'Api::V1::RequestsController#index'
  [1m[36mCACHE RequestType Load (0.0ms)[0m  [1m[34mSELECT "request_types".* FROM "request_types" WHERE "request_types"."deleted_at" IS NULL AND "request_types"."id" = 'dbc4ad97-8696-4a00-9423-3d4df65dbd59' LIMIT 1[0m
  ↳ app/controllers/api/v1/requests_controller.rb:22:in 'Api::V1::RequestsController#index'
  [1m[36mCACHE User Load (0.0ms)[0m  [1m[34mSELECT "users".* FROM "users" INNER JOIN "request_type_approvers" ON "users"."id" = "request_type_approvers"."user_id" WHERE "users"."deleted_at" IS NULL AND "request_type_approvers"."request_type_id" = 'dbc4ad97-8696-4a00-9423-3d4df65dbd59'[0m
  ↳ app/controllers/api/v1/requests_controller.rb:22:in 'Api::V1::RequestsController#index'
  [1m[36mUser Load (0.6ms)[0m  [1m[34mSELECT "users".* FROM "users" INNER JOIN "request_type_approvers" ON "users"."id" = "request_type_approvers"."user_id" WHERE "users"."deleted_at" IS NULL AND "request_type_approvers"."request_type_id" = '1f5dd956-b4d1-456e-a5ea-d3c63ebde7b8' /*action='index',application='ApprovalEngine',controller='requests'*/[0m
  ↳ app/controllers/api/v1/requests_controller.rb:22:in 'Api::V1::RequestsController#index'
  [1m[36mRule Load (0.2ms)[0m  [1m[34mSELECT "rules".* FROM "rules" WHERE "rules"."deleted_at" IS NULL AND "rules"."id" = '269d79fa-dc15-4468-a104-db1cf9dc960b' LIMIT 1 /*action='index',application='ApprovalEngine',controller='requests'*/[0m
  ↳ app/controllers/api/v1/requests_controller.rb:22:in 'Api::V1::RequestsController#index'
  [1m[36mRequestType Load (0.2ms)[0m  [1m[34mSELECT "request_types".* FROM "request_types" WHERE "request_types"."deleted_at" IS NULL AND "request_types"."id" = '1f5dd956-b4d1-456e-a5ea-d3c63ebde7b8' LIMIT 1 /*action='index',application='ApprovalEngine',controller='requests'*/[0m
  ↳ app/controllers/api/v1/requests_controller.rb:22:in 'Api::V1::RequestsController#index'
  [1m[36mCACHE User Load (0.0ms)[0m  [1m[34mSELECT "users".* FROM "users" INNER JOIN "request_type_approvers" ON "users"."id" = "request_type_approvers"."user_id" WHERE "users"."deleted_at" IS NULL AND "request_type_approvers"."request_type_id" = '1f5dd956-b4d1-456e-a5ea-d3c63ebde7b8'[0m
  ↳ app/controllers/api/v1/requests_controller.rb:22:in 'Api::V1::RequestsController#index'
  [1m[36mCACHE Rule Load (0.0ms)[0m  [1m[34mSELECT "rules".* FROM "rules" WHERE "rules"."deleted_at" IS NULL AND "rules"."id" = '269d79fa-dc15-4468-a104-db1cf9dc960b' LIMIT 1[0m
  ↳ app/controllers/api/v1/requests_controller.rb:22:in 'Api::V1::RequestsController#index'
  [1m[36mCACHE RequestType Load (0.0ms)[0m  [1m[34mSELECT "request_types".* FROM "request_types" WHERE "request_types"."deleted_at" IS NULL AND "request_types"."id" = '1f5dd956-b4d1-456e-a5ea-d3c63ebde7b8' LIMIT 1[0m
  ↳ app/controllers/api/v1/requests_controller.rb:22:in 'Api::V1::RequestsController#index'
  [1m[36mCACHE User Load (0.0ms)[0m  [1m[34mSELECT "users".* FROM "users" INNER JOIN "request_type_approvers" ON "users"."id" = "request_type_approvers"."user_id" WHERE "users"."deleted_at" IS NULL AND "request_type_approvers"."request_type_id" = '1f5dd956-b4d1-456e-a5ea-d3c63ebde7b8'[0m
  ↳ app/controllers/api/v1/requests_controller.rb:22:in 'Api::V1::RequestsController#index'
  [1m[36mCACHE Rule Load (0.0ms)[0m  [1m[34mSELECT "rules".* FROM "rules" WHERE "rules"."deleted_at" IS NULL AND "rules"."id" = '269d79fa-dc15-4468-a104-db1cf9dc960b' LIMIT 1[0m
  ↳ app/controllers/api/v1/requests_controller.rb:22:in 'Api::V1::RequestsController#index'
  [1m[36mCACHE RequestType Load (0.0ms)[0m  [1m[34mSELECT "request_types".* FROM "request_types" WHERE "request_types"."deleted_at" IS NULL AND "request_types"."id" = '1f5dd956-b4d1-456e-a5ea-d3c63ebde7b8' LIMIT 1[0m
  ↳ app/controllers/api/v1/requests_controller.rb:22:in 'Api::V1::RequestsController#index'
  [1m[36mCACHE User Load (0.0ms)[0m  [1m[34mSELECT "users".* FROM "users" INNER JOIN "request_type_approvers" ON "users"."id" = "request_type_approvers"."user_id" WHERE "users"."deleted_at" IS NULL AND "request_type_approvers"."request_type_id" = '1f5dd956-b4d1-456e-a5ea-d3c63ebde7b8'[0m
  ↳ app/controllers/api/v1/requests_controller.rb:22:in 'Api::V1::RequestsController#index'
  [1m[36mRule Load (0.4ms)[0m  [1m[34mSELECT "rules".* FROM "rules" WHERE "rules"."deleted_at" IS NULL AND "rules"."id" = '6d9b88af-a02d-4d3c-8099-8cb7fb3a2d4a' LIMIT 1 /*action='index',application='ApprovalEngine',controller='requests'*/[0m
  ↳ app/controllers/api/v1/requests_controller.rb:22:in 'Api::V1::RequestsController#index'
  [1m[36mCACHE RequestType Load (0.0ms)[0m  [1m[34mSELECT "request_types".* FROM "request_types" WHERE "request_types"."deleted_at" IS NULL AND "request_types"."id" = 'dbc4ad97-8696-4a00-9423-3d4df65dbd59' LIMIT 1[0m
  ↳ app/controllers/api/v1/requests_controller.rb:22:in 'Api::V1::RequestsController#index'
  [1m[36mCACHE User Load (0.0ms)[0m  [1m[34mSELECT "users".* FROM "users" INNER JOIN "request_type_approvers" ON "users"."id" = "request_type_approvers"."user_id" WHERE "users"."deleted_at" IS NULL AND "request_type_approvers"."request_type_id" = 'dbc4ad97-8696-4a00-9423-3d4df65dbd59'[0m
  ↳ app/controllers/api/v1/requests_controller.rb:22:in 'Api::V1::RequestsController#index'
  [1m[36mCACHE Rule Load (0.0ms)[0m  [1m[34mSELECT "rules".* FROM "rules" WHERE "rules"."deleted_at" IS NULL AND "rules"."id" = '6d9b88af-a02d-4d3c-8099-8cb7fb3a2d4a' LIMIT 1[0m
  ↳ app/controllers/api/v1/requests_controller.rb:22:in 'Api::V1::RequestsController#index'
  [1m[36mCACHE RequestType Load (0.0ms)[0m  [1m[34mSELECT "request_types".* FROM "request_types" WHERE "request_types"."deleted_at" IS NULL AND "request_types"."id" = 'dbc4ad97-8696-4a00-9423-3d4df65dbd59' LIMIT 1[0m
  ↳ app/controllers/api/v1/requests_controller.rb:22:in 'Api::V1::RequestsController#index'
  [1m[36mCACHE User Load (0.0ms)[0m  [1m[34mSELECT "users".* FROM "users" INNER JOIN "request_type_approvers" ON "users"."id" = "request_type_approvers"."user_id" WHERE "users"."deleted_at" IS NULL AND "request_type_approvers"."request_type_id" = 'dbc4ad97-8696-4a00-9423-3d4df65dbd59'[0m
  ↳ app/controllers/api/v1/requests_controller.rb:22:in 'Api::V1::RequestsController#index'
  [1m[36mRule Load (0.3ms)[0m  [1m[34mSELECT "rules".* FROM "rules" WHERE "rules"."deleted_at" IS NULL AND "rules"."id" = '8a1dd6be-6d3e-43cb-86c0-7b9c09bb6f91' LIMIT 1 /*action='index',application='ApprovalEngine',controller='requests'*/[0m
  ↳ app/controllers/api/v1/requests_controller.rb:22:in 'Api::V1::RequestsController#index'
  [1m[36mRule Load (0.2ms)[0m  [1m[34mSELECT "rules".* FROM "rules" WHERE "rules"."deleted_at" IS NULL AND "rules"."id" = '48a78e3e-3f71-41f5-a9b5-01ff3306a6d0' LIMIT 1 /*action='index',application='ApprovalEngine',controller='requests'*/[0m
  ↳ app/controllers/api/v1/requests_controller.rb:22:in 'Api::V1::RequestsController#index'
  [1m[36mCACHE RequestType Load (0.0ms)[0m  [1m[34mSELECT "request_types".* FROM "request_types" WHERE "request_types"."deleted_at" IS NULL AND "request_types"."id" = 'dbc4ad97-8696-4a00-9423-3d4df65dbd59' LIMIT 1[0m
  ↳ app/controllers/api/v1/requests_controller.rb:22:in 'Api::V1::RequestsController#index'
  [1m[36mCACHE User Load (0.0ms)[0m  [1m[34mSELECT "users".* FROM "users" INNER JOIN "request_type_approvers" ON "users"."id" = "request_type_approvers"."user_id" WHERE "users"."deleted_at" IS NULL AND "request_type_approvers"."request_type_id" = 'dbc4ad97-8696-4a00-9423-3d4df65dbd59'[0m
  ↳ app/controllers/api/v1/requests_controller.rb:22:in 'Api::V1::RequestsController#index'
Completed 200 OK in 45ms (Views: 0.7ms | ActiveRecord: 10.9ms (37 queries, 21 cached) | GC: 4.0ms)


Started GET "/api/v1/admin/reports/summary" for ::1 at 2026-02-08 22:29:42 +0530
Started GET "/api/v1/requests?page=1" for ::1 at 2026-02-08 22:29:42 +0530
Processing by Api::V1::RequestsController#index as HTML
  Parameters: {"page" => "1"}
Processing by Api::V1::Admin::ReportsController#summary as HTML
  [1m[36mUser Load (0.8ms)[0m  [1m[34mSELECT "users".* FROM "users" WHERE "users"."deleted_at" IS NULL AND "users"."id" = 'a8b58455-32ed-4b42-af48-3bb969d2c5b8' LIMIT 1 /*action='index',application='ApprovalEngine',controller='requests'*/[0m
  ↳ app/controllers/concerns/authenticatable.rb:20:in 'Authenticatable#authenticate_user'
  [1m[36mUser Load (1.3ms)[0m  [1m[34mSELECT "users".* FROM "users" WHERE "users"."deleted_at" IS NULL AND "users"."id" = 'a8b58455-32ed-4b42-af48-3bb969d2c5b8' LIMIT 1 /*action='summary',application='ApprovalEngine',controller='reports'*/[0m
  ↳ app/controllers/concerns/authenticatable.rb:20:in 'Authenticatable#authenticate_user'
  [1m[36mTenant Load (1.2ms)[0m  [1m[34mSELECT "tenants".* FROM "tenants" WHERE "tenants"."deleted_at" IS NULL AND "tenants"."id" = 'aa29ef8c-86bf-413d-9ea9-ed2c4360c3a5' LIMIT 1 /*action='index',application='ApprovalEngine',controller='requests'*/[0m
  ↳ app/controllers/api/v1/requests_controller.rb:9:in 'Api::V1::RequestsController#index'
  [1m[36mTenant Load (1.3ms)[0m  [1m[34mSELECT "tenants".* FROM "tenants" WHERE "tenants"."deleted_at" IS NULL AND "tenants"."id" = 'aa29ef8c-86bf-413d-9ea9-ed2c4360c3a5' LIMIT 1 /*action='summary',application='ApprovalEngine',controller='reports'*/[0m
  ↳ app/controllers/api/v1/admin/reports_controller.rb:8:in 'Api::V1::Admin::ReportsController#summary'
  [1m[36mRequest Count (0.8ms)[0m  [1m[34mSELECT COUNT(*) FROM "requests" WHERE "requests"."tenant_id" = 'aa29ef8c-86bf-413d-9ea9-ed2c4360c3a5' /*action='index',application='ApprovalEngine',controller='requests'*/[0m
  ↳ app/controllers/api/v1/requests_controller.rb:16:in 'Api::V1::RequestsController#index'
  [1m[36mRequest Count (0.7ms)[0m  [1m[34mSELECT COUNT(*) FROM "requests" WHERE "requests"."tenant_id" = 'aa29ef8c-86bf-413d-9ea9-ed2c4360c3a5' /*action='summary',application='ApprovalEngine',controller='reports'*/[0m
  ↳ app/controllers/api/v1/admin/reports_controller.rb:22:in 'Api::V1::Admin::ReportsController#total_requests'
  [1m[36mRequest Load (0.9ms)[0m  [1m[34mSELECT "requests".* FROM "requests" WHERE "requests"."tenant_id" = 'aa29ef8c-86bf-413d-9ea9-ed2c4360c3a5' LIMIT 10 OFFSET 0 /*action='index',application='ApprovalEngine',controller='requests'*/[0m
  ↳ app/controllers/api/v1/requests_controller.rb:22:in 'Api::V1::RequestsController#index'
  [1m[36mRequest Count (1.3ms)[0m  [1m[34mSELECT COUNT(*) AS "count_all", "requests"."status" AS "requests_status" FROM "requests" WHERE "requests"."tenant_id" = 'aa29ef8c-86bf-413d-9ea9-ed2c4360c3a5' GROUP BY "requests"."status" /*action='summary',application='ApprovalEngine',controller='reports'*/[0m
  ↳ app/controllers/api/v1/admin/reports_controller.rb:26:in 'Api::V1::Admin::ReportsController#status_breakdown'
  [1m[36mUser Load (1.0ms)[0m  [1m[34mSELECT "users".* FROM "users" WHERE "users"."deleted_at" IS NULL AND "users"."id" IN ('fe43d2ce-b8cd-4d8e-b6ed-2bd799945724', '37ec41c9-c494-4128-bb94-07c2b87ad9e6', '24c0e984-3d03-44c6-bdb3-9e397ba9d8c2') /*action='index',application='ApprovalEngine',controller='requests'*/[0m
  ↳ app/controllers/api/v1/requests_controller.rb:22:in 'Api::V1::RequestsController#index'
  [1m[36mRequest Count (1.2ms)[0m  [1m[34mSELECT COUNT(*) AS "count_all", "request_types"."name" AS "request_types_name" FROM "requests" INNER JOIN "request_types" ON "request_types"."deleted_at" IS NULL AND "request_types"."id" = "requests"."request_type_id" WHERE "requests"."tenant_id" = 'aa29ef8c-86bf-413d-9ea9-ed2c4360c3a5' GROUP BY "request_types"."name" /*action='summary',application='ApprovalEngine',controller='reports'*/[0m
  ↳ app/controllers/api/v1/admin/reports_controller.rb:33:in 'Api::V1::Admin::ReportsController#request_type_breakdown'
  [1m[36mRequestType Load (1.0ms)[0m  [1m[34mSELECT "request_types".* FROM "request_types" WHERE "request_types"."deleted_at" IS NULL AND "request_types"."id" IN ('dbc4ad97-8696-4a00-9423-3d4df65dbd59', '1f5dd956-b4d1-456e-a5ea-d3c63ebde7b8') /*action='index',application='ApprovalEngine',controller='requests'*/[0m
  ↳ app/controllers/api/v1/requests_controller.rb:22:in 'Api::V1::RequestsController#index'
  [1m[36mApproval Count (1.0ms)[0m  [1m[34mSELECT COUNT(*) AS "count_all", "approvals"."action" AS "approvals_action" FROM "approvals" WHERE "approvals"."tenant_id" = 'aa29ef8c-86bf-413d-9ea9-ed2c4360c3a5' GROUP BY "approvals"."action" /*action='summary',application='ApprovalEngine',controller='reports'*/[0m
  ↳ app/controllers/api/v1/admin/reports_controller.rb:37:in 'Api::V1::Admin::ReportsController#decision_breakdown'
  [1m[36mApproval Load (0.8ms)[0m  [1m[34mSELECT "approvals".* FROM "approvals" WHERE "approvals"."request_id" IN ('2250d943-5e91-418f-bb33-a65d48294246', '3349468a-bcfd-4c23-a10a-67f15e8ab049', '80a2e814-4ac5-4c14-aa03-65297f8e8a05', 'd31cb57e-3c91-4e86-a2d6-a850d791d93c', '907c2d07-9cb6-4d85-a45f-0909c013f7b3', '9bebdd1e-d5eb-4f0c-be3a-68caecd92ea5', 'e19d56e8-6d6c-4ac1-b939-e50ecdf6cdcb', 'f4b90444-bf2f-41a1-9ac4-c1925813404b', '59504973-a39c-45b4-8944-2caf42d8b290', 'c40b1942-ea39-425c-8541-297a8c1f9afa') /*action='index',application='ApprovalEngine',controller='requests'*/[0m
  ↳ app/controllers/api/v1/requests_controller.rb:22:in 'Api::V1::RequestsController#index'
  [1m[36mApproval Count (1.7ms)[0m  [1m[34mSELECT COUNT(*) AS "count_all", "approvals"."rule_id" AS "approvals_rule_id" FROM "approvals" WHERE "approvals"."tenant_id" = 'aa29ef8c-86bf-413d-9ea9-ed2c4360c3a5' AND "approvals"."rule_id" IS NOT NULL GROUP BY "approvals"."rule_id" /*action='summary',application='ApprovalEngine',controller='reports'*/[0m
  ↳ app/controllers/api/v1/admin/reports_controller.rb:44:in 'Api::V1::Admin::ReportsController#rule_hit_counts'
Completed 200 OK in 14ms (Views: 0.1ms | ActiveRecord: 8.3ms (7 queries, 0 cached) | GC: 0.4ms)


  [1m[36mUser Load (1.3ms)[0m  [1m[34mSELECT "users".* FROM "users" INNER JOIN "request_type_approvers" ON "users"."id" = "request_type_approvers"."user_id" WHERE "users"."deleted_at" IS NULL AND "request_type_approvers"."request_type_id" = 'dbc4ad97-8696-4a00-9423-3d4df65dbd59' /*action='index',application='ApprovalEngine',controller='requests'*/[0m
  ↳ app/controllers/api/v1/requests_controller.rb:22:in 'Api::V1::RequestsController#index'
  [1m[36mRule Load (0.3ms)[0m  [1m[34mSELECT "rules".* FROM "rules" WHERE "rules"."deleted_at" IS NULL AND "rules"."id" = '4f5a2b27-f6dd-47a0-ba23-bb8b1c83d65f' LIMIT 1 /*action='index',application='ApprovalEngine',controller='requests'*/[0m
  ↳ app/controllers/api/v1/requests_controller.rb:22:in 'Api::V1::RequestsController#index'
  [1m[36mRequestType Load (0.2ms)[0m  [1m[34mSELECT "request_types".* FROM "request_types" WHERE "request_types"."deleted_at" IS NULL AND "request_types"."id" = 'dbc4ad97-8696-4a00-9423-3d4df65dbd59' LIMIT 1 /*action='index',application='ApprovalEngine',controller='requests'*/[0m
  ↳ app/controllers/api/v1/requests_controller.rb:22:in 'Api::V1::RequestsController#index'
  [1m[36mCACHE User Load (0.0ms)[0m  [1m[34mSELECT "users".* FROM "users" INNER JOIN "request_type_approvers" ON "users"."id" = "request_type_approvers"."user_id" WHERE "users"."deleted_at" IS NULL AND "request_type_approvers"."request_type_id" = 'dbc4ad97-8696-4a00-9423-3d4df65dbd59'[0m
  ↳ app/controllers/api/v1/requests_controller.rb:22:in 'Api::V1::RequestsController#index'
  [1m[36mCACHE Rule Load (0.0ms)[0m  [1m[34mSELECT "rules".* FROM "rules" WHERE "rules"."deleted_at" IS NULL AND "rules"."id" = '4f5a2b27-f6dd-47a0-ba23-bb8b1c83d65f' LIMIT 1[0m
  ↳ app/controllers/api/v1/requests_controller.rb:22:in 'Api::V1::RequestsController#index'
  [1m[36mCACHE RequestType Load (0.0ms)[0m  [1m[34mSELECT "request_types".* FROM "request_types" WHERE "request_types"."deleted_at" IS NULL AND "request_types"."id" = 'dbc4ad97-8696-4a00-9423-3d4df65dbd59' LIMIT 1[0m
  ↳ app/controllers/api/v1/requests_controller.rb:22:in 'Api::V1::RequestsController#index'
  [1m[36mCACHE User Load (0.0ms)[0m  [1m[34mSELECT "users".* FROM "users" INNER JOIN "request_type_approvers" ON "users"."id" = "request_type_approvers"."user_id" WHERE "users"."deleted_at" IS NULL AND "request_type_approvers"."request_type_id" = 'dbc4ad97-8696-4a00-9423-3d4df65dbd59'[0m
  ↳ app/controllers/api/v1/requests_controller.rb:22:in 'Api::V1::RequestsController#index'
  [1m[36mCACHE Rule Load (0.0ms)[0m  [1m[34mSELECT "rules".* FROM "rules" WHERE "rules"."deleted_at" IS NULL AND "rules"."id" = '4f5a2b27-f6dd-47a0-ba23-bb8b1c83d65f' LIMIT 1[0m
  ↳ app/controllers/api/v1/requests_controller.rb:22:in 'Api::V1::RequestsController#index'
  [1m[36mCACHE RequestType Load (0.0ms)[0m  [1m[34mSELECT "request_types".* FROM "request_types" WHERE "request_types"."deleted_at" IS NULL AND "request_types"."id" = 'dbc4ad97-8696-4a00-9423-3d4df65dbd59' LIMIT 1[0m
  ↳ app/controllers/api/v1/requests_controller.rb:22:in 'Api::V1::RequestsController#index'
  [1m[36mCACHE User Load (0.0ms)[0m  [1m[34mSELECT "users".* FROM "users" INNER JOIN "request_type_approvers" ON "users"."id" = "request_type_approvers"."user_id" WHERE "users"."deleted_at" IS NULL AND "request_type_approvers"."request_type_id" = 'dbc4ad97-8696-4a00-9423-3d4df65dbd59'[0m
  ↳ app/controllers/api/v1/requests_controller.rb:22:in 'Api::V1::RequestsController#index'
  [1m[36mUser Load (0.4ms)[0m  [1m[34mSELECT "users".* FROM "users" INNER JOIN "request_type_approvers" ON "users"."id" = "request_type_approvers"."user_id" WHERE "users"."deleted_at" IS NULL AND "request_type_approvers"."request_type_id" = '1f5dd956-b4d1-456e-a5ea-d3c63ebde7b8' /*action='index',application='ApprovalEngine',controller='requests'*/[0m
  ↳ app/controllers/api/v1/requests_controller.rb:22:in 'Api::V1::RequestsController#index'
  [1m[36mRule Load (0.4ms)[0m  [1m[34mSELECT "rules".* FROM "rules" WHERE "rules"."deleted_at" IS NULL AND "rules"."id" = '269d79fa-dc15-4468-a104-db1cf9dc960b' LIMIT 1 /*action='index',application='ApprovalEngine',controller='requests'*/[0m
  ↳ app/controllers/api/v1/requests_controller.rb:22:in 'Api::V1::RequestsController#index'
  [1m[36mRequestType Load (0.2ms)[0m  [1m[34mSELECT "request_types".* FROM "request_types" WHERE "request_types"."deleted_at" IS NULL AND "request_types"."id" = '1f5dd956-b4d1-456e-a5ea-d3c63ebde7b8' LIMIT 1 /*action='index',application='ApprovalEngine',controller='requests'*/[0m
  ↳ app/controllers/api/v1/requests_controller.rb:22:in 'Api::V1::RequestsController#index'
  [1m[36mCACHE User Load (0.0ms)[0m  [1m[34mSELECT "users".* FROM "users" INNER JOIN "request_type_approvers" ON "users"."id" = "request_type_approvers"."user_id" WHERE "users"."deleted_at" IS NULL AND "request_type_approvers"."request_type_id" = '1f5dd956-b4d1-456e-a5ea-d3c63ebde7b8'[0m
  ↳ app/controllers/api/v1/requests_controller.rb:22:in 'Api::V1::RequestsController#index'
  [1m[36mCACHE Rule Load (0.0ms)[0m  [1m[34mSELECT "rules".* FROM "rules" WHERE "rules"."deleted_at" IS NULL AND "rules"."id" = '269d79fa-dc15-4468-a104-db1cf9dc960b' LIMIT 1[0m
  ↳ app/controllers/api/v1/requests_controller.rb:22:in 'Api::V1::RequestsController#index'
  [1m[36mCACHE RequestType Load (0.0ms)[0m  [1m[34mSELECT "request_types".* FROM "request_types" WHERE "request_types"."deleted_at" IS NULL AND "request_types"."id" = '1f5dd956-b4d1-456e-a5ea-d3c63ebde7b8' LIMIT 1[0m
  ↳ app/controllers/api/v1/requests_controller.rb:22:in 'Api::V1::RequestsController#index'
  [1m[36mCACHE User Load (0.0ms)[0m  [1m[34mSELECT "users".* FROM "users" INNER JOIN "request_type_approvers" ON "users"."id" = "request_type_approvers"."user_id" WHERE "users"."deleted_at" IS NULL AND "request_type_approvers"."request_type_id" = '1f5dd956-b4d1-456e-a5ea-d3c63ebde7b8'[0m
  ↳ app/controllers/api/v1/requests_controller.rb:22:in 'Api::V1::RequestsController#index'
  [1m[36mCACHE Rule Load (0.0ms)[0m  [1m[34mSELECT "rules".* FROM "rules" WHERE "rules"."deleted_at" IS NULL AND "rules"."id" = '269d79fa-dc15-4468-a104-db1cf9dc960b' LIMIT 1[0m
  ↳ app/controllers/api/v1/requests_controller.rb:22:in 'Api::V1::RequestsController#index'
  [1m[36mCACHE RequestType Load (0.0ms)[0m  [1m[34mSELECT "request_types".* FROM "request_types" WHERE "request_types"."deleted_at" IS NULL AND "request_types"."id" = '1f5dd956-b4d1-456e-a5ea-d3c63ebde7b8' LIMIT 1[0m
  ↳ app/controllers/api/v1/requests_controller.rb:22:in 'Api::V1::RequestsController#index'
  [1m[36mCACHE User Load (0.0ms)[0m  [1m[34mSELECT "users".* FROM "users" INNER JOIN "request_type_approvers" ON "users"."id" = "request_type_approvers"."user_id" WHERE "users"."deleted_at" IS NULL AND "request_type_approvers"."request_type_id" = '1f5dd956-b4d1-456e-a5ea-d3c63ebde7b8'[0m
  ↳ app/controllers/api/v1/requests_controller.rb:22:in 'Api::V1::RequestsController#index'
  [1m[36mRule Load (0.3ms)[0m  [1m[34mSELECT "rules".* FROM "rules" WHERE "rules"."deleted_at" IS NULL AND "rules"."id" = '6d9b88af-a02d-4d3c-8099-8cb7fb3a2d4a' LIMIT 1 /*action='index',application='ApprovalEngine',controller='requests'*/[0m
  ↳ app/controllers/api/v1/requests_controller.rb:22:in 'Api::V1::RequestsController#index'
  [1m[36mCACHE RequestType Load (0.0ms)[0m  [1m[34mSELECT "request_types".* FROM "request_types" WHERE "request_types"."deleted_at" IS NULL AND "request_types"."id" = 'dbc4ad97-8696-4a00-9423-3d4df65dbd59' LIMIT 1[0m
  ↳ app/controllers/api/v1/requests_controller.rb:22:in 'Api::V1::RequestsController#index'
  [1m[36mCACHE User Load (0.0ms)[0m  [1m[34mSELECT "users".* FROM "users" INNER JOIN "request_type_approvers" ON "users"."id" = "request_type_approvers"."user_id" WHERE "users"."deleted_at" IS NULL AND "request_type_approvers"."request_type_id" = 'dbc4ad97-8696-4a00-9423-3d4df65dbd59'[0m
  ↳ app/controllers/api/v1/requests_controller.rb:22:in 'Api::V1::RequestsController#index'
  [1m[36mCACHE Rule Load (0.0ms)[0m  [1m[34mSELECT "rules".* FROM "rules" WHERE "rules"."deleted_at" IS NULL AND "rules"."id" = '6d9b88af-a02d-4d3c-8099-8cb7fb3a2d4a' LIMIT 1[0m
  ↳ app/controllers/api/v1/requests_controller.rb:22:in 'Api::V1::RequestsController#index'
  [1m[36mCACHE RequestType Load (0.0ms)[0m  [1m[34mSELECT "request_types".* FROM "request_types" WHERE "request_types"."deleted_at" IS NULL AND "request_types"."id" = 'dbc4ad97-8696-4a00-9423-3d4df65dbd59' LIMIT 1[0m
  ↳ app/controllers/api/v1/requests_controller.rb:22:in 'Api::V1::RequestsController#index'
  [1m[36mCACHE User Load (0.0ms)[0m  [1m[34mSELECT "users".* FROM "users" INNER JOIN "request_type_approvers" ON "users"."id" = "request_type_approvers"."user_id" WHERE "users"."deleted_at" IS NULL AND "request_type_approvers"."request_type_id" = 'dbc4ad97-8696-4a00-9423-3d4df65dbd59'[0m
  ↳ app/controllers/api/v1/requests_controller.rb:22:in 'Api::V1::RequestsController#index'
  [1m[36mRule Load (0.4ms)[0m  [1m[34mSELECT "rules".* FROM "rules" WHERE "rules"."deleted_at" IS NULL AND "rules"."id" = '8a1dd6be-6d3e-43cb-86c0-7b9c09bb6f91' LIMIT 1 /*action='index',application='ApprovalEngine',controller='requests'*/[0m
  ↳ app/controllers/api/v1/requests_controller.rb:22:in 'Api::V1::RequestsController#index'
  [1m[36mRule Load (0.2ms)[0m  [1m[34mSELECT "rules".* FROM "rules" WHERE "rules"."deleted_at" IS NULL AND "rules"."id" = '48a78e3e-3f71-41f5-a9b5-01ff3306a6d0' LIMIT 1 /*action='index',application='ApprovalEngine',controller='requests'*/[0m
  ↳ app/controllers/api/v1/requests_controller.rb:22:in 'Api::V1::RequestsController#index'
  [1m[36mCACHE RequestType Load (0.0ms)[0m  [1m[34mSELECT "request_types".* FROM "request_types" WHERE "request_types"."deleted_at" IS NULL AND "request_types"."id" = 'dbc4ad97-8696-4a00-9423-3d4df65dbd59' LIMIT 1[0m
  ↳ app/controllers/api/v1/requests_controller.rb:22:in 'Api::V1::RequestsController#index'
  [1m[36mCACHE User Load (0.0ms)[0m  [1m[34mSELECT "users".* FROM "users" INNER JOIN "request_type_approvers" ON "users"."id" = "request_type_approvers"."user_id" WHERE "users"."deleted_at" IS NULL AND "request_type_approvers"."request_type_id" = 'dbc4ad97-8696-4a00-9423-3d4df65dbd59'[0m
  ↳ app/controllers/api/v1/requests_controller.rb:22:in 'Api::V1::RequestsController#index'
Completed 200 OK in 43ms (Views: 0.3ms | ActiveRecord: 10.2ms (37 queries, 21 cached) | GC: 1.9ms)


Started GET "/api/v1/requests?page=1" for ::1 at 2026-02-08 22:29:44 +0530
Processing by Api::V1::RequestsController#index as HTML
  Parameters: {"page" => "1"}
Filter chain halted as :authenticate_user rendered or redirected
Completed 401 Unauthorized in 0ms (Views: 0.1ms | ActiveRecord: 0.0ms (0 queries, 0 cached) | GC: 0.0ms)


Started GET "/favicon.ico" for ::1 at 2026-02-08 22:29:44 +0530
  
ActionController::RoutingError (No route matches [GET] "/favicon.ico"):
  
Started GET "/api/v1/approver/requests?page=1" for ::1 at 2026-02-08 22:30:03 +0530
Processing by Api::V1::Approver::RequestsController#index as HTML
  Parameters: {"page" => "1"}
  [1m[36mUser Load (0.4ms)[0m  [1m[34mSELECT "users".* FROM "users" WHERE "users"."deleted_at" IS NULL AND "users"."id" = 'a8b58455-32ed-4b42-af48-3bb969d2c5b8' LIMIT 1 /*action='index',application='ApprovalEngine',controller='requests'*/[0m
  ↳ app/controllers/concerns/authenticatable.rb:20:in 'Authenticatable#authenticate_user'
  [1m[36mRequest Count (0.2ms)[0m  [1m[34mSELECT COUNT(*) FROM "requests" WHERE "requests"."status" = 'pending_approval' AND "requests"."tenant_id" = 'aa29ef8c-86bf-413d-9ea9-ed2c4360c3a5' /*action='index',application='ApprovalEngine',controller='requests'*/[0m
  ↳ app/controllers/api/v1/approver/requests_controller.rb:24:in 'Api::V1::Approver::RequestsController#index'
  [1m[36mRequest Load (0.2ms)[0m  [1m[34mSELECT "requests".* FROM "requests" WHERE "requests"."status" = 'pending_approval' AND "requests"."tenant_id" = 'aa29ef8c-86bf-413d-9ea9-ed2c4360c3a5' LIMIT 10 OFFSET 0 /*action='index',application='ApprovalEngine',controller='requests'*/[0m
  ↳ app/controllers/api/v1/approver/requests_controller.rb:30:in 'Api::V1::Approver::RequestsController#index'
Completed 200 OK in 5ms (Views: 0.1ms | ActiveRecord: 0.7ms (3 queries, 0 cached) | GC: 1.3ms)


Started GET "/api/v1/requests?page=2" for ::1 at 2026-02-08 22:30:11 +0530
Processing by Api::V1::RequestsController#index as HTML
  Parameters: {"page" => "2"}
  [1m[36mUser Load (0.4ms)[0m  [1m[34mSELECT "users".* FROM "users" WHERE "users"."deleted_at" IS NULL AND "users"."id" = 'a8b58455-32ed-4b42-af48-3bb969d2c5b8' LIMIT 1 /*action='index',application='ApprovalEngine',controller='requests'*/[0m
  ↳ app/controllers/concerns/authenticatable.rb:20:in 'Authenticatable#authenticate_user'
  [1m[36mTenant Load (0.2ms)[0m  [1m[34mSELECT "tenants".* FROM "tenants" WHERE "tenants"."deleted_at" IS NULL AND "tenants"."id" = 'aa29ef8c-86bf-413d-9ea9-ed2c4360c3a5' LIMIT 1 /*action='index',application='ApprovalEngine',controller='requests'*/[0m
  ↳ app/controllers/api/v1/requests_controller.rb:9:in 'Api::V1::RequestsController#index'
  [1m[36mRequest Count (0.2ms)[0m  [1m[34mSELECT COUNT(*) FROM "requests" WHERE "requests"."tenant_id" = 'aa29ef8c-86bf-413d-9ea9-ed2c4360c3a5' /*action='index',application='ApprovalEngine',controller='requests'*/[0m
  ↳ app/controllers/api/v1/requests_controller.rb:16:in 'Api::V1::RequestsController#index'
  [1m[36mRequest Load (0.1ms)[0m  [1m[34mSELECT "requests".* FROM "requests" WHERE "requests"."tenant_id" = 'aa29ef8c-86bf-413d-9ea9-ed2c4360c3a5' LIMIT 10 OFFSET 10 /*action='index',application='ApprovalEngine',controller='requests'*/[0m
  ↳ app/controllers/api/v1/requests_controller.rb:22:in 'Api::V1::RequestsController#index'
  [1m[36mUser Load (0.2ms)[0m  [1m[34mSELECT "users".* FROM "users" WHERE "users"."deleted_at" IS NULL AND "users"."id" IN ('24c0e984-3d03-44c6-bdb3-9e397ba9d8c2', '37ec41c9-c494-4128-bb94-07c2b87ad9e6', 'fe43d2ce-b8cd-4d8e-b6ed-2bd799945724', 'e3143983-a8ea-40e8-b2e5-399b41d73282') /*action='index',application='ApprovalEngine',controller='requests'*/[0m
  ↳ app/controllers/api/v1/requests_controller.rb:22:in 'Api::V1::RequestsController#index'
  [1m[36mRequestType Load (0.1ms)[0m  [1m[34mSELECT "request_types".* FROM "request_types" WHERE "request_types"."deleted_at" IS NULL AND "request_types"."id" IN ('1f5dd956-b4d1-456e-a5ea-d3c63ebde7b8', 'dbc4ad97-8696-4a00-9423-3d4df65dbd59') /*action='index',application='ApprovalEngine',controller='requests'*/[0m
  ↳ app/controllers/api/v1/requests_controller.rb:22:in 'Api::V1::RequestsController#index'
  [1m[36mApproval Load (0.2ms)[0m  [1m[34mSELECT "approvals".* FROM "approvals" WHERE "approvals"."request_id" IN ('40873ba3-35c3-4506-82e6-4f595ba5634c', '98dec99d-ce2c-4268-97d7-ebc7d5a6b62d', '185afc40-3aa9-4a26-8177-8d7bca45870c', '174d6d3c-993e-47b4-a309-3e63cb94c137', '145440e7-7ef4-4652-ae0e-e79515aac035', '4953134c-7c5c-4a29-8132-50bd579fcec8', '45ea2a57-b83c-406c-9a91-e54605c89fa0', '5baae476-eb1d-407f-9cf0-a4addb60c542', '0b14874d-75a2-49ac-af54-7025e87f2935', '337744f0-b2c2-4474-8a70-3c3e2a1e5cca') /*action='index',application='ApprovalEngine',controller='requests'*/[0m
  ↳ app/controllers/api/v1/requests_controller.rb:22:in 'Api::V1::RequestsController#index'
  [1m[36mUser Load (0.2ms)[0m  [1m[34mSELECT "users".* FROM "users" INNER JOIN "request_type_approvers" ON "users"."id" = "request_type_approvers"."user_id" WHERE "users"."deleted_at" IS NULL AND "request_type_approvers"."request_type_id" = '1f5dd956-b4d1-456e-a5ea-d3c63ebde7b8' /*action='index',application='ApprovalEngine',controller='requests'*/[0m
  ↳ app/controllers/api/v1/requests_controller.rb:22:in 'Api::V1::RequestsController#index'
  [1m[36mRule Load (0.2ms)[0m  [1m[34mSELECT "rules".* FROM "rules" WHERE "rules"."deleted_at" IS NULL AND "rules"."id" = 'bf0d0cb8-758c-434f-beb1-e73dee813eec' LIMIT 1 /*action='index',application='ApprovalEngine',controller='requests'*/[0m
  ↳ app/controllers/api/v1/requests_controller.rb:22:in 'Api::V1::RequestsController#index'
  [1m[36mRequestType Load (0.1ms)[0m  [1m[34mSELECT "request_types".* FROM "request_types" WHERE "request_types"."deleted_at" IS NULL AND "request_types"."id" = '1f5dd956-b4d1-456e-a5ea-d3c63ebde7b8' LIMIT 1 /*action='index',application='ApprovalEngine',controller='requests'*/[0m
  ↳ app/controllers/api/v1/requests_controller.rb:22:in 'Api::V1::RequestsController#index'
  [1m[36mCACHE User Load (0.0ms)[0m  [1m[34mSELECT "users".* FROM "users" INNER JOIN "request_type_approvers" ON "users"."id" = "request_type_approvers"."user_id" WHERE "users"."deleted_at" IS NULL AND "request_type_approvers"."request_type_id" = '1f5dd956-b4d1-456e-a5ea-d3c63ebde7b8'[0m
  ↳ app/controllers/api/v1/requests_controller.rb:22:in 'Api::V1::RequestsController#index'
  [1m[36mUser Load (0.2ms)[0m  [1m[34mSELECT "users".* FROM "users" INNER JOIN "request_type_approvers" ON "users"."id" = "request_type_approvers"."user_id" WHERE "users"."deleted_at" IS NULL AND "request_type_approvers"."request_type_id" = 'dbc4ad97-8696-4a00-9423-3d4df65dbd59' /*action='index',application='ApprovalEngine',controller='requests'*/[0m
  ↳ app/controllers/api/v1/requests_controller.rb:22:in 'Api::V1::RequestsController#index'
  [1m[36mCACHE User Load (0.0ms)[0m  [1m[34mSELECT "users".* FROM "users" WHERE "users"."deleted_at" IS NULL AND "users"."id" = 'a8b58455-32ed-4b42-af48-3bb969d2c5b8' LIMIT 1[0m
  ↳ app/controllers/api/v1/requests_controller.rb:22:in 'Api::V1::RequestsController#index'
  [1m[36mRule Load (0.2ms)[0m  [1m[34mSELECT "rules".* FROM "rules" WHERE "rules"."deleted_at" IS NULL AND "rules"."id" = '6d9b88af-a02d-4d3c-8099-8cb7fb3a2d4a' LIMIT 1 /*action='index',application='ApprovalEngine',controller='requests'*/[0m
  ↳ app/controllers/api/v1/requests_controller.rb:22:in 'Api::V1::RequestsController#index'
  [1m[36mRequestType Load (0.2ms)[0m  [1m[34mSELECT "request_types".* FROM "request_types" WHERE "request_types"."deleted_at" IS NULL AND "request_types"."id" = 'dbc4ad97-8696-4a00-9423-3d4df65dbd59' LIMIT 1 /*action='index',application='ApprovalEngine',controller='requests'*/[0m
  ↳ app/controllers/api/v1/requests_controller.rb:22:in 'Api::V1::RequestsController#index'
  [1m[36mCACHE User Load (0.0ms)[0m  [1m[34mSELECT "users".* FROM "users" INNER JOIN "request_type_approvers" ON "users"."id" = "request_type_approvers"."user_id" WHERE "users"."deleted_at" IS NULL AND "request_type_approvers"."request_type_id" = 'dbc4ad97-8696-4a00-9423-3d4df65dbd59'[0m
  ↳ app/controllers/api/v1/requests_controller.rb:22:in 'Api::V1::RequestsController#index'
  [1m[36mCACHE User Load (0.0ms)[0m  [1m[34mSELECT "users".* FROM "users" WHERE "users"."deleted_at" IS NULL AND "users"."id" = 'a8b58455-32ed-4b42-af48-3bb969d2c5b8' LIMIT 1[0m
  ↳ app/controllers/api/v1/requests_controller.rb:22:in 'Api::V1::RequestsController#index'
  [1m[36mRule Load (0.2ms)[0m  [1m[34mSELECT "rules".* FROM "rules" WHERE "rules"."deleted_at" IS NULL AND "rules"."id" = '48a78e3e-3f71-41f5-a9b5-01ff3306a6d0' LIMIT 1 /*action='index',application='ApprovalEngine',controller='requests'*/[0m
  ↳ app/controllers/api/v1/requests_controller.rb:22:in 'Api::V1::RequestsController#index'
  [1m[36mCACHE RequestType Load (0.0ms)[0m  [1m[34mSELECT "request_types".* FROM "request_types" WHERE "request_types"."deleted_at" IS NULL AND "request_types"."id" = 'dbc4ad97-8696-4a00-9423-3d4df65dbd59' LIMIT 1[0m
  ↳ app/controllers/api/v1/requests_controller.rb:22:in 'Api::V1::RequestsController#index'
  [1m[36mCACHE User Load (0.0ms)[0m  [1m[34mSELECT "users".* FROM "users" INNER JOIN "request_type_approvers" ON "users"."id" = "request_type_approvers"."user_id" WHERE "users"."deleted_at" IS NULL AND "request_type_approvers"."request_type_id" = 'dbc4ad97-8696-4a00-9423-3d4df65dbd59'[0m
  ↳ app/controllers/api/v1/requests_controller.rb:22:in 'Api::V1::RequestsController#index'
  [1m[36mCACHE User Load (0.0ms)[0m  [1m[34mSELECT "users".* FROM "users" WHERE "users"."deleted_at" IS NULL AND "users"."id" = 'a8b58455-32ed-4b42-af48-3bb969d2c5b8' LIMIT 1[0m
  ↳ app/controllers/api/v1/requests_controller.rb:22:in 'Api::V1::RequestsController#index'
  [1m[36mCACHE Rule Load (0.0ms)[0m  [1m[34mSELECT "rules".* FROM "rules" WHERE "rules"."deleted_at" IS NULL AND "rules"."id" = '48a78e3e-3f71-41f5-a9b5-01ff3306a6d0' LIMIT 1[0m
  ↳ app/controllers/api/v1/requests_controller.rb:22:in 'Api::V1::RequestsController#index'
  [1m[36mCACHE RequestType Load (0.0ms)[0m  [1m[34mSELECT "request_types".* FROM "request_types" WHERE "request_types"."deleted_at" IS NULL AND "request_types"."id" = 'dbc4ad97-8696-4a00-9423-3d4df65dbd59' LIMIT 1[0m
  ↳ app/controllers/api/v1/requests_controller.rb:22:in 'Api::V1::RequestsController#index'
  [1m[36mCACHE User Load (0.0ms)[0m  [1m[34mSELECT "users".* FROM "users" INNER JOIN "request_type_approvers" ON "users"."id" = "request_type_approvers"."user_id" WHERE "users"."deleted_at" IS NULL AND "request_type_approvers"."request_type_id" = 'dbc4ad97-8696-4a00-9423-3d4df65dbd59'[0m
  ↳ app/controllers/api/v1/requests_controller.rb:22:in 'Api::V1::RequestsController#index'
  [1m[36mCACHE User Load (0.0ms)[0m  [1m[34mSELECT "users".* FROM "users" WHERE "users"."deleted_at" IS NULL AND "users"."id" = 'a8b58455-32ed-4b42-af48-3bb969d2c5b8' LIMIT 1[0m
  ↳ app/controllers/api/v1/requests_controller.rb:22:in 'Api::V1::RequestsController#index'
  [1m[36mRule Load (0.2ms)[0m  [1m[34mSELECT "rules".* FROM "rules" WHERE "rules"."deleted_at" IS NULL AND "rules"."id" = '8a1dd6be-6d3e-43cb-86c0-7b9c09bb6f91' LIMIT 1 /*action='index',application='ApprovalEngine',controller='requests'*/[0m
  ↳ app/controllers/api/v1/requests_controller.rb:22:in 'Api::V1::RequestsController#index'
  [1m[36mCACHE User Load (0.0ms)[0m  [1m[34mSELECT "users".* FROM "users" WHERE "users"."deleted_at" IS NULL AND "users"."id" = 'a8b58455-32ed-4b42-af48-3bb969d2c5b8' LIMIT 1[0m
  ↳ app/controllers/api/v1/requests_controller.rb:22:in 'Api::V1::RequestsController#index'
  [1m[36mCACHE Rule Load (0.0ms)[0m  [1m[34mSELECT "rules".* FROM "rules" WHERE "rules"."deleted_at" IS NULL AND "rules"."id" = 'bf0d0cb8-758c-434f-beb1-e73dee813eec' LIMIT 1[0m
  ↳ app/controllers/api/v1/requests_controller.rb:22:in 'Api::V1::RequestsController#index'
  [1m[36mCACHE RequestType Load (0.0ms)[0m  [1m[34mSELECT "request_types".* FROM "request_types" WHERE "request_types"."deleted_at" IS NULL AND "request_types"."id" = '1f5dd956-b4d1-456e-a5ea-d3c63ebde7b8' LIMIT 1[0m
  ↳ app/controllers/api/v1/requests_controller.rb:22:in 'Api::V1::RequestsController#index'
  [1m[36mCACHE User Load (0.0ms)[0m  [1m[34mSELECT "users".* FROM "users" INNER JOIN "request_type_approvers" ON "users"."id" = "request_type_approvers"."user_id" WHERE "users"."deleted_at" IS NULL AND "request_type_approvers"."request_type_id" = '1f5dd956-b4d1-456e-a5ea-d3c63ebde7b8'[0m
  ↳ app/controllers/api/v1/requests_controller.rb:22:in 'Api::V1::RequestsController#index'
  [1m[36mCACHE User Load (0.0ms)[0m  [1m[34mSELECT "users".* FROM "users" WHERE "users"."deleted_at" IS NULL AND "users"."id" = 'a8b58455-32ed-4b42-af48-3bb969d2c5b8' LIMIT 1[0m
  ↳ app/controllers/api/v1/requests_controller.rb:22:in 'Api::V1::RequestsController#index'
  [1m[36mRule Load (0.1ms)[0m  [1m[34mSELECT "rules".* FROM "rules" WHERE "rules"."deleted_at" IS NULL AND "rules"."id" = '4f5a2b27-f6dd-47a0-ba23-bb8b1c83d65f' LIMIT 1 /*action='index',application='ApprovalEngine',controller='requests'*/[0m
  ↳ app/controllers/api/v1/requests_controller.rb:22:in 'Api::V1::RequestsController#index'
  [1m[36mCACHE RequestType Load (0.0ms)[0m  [1m[34mSELECT "request_types".* FROM "request_types" WHERE "request_types"."deleted_at" IS NULL AND "request_types"."id" = 'dbc4ad97-8696-4a00-9423-3d4df65dbd59' LIMIT 1[0m
  ↳ app/controllers/api/v1/requests_controller.rb:22:in 'Api::V1::RequestsController#index'
  [1m[36mCACHE User Load (0.0ms)[0m  [1m[34mSELECT "users".* FROM "users" INNER JOIN "request_type_approvers" ON "users"."id" = "request_type_approvers"."user_id" WHERE "users"."deleted_at" IS NULL AND "request_type_approvers"."request_type_id" = 'dbc4ad97-8696-4a00-9423-3d4df65dbd59'[0m
  ↳ app/controllers/api/v1/requests_controller.rb:22:in 'Api::V1::RequestsController#index'
  [1m[36mCACHE Rule Load (0.0ms)[0m  [1m[34mSELECT "rules".* FROM "rules" WHERE "rules"."deleted_at" IS NULL AND "rules"."id" = 'bf0d0cb8-758c-434f-beb1-e73dee813eec' LIMIT 1[0m
  ↳ app/controllers/api/v1/requests_controller.rb:22:in 'Api::V1::RequestsController#index'
  [1m[36mCACHE RequestType Load (0.0ms)[0m  [1m[34mSELECT "request_types".* FROM "request_types" WHERE "request_types"."deleted_at" IS NULL AND "request_types"."id" = '1f5dd956-b4d1-456e-a5ea-d3c63ebde7b8' LIMIT 1[0m
  ↳ app/controllers/api/v1/requests_controller.rb:22:in 'Api::V1::RequestsController#index'
  [1m[36mCACHE User Load (0.0ms)[0m  [1m[34mSELECT "users".* FROM "users" INNER JOIN "request_type_approvers" ON "users"."id" = "request_type_approvers"."user_id" WHERE "users"."deleted_at" IS NULL AND "request_type_approvers"."request_type_id" = '1f5dd956-b4d1-456e-a5ea-d3c63ebde7b8'[0m
  ↳ app/controllers/api/v1/requests_controller.rb:22:in 'Api::V1::RequestsController#index'
  [1m[36mCACHE Rule Load (0.0ms)[0m  [1m[34mSELECT "rules".* FROM "rules" WHERE "rules"."deleted_at" IS NULL AND "rules"."id" = '48a78e3e-3f71-41f5-a9b5-01ff3306a6d0' LIMIT 1[0m
  ↳ app/controllers/api/v1/requests_controller.rb:22:in 'Api::V1::RequestsController#index'
  [1m[36mCACHE RequestType Load (0.0ms)[0m  [1m[34mSELECT "request_types".* FROM "request_types" WHERE "request_types"."deleted_at" IS NULL AND "request_types"."id" = 'dbc4ad97-8696-4a00-9423-3d4df65dbd59' LIMIT 1[0m
  ↳ app/controllers/api/v1/requests_controller.rb:22:in 'Api::V1::RequestsController#index'
  [1m[36mCACHE User Load (0.0ms)[0m  [1m[34mSELECT "users".* FROM "users" INNER JOIN "request_type_approvers" ON "users"."id" = "request_type_approvers"."user_id" WHERE "users"."deleted_at" IS NULL AND "request_type_approvers"."request_type_id" = 'dbc4ad97-8696-4a00-9423-3d4df65dbd59'[0m
  ↳ app/controllers/api/v1/requests_controller.rb:22:in 'Api::V1::RequestsController#index'
  [1m[36mCACHE User Load (0.0ms)[0m  [1m[34mSELECT "users".* FROM "users" WHERE "users"."deleted_at" IS NULL AND "users"."id" = 'a8b58455-32ed-4b42-af48-3bb969d2c5b8' LIMIT 1[0m
  ↳ app/controllers/api/v1/requests_controller.rb:22:in 'Api::V1::RequestsController#index'
  [1m[36mRule Load (0.2ms)[0m  [1m[34mSELECT "rules".* FROM "rules" WHERE "rules"."deleted_at" IS NULL AND "rules"."id" = '1080d429-9d8c-4294-bf05-4b56efcf7824' LIMIT 1 /*action='index',application='ApprovalEngine',controller='requests'*/[0m
  ↳ app/controllers/api/v1/requests_controller.rb:22:in 'Api::V1::RequestsController#index'
  [1m[36mCACHE RequestType Load (0.0ms)[0m  [1m[34mSELECT "request_types".* FROM "request_types" WHERE "request_types"."deleted_at" IS NULL AND "request_types"."id" = '1f5dd956-b4d1-456e-a5ea-d3c63ebde7b8' LIMIT 1[0m
  ↳ app/controllers/api/v1/requests_controller.rb:22:in 'Api::V1::RequestsController#index'
  [1m[36mCACHE User Load (0.0ms)[0m  [1m[34mSELECT "users".* FROM "users" INNER JOIN "request_type_approvers" ON "users"."id" = "request_type_approvers"."user_id" WHERE "users"."deleted_at" IS NULL AND "request_type_approvers"."request_type_id" = '1f5dd956-b4d1-456e-a5ea-d3c63ebde7b8'[0m
  ↳ app/controllers/api/v1/requests_controller.rb:22:in 'Api::V1::RequestsController#index'
Completed 200 OK in 35ms (Views: 0.2ms | ActiveRecord: 3.1ms (44 queries, 27 cached) | GC: 3.6ms)


Started GET "/api/v1/requests?page=3" for ::1 at 2026-02-08 22:30:12 +0530
Processing by Api::V1::RequestsController#index as HTML
  Parameters: {"page" => "3"}
  [1m[36mUser Load (0.4ms)[0m  [1m[34mSELECT "users".* FROM "users" WHERE "users"."deleted_at" IS NULL AND "users"."id" = 'a8b58455-32ed-4b42-af48-3bb969d2c5b8' LIMIT 1 /*action='index',application='ApprovalEngine',controller='requests'*/[0m
  ↳ app/controllers/concerns/authenticatable.rb:20:in 'Authenticatable#authenticate_user'
  [1m[36mTenant Load (0.2ms)[0m  [1m[34mSELECT "tenants".* FROM "tenants" WHERE "tenants"."deleted_at" IS NULL AND "tenants"."id" = 'aa29ef8c-86bf-413d-9ea9-ed2c4360c3a5' LIMIT 1 /*action='index',application='ApprovalEngine',controller='requests'*/[0m
  ↳ app/controllers/api/v1/requests_controller.rb:9:in 'Api::V1::RequestsController#index'
  [1m[36mRequest Count (0.2ms)[0m  [1m[34mSELECT COUNT(*) FROM "requests" WHERE "requests"."tenant_id" = 'aa29ef8c-86bf-413d-9ea9-ed2c4360c3a5' /*action='index',application='ApprovalEngine',controller='requests'*/[0m
  ↳ app/controllers/api/v1/requests_controller.rb:16:in 'Api::V1::RequestsController#index'
  [1m[36mRequest Load (0.2ms)[0m  [1m[34mSELECT "requests".* FROM "requests" WHERE "requests"."tenant_id" = 'aa29ef8c-86bf-413d-9ea9-ed2c4360c3a5' LIMIT 10 OFFSET 20 /*action='index',application='ApprovalEngine',controller='requests'*/[0m
  ↳ app/controllers/api/v1/requests_controller.rb:22:in 'Api::V1::RequestsController#index'
  [1m[36mUser Load (0.2ms)[0m  [1m[34mSELECT "users".* FROM "users" WHERE "users"."deleted_at" IS NULL AND "users"."id" IN ('37ec41c9-c494-4128-bb94-07c2b87ad9e6', '24c0e984-3d03-44c6-bdb3-9e397ba9d8c2') /*action='index',application='ApprovalEngine',controller='requests'*/[0m
  ↳ app/controllers/api/v1/requests_controller.rb:22:in 'Api::V1::RequestsController#index'
  [1m[36mRequestType Load (0.2ms)[0m  [1m[34mSELECT "request_types".* FROM "request_types" WHERE "request_types"."deleted_at" IS NULL AND "request_types"."id" = 'dbc4ad97-8696-4a00-9423-3d4df65dbd59' /*action='index',application='ApprovalEngine',controller='requests'*/[0m
  ↳ app/controllers/api/v1/requests_controller.rb:22:in 'Api::V1::RequestsController#index'
  [1m[36mApproval Load (0.2ms)[0m  [1m[34mSELECT "approvals".* FROM "approvals" WHERE "approvals"."request_id" IN ('c2684ab9-fafc-4bfa-9ee7-4b7c41662145', '475229ab-84b6-40bf-abb0-c6ce911f67be', '8749cef5-817e-4f15-9a5a-e21cce1ffc0b') /*action='index',application='ApprovalEngine',controller='requests'*/[0m
  ↳ app/controllers/api/v1/requests_controller.rb:22:in 'Api::V1::RequestsController#index'
  [1m[36mUser Load (0.2ms)[0m  [1m[34mSELECT "users".* FROM "users" INNER JOIN "request_type_approvers" ON "users"."id" = "request_type_approvers"."user_id" WHERE "users"."deleted_at" IS NULL AND "request_type_approvers"."request_type_id" = 'dbc4ad97-8696-4a00-9423-3d4df65dbd59' /*action='index',application='ApprovalEngine',controller='requests'*/[0m
  ↳ app/controllers/api/v1/requests_controller.rb:22:in 'Api::V1::RequestsController#index'
  [1m[36mCACHE User Load (0.0ms)[0m  [1m[34mSELECT "users".* FROM "users" WHERE "users"."deleted_at" IS NULL AND "users"."id" = 'a8b58455-32ed-4b42-af48-3bb969d2c5b8' LIMIT 1[0m
  ↳ app/controllers/api/v1/requests_controller.rb:22:in 'Api::V1::RequestsController#index'
  [1m[36mRule Load (0.2ms)[0m  [1m[34mSELECT "rules".* FROM "rules" WHERE "rules"."deleted_at" IS NULL AND "rules"."id" = '6d9b88af-a02d-4d3c-8099-8cb7fb3a2d4a' LIMIT 1 /*action='index',application='ApprovalEngine',controller='requests'*/[0m
  ↳ app/controllers/api/v1/requests_controller.rb:22:in 'Api::V1::RequestsController#index'
  [1m[36mRequestType Load (0.2ms)[0m  [1m[34mSELECT "request_types".* FROM "request_types" WHERE "request_types"."deleted_at" IS NULL AND "request_types"."id" = 'dbc4ad97-8696-4a00-9423-3d4df65dbd59' LIMIT 1 /*action='index',application='ApprovalEngine',controller='requests'*/[0m
  ↳ app/controllers/api/v1/requests_controller.rb:22:in 'Api::V1::RequestsController#index'
  [1m[36mCACHE User Load (0.0ms)[0m  [1m[34mSELECT "users".* FROM "users" INNER JOIN "request_type_approvers" ON "users"."id" = "request_type_approvers"."user_id" WHERE "users"."deleted_at" IS NULL AND "request_type_approvers"."request_type_id" = 'dbc4ad97-8696-4a00-9423-3d4df65dbd59'[0m
  ↳ app/controllers/api/v1/requests_controller.rb:22:in 'Api::V1::RequestsController#index'
  [1m[36mCACHE User Load (0.0ms)[0m  [1m[34mSELECT "users".* FROM "users" WHERE "users"."deleted_at" IS NULL AND "users"."id" = 'a8b58455-32ed-4b42-af48-3bb969d2c5b8' LIMIT 1[0m
  ↳ app/controllers/api/v1/requests_controller.rb:22:in 'Api::V1::RequestsController#index'
  [1m[36mRule Load (0.2ms)[0m  [1m[34mSELECT "rules".* FROM "rules" WHERE "rules"."deleted_at" IS NULL AND "rules"."id" = '48a78e3e-3f71-41f5-a9b5-01ff3306a6d0' LIMIT 1 /*action='index',application='ApprovalEngine',controller='requests'*/[0m
  ↳ app/controllers/api/v1/requests_controller.rb:22:in 'Api::V1::RequestsController#index'
  [1m[36mCACHE RequestType Load (0.0ms)[0m  [1m[34mSELECT "request_types".* FROM "request_types" WHERE "request_types"."deleted_at" IS NULL AND "request_types"."id" = 'dbc4ad97-8696-4a00-9423-3d4df65dbd59' LIMIT 1[0m
  ↳ app/controllers/api/v1/requests_controller.rb:22:in 'Api::V1::RequestsController#index'
  [1m[36mCACHE User Load (0.0ms)[0m  [1m[34mSELECT "users".* FROM "users" INNER JOIN "request_type_approvers" ON "users"."id" = "request_type_approvers"."user_id" WHERE "users"."deleted_at" IS NULL AND "request_type_approvers"."request_type_id" = 'dbc4ad97-8696-4a00-9423-3d4df65dbd59'[0m
  ↳ app/controllers/api/v1/requests_controller.rb:22:in 'Api::V1::RequestsController#index'
  [1m[36mCACHE User Load (0.0ms)[0m  [1m[34mSELECT "users".* FROM "users" WHERE "users"."deleted_at" IS NULL AND "users"."id" = 'a8b58455-32ed-4b42-af48-3bb969d2c5b8' LIMIT 1[0m
  ↳ app/controllers/api/v1/requests_controller.rb:22:in 'Api::V1::RequestsController#index'
  [1m[36mCACHE Rule Load (0.0ms)[0m  [1m[34mSELECT "rules".* FROM "rules" WHERE "rules"."deleted_at" IS NULL AND "rules"."id" = '6d9b88af-a02d-4d3c-8099-8cb7fb3a2d4a' LIMIT 1[0m
  ↳ app/controllers/api/v1/requests_controller.rb:22:in 'Api::V1::RequestsController#index'
  [1m[36mCACHE RequestType Load (0.0ms)[0m  [1m[34mSELECT "request_types".* FROM "request_types" WHERE "request_types"."deleted_at" IS NULL AND "request_types"."id" = 'dbc4ad97-8696-4a00-9423-3d4df65dbd59' LIMIT 1[0m
  ↳ app/controllers/api/v1/requests_controller.rb:22:in 'Api::V1::RequestsController#index'
  [1m[36mCACHE User Load (0.0ms)[0m  [1m[34mSELECT "users".* FROM "users" INNER JOIN "request_type_approvers" ON "users"."id" = "request_type_approvers"."user_id" WHERE "users"."deleted_at" IS NULL AND "request_type_approvers"."request_type_id" = 'dbc4ad97-8696-4a00-9423-3d4df65dbd59'[0m
  ↳ app/controllers/api/v1/requests_controller.rb:22:in 'Api::V1::RequestsController#index'
Completed 200 OK in 17ms (Views: 0.1ms | ActiveRecord: 2.1ms (20 queries, 9 cached) | GC: 0.9ms)


Started GET "/api/v1/approver/requests?page=1" for ::1 at 2026-02-08 22:45:57 +0530
Processing by Api::V1::Approver::RequestsController#index as HTML
  Parameters: {"page" => "1"}
  [1m[36mUser Load (0.4ms)[0m  [1m[34mSELECT "users".* FROM "users" WHERE "users"."deleted_at" IS NULL AND "users"."id" = 'a8b58455-32ed-4b42-af48-3bb969d2c5b8' LIMIT 1 /*action='index',application='ApprovalEngine',controller='requests'*/[0m
  ↳ app/controllers/concerns/authenticatable.rb:20:in 'Authenticatable#authenticate_user'
  [1m[36mRequest Count (0.5ms)[0m  [1m[34mSELECT COUNT(*) FROM "requests" WHERE "requests"."status" = 'pending_approval' AND "requests"."tenant_id" = 'aa29ef8c-86bf-413d-9ea9-ed2c4360c3a5' /*action='index',application='ApprovalEngine',controller='requests'*/[0m
  ↳ app/controllers/api/v1/approver/requests_controller.rb:24:in 'Api::V1::Approver::RequestsController#index'
  [1m[36mRequest Load (0.3ms)[0m  [1m[34mSELECT "requests".* FROM "requests" WHERE "requests"."status" = 'pending_approval' AND "requests"."tenant_id" = 'aa29ef8c-86bf-413d-9ea9-ed2c4360c3a5' LIMIT 10 OFFSET 0 /*action='index',application='ApprovalEngine',controller='requests'*/[0m
  ↳ app/controllers/api/v1/approver/requests_controller.rb:30:in 'Api::V1::Approver::RequestsController#index'
Completed 200 OK in 20ms (Views: 0.1ms | ActiveRecord: 4.3ms (3 queries, 0 cached) | GC: 0.6ms)


[dotenv] Set [36mJWT_SECRET[0m, [36mJWT_EXPIRY[0m
[dotenv] Loaded [33m.env[0m
Started POST "/api/v1/login" for ::1 at 2026-02-09 10:24:26 +0530
  [1m[36mActiveRecord::SchemaMigration Load (1.0ms)[0m  [1m[34mSELECT "schema_migrations"."version" FROM "schema_migrations" ORDER BY "schema_migrations"."version" ASC /*application='ApprovalEngine'*/[0m
Processing by Api::V1::AuthController#login as HTML
  Parameters: {"email" => "[FILTERED]", "password" => "[FILTERED]", "auth" => {"email" => "[FILTERED]", "password" => "[FILTERED]"}}
  [1m[36mUser Load (1.0ms)[0m  [1m[34mSELECT "users".* FROM "users" WHERE "users"."deleted_at" IS NULL AND "users"."email" = 'admin@example.com' LIMIT 1 /*action='login',application='ApprovalEngine',controller='auth'*/[0m
  ↳ app/controllers/api/v1/auth_controller.rb:7:in 'Api::V1::AuthController#login'
Completed 200 OK in 227ms (Views: 0.2ms | ActiveRecord: 9.6ms (1 query, 0 cached) | GC: 0.4ms)


Started GET "/api/v1/admin/reports/summary" for ::1 at 2026-02-09 10:24:26 +0530
Started GET "/api/v1/requests?page=1" for ::1 at 2026-02-09 10:24:26 +0530
Processing by Api::V1::Admin::ReportsController#summary as HTML
Processing by Api::V1::RequestsController#index as HTML
  Parameters: {"page" => "1"}
  [1m[36mUser Load (1.6ms)[0m  [1m[34mSELECT "users".* FROM "users" WHERE "users"."deleted_at" IS NULL AND "users"."id" = 'a8b58455-32ed-4b42-af48-3bb969d2c5b8' LIMIT 1 /*action='summary',application='ApprovalEngine',controller='reports'*/[0m
  ↳ app/controllers/concerns/authenticatable.rb:20:in 'Authenticatable#authenticate_user'
  [1m[36mTenant Load (0.6ms)[0m  [1m[34mSELECT "tenants".* FROM "tenants" WHERE "tenants"."deleted_at" IS NULL AND "tenants"."id" = 'aa29ef8c-86bf-413d-9ea9-ed2c4360c3a5' LIMIT 1 /*action='summary',application='ApprovalEngine',controller='reports'*/[0m
  ↳ app/controllers/api/v1/admin/reports_controller.rb:8:in 'Api::V1::Admin::ReportsController#summary'
  [1m[36mRequest Count (1.3ms)[0m  [1m[34mSELECT COUNT(*) FROM "requests" WHERE "requests"."tenant_id" = 'aa29ef8c-86bf-413d-9ea9-ed2c4360c3a5' /*action='summary',application='ApprovalEngine',controller='reports'*/[0m
  ↳ app/controllers/api/v1/admin/reports_controller.rb:22:in 'Api::V1::Admin::ReportsController#total_requests'
  [1m[36mRequest Count (0.3ms)[0m  [1m[34mSELECT COUNT(*) AS "count_all", "requests"."status" AS "requests_status" FROM "requests" WHERE "requests"."tenant_id" = 'aa29ef8c-86bf-413d-9ea9-ed2c4360c3a5' GROUP BY "requests"."status" /*action='summary',application='ApprovalEngine',controller='reports'*/[0m
  ↳ app/controllers/api/v1/admin/reports_controller.rb:26:in 'Api::V1::Admin::ReportsController#status_breakdown'
  [1m[36mUser Load (0.5ms)[0m  [1m[34mSELECT "users".* FROM "users" WHERE "users"."deleted_at" IS NULL AND "users"."id" = 'a8b58455-32ed-4b42-af48-3bb969d2c5b8' LIMIT 1 /*action='index',application='ApprovalEngine',controller='requests'*/[0m
  ↳ app/controllers/concerns/authenticatable.rb:20:in 'Authenticatable#authenticate_user'
  [1m[36mTenant Load (0.2ms)[0m  [1m[34mSELECT "tenants".* FROM "tenants" WHERE "tenants"."deleted_at" IS NULL AND "tenants"."id" = 'aa29ef8c-86bf-413d-9ea9-ed2c4360c3a5' LIMIT 1 /*action='index',application='ApprovalEngine',controller='requests'*/[0m
  ↳ app/controllers/api/v1/requests_controller.rb:9:in 'Api::V1::RequestsController#index'
  [1m[36mRequest Count (0.5ms)[0m  [1m[34mSELECT COUNT(*) FROM "requests" WHERE "requests"."tenant_id" = 'aa29ef8c-86bf-413d-9ea9-ed2c4360c3a5' /*action='index',application='ApprovalEngine',controller='requests'*/[0m
  ↳ app/controllers/api/v1/requests_controller.rb:16:in 'Api::V1::RequestsController#index'
  [1m[36mRequest Count (2.1ms)[0m  [1m[34mSELECT COUNT(*) AS "count_all", "request_types"."name" AS "request_types_name" FROM "requests" INNER JOIN "request_types" ON "request_types"."deleted_at" IS NULL AND "request_types"."id" = "requests"."request_type_id" WHERE "requests"."tenant_id" = 'aa29ef8c-86bf-413d-9ea9-ed2c4360c3a5' GROUP BY "request_types"."name" /*action='summary',application='ApprovalEngine',controller='reports'*/[0m
  ↳ app/controllers/api/v1/admin/reports_controller.rb:33:in 'Api::V1::Admin::ReportsController#request_type_breakdown'
  [1m[36mRequest Load (1.7ms)[0m  [1m[34mSELECT "requests".* FROM "requests" WHERE "requests"."tenant_id" = 'aa29ef8c-86bf-413d-9ea9-ed2c4360c3a5' LIMIT 10 OFFSET 0 /*action='index',application='ApprovalEngine',controller='requests'*/[0m
  ↳ app/controllers/api/v1/requests_controller.rb:22:in 'Api::V1::RequestsController#index'
  [1m[36mUser Load (0.7ms)[0m  [1m[34mSELECT "users".* FROM "users" WHERE "users"."deleted_at" IS NULL AND "users"."id" IN ('fe43d2ce-b8cd-4d8e-b6ed-2bd799945724', '37ec41c9-c494-4128-bb94-07c2b87ad9e6', '24c0e984-3d03-44c6-bdb3-9e397ba9d8c2') /*action='index',application='ApprovalEngine',controller='requests'*/[0m
  ↳ app/controllers/api/v1/requests_controller.rb:22:in 'Api::V1::RequestsController#index'
  [1m[36mApproval Count (0.9ms)[0m  [1m[34mSELECT COUNT(*) AS "count_all", "approvals"."action" AS "approvals_action" FROM "approvals" WHERE "approvals"."tenant_id" = 'aa29ef8c-86bf-413d-9ea9-ed2c4360c3a5' GROUP BY "approvals"."action" /*action='summary',application='ApprovalEngine',controller='reports'*/[0m
  ↳ app/controllers/api/v1/admin/reports_controller.rb:37:in 'Api::V1::Admin::ReportsController#decision_breakdown'
  [1m[36mRequestType Load (0.9ms)[0m  [1m[34mSELECT "request_types".* FROM "request_types" WHERE "request_types"."deleted_at" IS NULL AND "request_types"."id" IN ('dbc4ad97-8696-4a00-9423-3d4df65dbd59', '1f5dd956-b4d1-456e-a5ea-d3c63ebde7b8') /*action='index',application='ApprovalEngine',controller='requests'*/[0m
  ↳ app/controllers/api/v1/requests_controller.rb:22:in 'Api::V1::RequestsController#index'
  [1m[36mApproval Count (2.2ms)[0m  [1m[34mSELECT COUNT(*) AS "count_all", "approvals"."rule_id" AS "approvals_rule_id" FROM "approvals" WHERE "approvals"."tenant_id" = 'aa29ef8c-86bf-413d-9ea9-ed2c4360c3a5' AND "approvals"."rule_id" IS NOT NULL GROUP BY "approvals"."rule_id" /*action='summary',application='ApprovalEngine',controller='reports'*/[0m
  ↳ app/controllers/api/v1/admin/reports_controller.rb:44:in 'Api::V1::Admin::ReportsController#rule_hit_counts'
Completed 200 OK in 39ms (Views: 0.1ms | ActiveRecord: 18.2ms (7 queries, 0 cached) | GC: 0.0ms)


  [1m[36mApproval Load (1.0ms)[0m  [1m[34mSELECT "approvals".* FROM "approvals" WHERE "approvals"."request_id" IN ('2250d943-5e91-418f-bb33-a65d48294246', '3349468a-bcfd-4c23-a10a-67f15e8ab049', '80a2e814-4ac5-4c14-aa03-65297f8e8a05', 'd31cb57e-3c91-4e86-a2d6-a850d791d93c', '907c2d07-9cb6-4d85-a45f-0909c013f7b3', '9bebdd1e-d5eb-4f0c-be3a-68caecd92ea5', 'e19d56e8-6d6c-4ac1-b939-e50ecdf6cdcb', 'f4b90444-bf2f-41a1-9ac4-c1925813404b', '59504973-a39c-45b4-8944-2caf42d8b290', 'c40b1942-ea39-425c-8541-297a8c1f9afa') /*action='index',application='ApprovalEngine',controller='requests'*/[0m
  ↳ app/controllers/api/v1/requests_controller.rb:22:in 'Api::V1::RequestsController#index'
  [1m[36mUser Load (0.7ms)[0m  [1m[34mSELECT "users".* FROM "users" INNER JOIN "request_type_approvers" ON "users"."id" = "request_type_approvers"."user_id" WHERE "users"."deleted_at" IS NULL AND "request_type_approvers"."request_type_id" = 'dbc4ad97-8696-4a00-9423-3d4df65dbd59' /*action='index',application='ApprovalEngine',controller='requests'*/[0m
  ↳ app/controllers/api/v1/requests_controller.rb:22:in 'Api::V1::RequestsController#index'
  [1m[36mRule Load (1.0ms)[0m  [1m[34mSELECT "rules".* FROM "rules" WHERE "rules"."deleted_at" IS NULL AND "rules"."id" = '4f5a2b27-f6dd-47a0-ba23-bb8b1c83d65f' LIMIT 1 /*action='index',application='ApprovalEngine',controller='requests'*/[0m
  ↳ app/controllers/api/v1/requests_controller.rb:22:in 'Api::V1::RequestsController#index'
  [1m[36mRequestType Load (0.2ms)[0m  [1m[34mSELECT "request_types".* FROM "request_types" WHERE "request_types"."deleted_at" IS NULL AND "request_types"."id" = 'dbc4ad97-8696-4a00-9423-3d4df65dbd59' LIMIT 1 /*action='index',application='ApprovalEngine',controller='requests'*/[0m
  ↳ app/controllers/api/v1/requests_controller.rb:22:in 'Api::V1::RequestsController#index'
  [1m[36mCACHE User Load (0.0ms)[0m  [1m[34mSELECT "users".* FROM "users" INNER JOIN "request_type_approvers" ON "users"."id" = "request_type_approvers"."user_id" WHERE "users"."deleted_at" IS NULL AND "request_type_approvers"."request_type_id" = 'dbc4ad97-8696-4a00-9423-3d4df65dbd59'[0m
  ↳ app/controllers/api/v1/requests_controller.rb:22:in 'Api::V1::RequestsController#index'
  [1m[36mCACHE Rule Load (0.0ms)[0m  [1m[34mSELECT "rules".* FROM "rules" WHERE "rules"."deleted_at" IS NULL AND "rules"."id" = '4f5a2b27-f6dd-47a0-ba23-bb8b1c83d65f' LIMIT 1[0m
  ↳ app/controllers/api/v1/requests_controller.rb:22:in 'Api::V1::RequestsController#index'
  [1m[36mCACHE RequestType Load (0.0ms)[0m  [1m[34mSELECT "request_types".* FROM "request_types" WHERE "request_types"."deleted_at" IS NULL AND "request_types"."id" = 'dbc4ad97-8696-4a00-9423-3d4df65dbd59' LIMIT 1[0m
  ↳ app/controllers/api/v1/requests_controller.rb:22:in 'Api::V1::RequestsController#index'
  [1m[36mCACHE User Load (0.0ms)[0m  [1m[34mSELECT "users".* FROM "users" INNER JOIN "request_type_approvers" ON "users"."id" = "request_type_approvers"."user_id" WHERE "users"."deleted_at" IS NULL AND "request_type_approvers"."request_type_id" = 'dbc4ad97-8696-4a00-9423-3d4df65dbd59'[0m
  ↳ app/controllers/api/v1/requests_controller.rb:22:in 'Api::V1::RequestsController#index'
  [1m[36mCACHE Rule Load (0.0ms)[0m  [1m[34mSELECT "rules".* FROM "rules" WHERE "rules"."deleted_at" IS NULL AND "rules"."id" = '4f5a2b27-f6dd-47a0-ba23-bb8b1c83d65f' LIMIT 1[0m
  ↳ app/controllers/api/v1/requests_controller.rb:22:in 'Api::V1::RequestsController#index'
  [1m[36mCACHE RequestType Load (0.0ms)[0m  [1m[34mSELECT "request_types".* FROM "request_types" WHERE "request_types"."deleted_at" IS NULL AND "request_types"."id" = 'dbc4ad97-8696-4a00-9423-3d4df65dbd59' LIMIT 1[0m
  ↳ app/controllers/api/v1/requests_controller.rb:22:in 'Api::V1::RequestsController#index'
  [1m[36mCACHE User Load (0.0ms)[0m  [1m[34mSELECT "users".* FROM "users" INNER JOIN "request_type_approvers" ON "users"."id" = "request_type_approvers"."user_id" WHERE "users"."deleted_at" IS NULL AND "request_type_approvers"."request_type_id" = 'dbc4ad97-8696-4a00-9423-3d4df65dbd59'[0m
  ↳ app/controllers/api/v1/requests_controller.rb:22:in 'Api::V1::RequestsController#index'
  [1m[36mUser Load (0.2ms)[0m  [1m[34mSELECT "users".* FROM "users" INNER JOIN "request_type_approvers" ON "users"."id" = "request_type_approvers"."user_id" WHERE "users"."deleted_at" IS NULL AND "request_type_approvers"."request_type_id" = '1f5dd956-b4d1-456e-a5ea-d3c63ebde7b8' /*action='index',application='ApprovalEngine',controller='requests'*/[0m
  ↳ app/controllers/api/v1/requests_controller.rb:22:in 'Api::V1::RequestsController#index'
  [1m[36mRule Load (0.2ms)[0m  [1m[34mSELECT "rules".* FROM "rules" WHERE "rules"."deleted_at" IS NULL AND "rules"."id" = '269d79fa-dc15-4468-a104-db1cf9dc960b' LIMIT 1 /*action='index',application='ApprovalEngine',controller='requests'*/[0m
  ↳ app/controllers/api/v1/requests_controller.rb:22:in 'Api::V1::RequestsController#index'
  [1m[36mRequestType Load (0.2ms)[0m  [1m[34mSELECT "request_types".* FROM "request_types" WHERE "request_types"."deleted_at" IS NULL AND "request_types"."id" = '1f5dd956-b4d1-456e-a5ea-d3c63ebde7b8' LIMIT 1 /*action='index',application='ApprovalEngine',controller='requests'*/[0m
  ↳ app/controllers/api/v1/requests_controller.rb:22:in 'Api::V1::RequestsController#index'
  [1m[36mCACHE User Load (0.0ms)[0m  [1m[34mSELECT "users".* FROM "users" INNER JOIN "request_type_approvers" ON "users"."id" = "request_type_approvers"."user_id" WHERE "users"."deleted_at" IS NULL AND "request_type_approvers"."request_type_id" = '1f5dd956-b4d1-456e-a5ea-d3c63ebde7b8'[0m
  ↳ app/controllers/api/v1/requests_controller.rb:22:in 'Api::V1::RequestsController#index'
  [1m[36mCACHE Rule Load (0.0ms)[0m  [1m[34mSELECT "rules".* FROM "rules" WHERE "rules"."deleted_at" IS NULL AND "rules"."id" = '269d79fa-dc15-4468-a104-db1cf9dc960b' LIMIT 1[0m
  ↳ app/controllers/api/v1/requests_controller.rb:22:in 'Api::V1::RequestsController#index'
  [1m[36mCACHE RequestType Load (0.0ms)[0m  [1m[34mSELECT "request_types".* FROM "request_types" WHERE "request_types"."deleted_at" IS NULL AND "request_types"."id" = '1f5dd956-b4d1-456e-a5ea-d3c63ebde7b8' LIMIT 1[0m
  ↳ app/controllers/api/v1/requests_controller.rb:22:in 'Api::V1::RequestsController#index'
  [1m[36mCACHE User Load (0.0ms)[0m  [1m[34mSELECT "users".* FROM "users" INNER JOIN "request_type_approvers" ON "users"."id" = "request_type_approvers"."user_id" WHERE "users"."deleted_at" IS NULL AND "request_type_approvers"."request_type_id" = '1f5dd956-b4d1-456e-a5ea-d3c63ebde7b8'[0m
  ↳ app/controllers/api/v1/requests_controller.rb:22:in 'Api::V1::RequestsController#index'
  [1m[36mCACHE Rule Load (0.0ms)[0m  [1m[34mSELECT "rules".* FROM "rules" WHERE "rules"."deleted_at" IS NULL AND "rules"."id" = '269d79fa-dc15-4468-a104-db1cf9dc960b' LIMIT 1[0m
  ↳ app/controllers/api/v1/requests_controller.rb:22:in 'Api::V1::RequestsController#index'
  [1m[36mCACHE RequestType Load (0.0ms)[0m  [1m[34mSELECT "request_types".* FROM "request_types" WHERE "request_types"."deleted_at" IS NULL AND "request_types"."id" = '1f5dd956-b4d1-456e-a5ea-d3c63ebde7b8' LIMIT 1[0m
  ↳ app/controllers/api/v1/requests_controller.rb:22:in 'Api::V1::RequestsController#index'
  [1m[36mCACHE User Load (0.0ms)[0m  [1m[34mSELECT "users".* FROM "users" INNER JOIN "request_type_approvers" ON "users"."id" = "request_type_approvers"."user_id" WHERE "users"."deleted_at" IS NULL AND "request_type_approvers"."request_type_id" = '1f5dd956-b4d1-456e-a5ea-d3c63ebde7b8'[0m
  ↳ app/controllers/api/v1/requests_controller.rb:22:in 'Api::V1::RequestsController#index'
  [1m[36mRule Load (0.2ms)[0m  [1m[34mSELECT "rules".* FROM "rules" WHERE "rules"."deleted_at" IS NULL AND "rules"."id" = '6d9b88af-a02d-4d3c-8099-8cb7fb3a2d4a' LIMIT 1 /*action='index',application='ApprovalEngine',controller='requests'*/[0m
  ↳ app/controllers/api/v1/requests_controller.rb:22:in 'Api::V1::RequestsController#index'
  [1m[36mCACHE RequestType Load (0.0ms)[0m  [1m[34mSELECT "request_types".* FROM "request_types" WHERE "request_types"."deleted_at" IS NULL AND "request_types"."id" = 'dbc4ad97-8696-4a00-9423-3d4df65dbd59' LIMIT 1[0m
  ↳ app/controllers/api/v1/requests_controller.rb:22:in 'Api::V1::RequestsController#index'
  [1m[36mCACHE User Load (0.0ms)[0m  [1m[34mSELECT "users".* FROM "users" INNER JOIN "request_type_approvers" ON "users"."id" = "request_type_approvers"."user_id" WHERE "users"."deleted_at" IS NULL AND "request_type_approvers"."request_type_id" = 'dbc4ad97-8696-4a00-9423-3d4df65dbd59'[0m
  ↳ app/controllers/api/v1/requests_controller.rb:22:in 'Api::V1::RequestsController#index'
  [1m[36mCACHE Rule Load (0.0ms)[0m  [1m[34mSELECT "rules".* FROM "rules" WHERE "rules"."deleted_at" IS NULL AND "rules"."id" = '6d9b88af-a02d-4d3c-8099-8cb7fb3a2d4a' LIMIT 1[0m
  ↳ app/controllers/api/v1/requests_controller.rb:22:in 'Api::V1::RequestsController#index'
  [1m[36mCACHE RequestType Load (0.0ms)[0m  [1m[34mSELECT "request_types".* FROM "request_types" WHERE "request_types"."deleted_at" IS NULL AND "request_types"."id" = 'dbc4ad97-8696-4a00-9423-3d4df65dbd59' LIMIT 1[0m
  ↳ app/controllers/api/v1/requests_controller.rb:22:in 'Api::V1::RequestsController#index'
  [1m[36mCACHE User Load (0.0ms)[0m  [1m[34mSELECT "users".* FROM "users" INNER JOIN "request_type_approvers" ON "users"."id" = "request_type_approvers"."user_id" WHERE "users"."deleted_at" IS NULL AND "request_type_approvers"."request_type_id" = 'dbc4ad97-8696-4a00-9423-3d4df65dbd59'[0m
  ↳ app/controllers/api/v1/requests_controller.rb:22:in 'Api::V1::RequestsController#index'
  [1m[36mRule Load (0.2ms)[0m  [1m[34mSELECT "rules".* FROM "rules" WHERE "rules"."deleted_at" IS NULL AND "rules"."id" = '8a1dd6be-6d3e-43cb-86c0-7b9c09bb6f91' LIMIT 1 /*action='index',application='ApprovalEngine',controller='requests'*/[0m
  ↳ app/controllers/api/v1/requests_controller.rb:22:in 'Api::V1::RequestsController#index'
  [1m[36mRule Load (0.1ms)[0m  [1m[34mSELECT "rules".* FROM "rules" WHERE "rules"."deleted_at" IS NULL AND "rules"."id" = '48a78e3e-3f71-41f5-a9b5-01ff3306a6d0' LIMIT 1 /*action='index',application='ApprovalEngine',controller='requests'*/[0m
  ↳ app/controllers/api/v1/requests_controller.rb:22:in 'Api::V1::RequestsController#index'
  [1m[36mCACHE RequestType Load (0.0ms)[0m  [1m[34mSELECT "request_types".* FROM "request_types" WHERE "request_types"."deleted_at" IS NULL AND "request_types"."id" = 'dbc4ad97-8696-4a00-9423-3d4df65dbd59' LIMIT 1[0m
  ↳ app/controllers/api/v1/requests_controller.rb:22:in 'Api::V1::RequestsController#index'
  [1m[36mCACHE User Load (0.0ms)[0m  [1m[34mSELECT "users".* FROM "users" INNER JOIN "request_type_approvers" ON "users"."id" = "request_type_approvers"."user_id" WHERE "users"."deleted_at" IS NULL AND "request_type_approvers"."request_type_id" = 'dbc4ad97-8696-4a00-9423-3d4df65dbd59'[0m
  ↳ app/controllers/api/v1/requests_controller.rb:22:in 'Api::V1::RequestsController#index'
Completed 200 OK in 71ms (Views: 0.2ms | ActiveRecord: 17.8ms (37 queries, 21 cached) | GC: 0.0ms)


Started GET "/api/v1/approver/requests?page=1" for ::1 at 2026-02-09 10:24:28 +0530
Processing by Api::V1::Approver::RequestsController#index as HTML
  Parameters: {"page" => "1"}
  [1m[36mUser Load (0.6ms)[0m  [1m[34mSELECT "users".* FROM "users" WHERE "users"."deleted_at" IS NULL AND "users"."id" = 'a8b58455-32ed-4b42-af48-3bb969d2c5b8' LIMIT 1 /*action='index',application='ApprovalEngine',controller='requests'*/[0m
  ↳ app/controllers/concerns/authenticatable.rb:20:in 'Authenticatable#authenticate_user'
  [1m[36mRequest Count (0.5ms)[0m  [1m[34mSELECT COUNT(*) FROM "requests" WHERE "requests"."status" = 'pending_approval' AND "requests"."tenant_id" = 'aa29ef8c-86bf-413d-9ea9-ed2c4360c3a5' /*action='index',application='ApprovalEngine',controller='requests'*/[0m
  ↳ app/controllers/api/v1/approver/requests_controller.rb:24:in 'Api::V1::Approver::RequestsController#index'
  [1m[36mRequest Load (0.2ms)[0m  [1m[34mSELECT "requests".* FROM "requests" WHERE "requests"."status" = 'pending_approval' AND "requests"."tenant_id" = 'aa29ef8c-86bf-413d-9ea9-ed2c4360c3a5' LIMIT 10 OFFSET 0 /*action='index',application='ApprovalEngine',controller='requests'*/[0m
  ↳ app/controllers/api/v1/approver/requests_controller.rb:30:in 'Api::V1::Approver::RequestsController#index'
Completed 200 OK in 4ms (Views: 0.1ms | ActiveRecord: 1.2ms (3 queries, 0 cached) | GC: 0.0ms)


Started GET "/api/v1/request_types?page=1" for ::1 at 2026-02-09 10:24:30 +0530
Processing by Api::V1::RequestTypesController#index as HTML
  Parameters: {"page" => "1"}
  [1m[36mUser Load (0.4ms)[0m  [1m[34mSELECT "users".* FROM "users" WHERE "users"."deleted_at" IS NULL AND "users"."id" = 'a8b58455-32ed-4b42-af48-3bb969d2c5b8' LIMIT 1 /*action='index',application='ApprovalEngine',controller='request_types'*/[0m
  ↳ app/controllers/concerns/authenticatable.rb:20:in 'Authenticatable#authenticate_user'
  [1m[36mTenant Load (0.2ms)[0m  [1m[34mSELECT "tenants".* FROM "tenants" WHERE "tenants"."deleted_at" IS NULL AND "tenants"."id" = 'aa29ef8c-86bf-413d-9ea9-ed2c4360c3a5' LIMIT 1 /*action='index',application='ApprovalEngine',controller='request_types'*/[0m
  ↳ app/controllers/api/v1/request_types_controller.rb:6:in 'Api::V1::RequestTypesController#index'
  [1m[36mRequestType Count (0.2ms)[0m  [1m[34mSELECT COUNT(*) FROM "request_types" WHERE "request_types"."deleted_at" IS NULL AND "request_types"."tenant_id" = 'aa29ef8c-86bf-413d-9ea9-ed2c4360c3a5' /*action='index',application='ApprovalEngine',controller='request_types'*/[0m
  ↳ app/controllers/api/v1/request_types_controller.rb:7:in 'Api::V1::RequestTypesController#index'
  [1m[36mRequestType Load (0.2ms)[0m  [1m[34mSELECT "request_types".* FROM "request_types" WHERE "request_types"."deleted_at" IS NULL AND "request_types"."tenant_id" = 'aa29ef8c-86bf-413d-9ea9-ed2c4360c3a5' LIMIT 10 OFFSET 0 /*action='index',application='ApprovalEngine',controller='request_types'*/[0m
  ↳ app/controllers/api/v1/request_types_controller.rb:13:in 'Api::V1::RequestTypesController#index'
  [1m[36mRequestTypeApprover Load (0.2ms)[0m  [1m[34mSELECT "request_type_approvers".* FROM "request_type_approvers" WHERE "request_type_approvers"."request_type_id" IN ('dbc4ad97-8696-4a00-9423-3d4df65dbd59', '1f5dd956-b4d1-456e-a5ea-d3c63ebde7b8') /*action='index',application='ApprovalEngine',controller='request_types'*/[0m
  ↳ app/controllers/api/v1/request_types_controller.rb:13:in 'Api::V1::RequestTypesController#index'
  [1m[36mUser Load (0.2ms)[0m  [1m[34mSELECT "users".* FROM "users" WHERE "users"."deleted_at" IS NULL AND "users"."id" IN ('24c0e984-3d03-44c6-bdb3-9e397ba9d8c2', '37ec41c9-c494-4128-bb94-07c2b87ad9e6') /*action='index',application='ApprovalEngine',controller='request_types'*/[0m
  ↳ app/controllers/api/v1/request_types_controller.rb:13:in 'Api::V1::RequestTypesController#index'
Completed 200 OK in 10ms (Views: 0.1ms | ActiveRecord: 1.5ms (6 queries, 0 cached) | GC: 0.0ms)


Started GET "/api/v1/rules?page=1" for ::1 at 2026-02-09 10:24:31 +0530
Processing by Api::V1::RulesController#index as HTML
  Parameters: {"page" => "1"}
  [1m[36mUser Load (0.4ms)[0m  [1m[34mSELECT "users".* FROM "users" WHERE "users"."deleted_at" IS NULL AND "users"."id" = 'a8b58455-32ed-4b42-af48-3bb969d2c5b8' LIMIT 1 /*action='index',application='ApprovalEngine',controller='rules'*/[0m
  ↳ app/controllers/concerns/authenticatable.rb:20:in 'Authenticatable#authenticate_user'
  [1m[36mTenant Load (0.3ms)[0m  [1m[34mSELECT "tenants".* FROM "tenants" WHERE "tenants"."deleted_at" IS NULL AND "tenants"."id" = 'aa29ef8c-86bf-413d-9ea9-ed2c4360c3a5' LIMIT 1 /*action='index',application='ApprovalEngine',controller='rules'*/[0m
  ↳ app/controllers/api/v1/rules_controller.rb:6:in 'Api::V1::RulesController#index'
  [1m[36mRule Count (0.2ms)[0m  [1m[34mSELECT COUNT(*) FROM "rules" WHERE "rules"."deleted_at" IS NULL AND "rules"."tenant_id" = 'aa29ef8c-86bf-413d-9ea9-ed2c4360c3a5' /*action='index',application='ApprovalEngine',controller='rules'*/[0m
  ↳ app/controllers/api/v1/rules_controller.rb:7:in 'Api::V1::RulesController#index'
  [1m[36mRule Load (0.2ms)[0m  [1m[34mSELECT "rules".* FROM "rules" WHERE "rules"."deleted_at" IS NULL AND "rules"."tenant_id" = 'aa29ef8c-86bf-413d-9ea9-ed2c4360c3a5' LIMIT 10 OFFSET 0 /*action='index',application='ApprovalEngine',controller='rules'*/[0m
  ↳ app/controllers/api/v1/rules_controller.rb:13:in 'Api::V1::RulesController#index'
  [1m[36mRequestType Load (0.2ms)[0m  [1m[34mSELECT "request_types".* FROM "request_types" WHERE "request_types"."deleted_at" IS NULL AND "request_types"."id" IN ('dbc4ad97-8696-4a00-9423-3d4df65dbd59', '1f5dd956-b4d1-456e-a5ea-d3c63ebde7b8') /*action='index',application='ApprovalEngine',controller='rules'*/[0m
  ↳ app/controllers/api/v1/rules_controller.rb:13:in 'Api::V1::RulesController#index'
  [1m[36mUser Load (0.3ms)[0m  [1m[34mSELECT "users".* FROM "users" INNER JOIN "request_type_approvers" ON "users"."id" = "request_type_approvers"."user_id" WHERE "users"."deleted_at" IS NULL AND "request_type_approvers"."request_type_id" = 'dbc4ad97-8696-4a00-9423-3d4df65dbd59' /*action='index',application='ApprovalEngine',controller='rules'*/[0m
  ↳ app/controllers/api/v1/rules_controller.rb:13:in 'Api::V1::RulesController#index'
  [1m[36mUser Load (0.2ms)[0m  [1m[34mSELECT "users".* FROM "users" INNER JOIN "request_type_approvers" ON "users"."id" = "request_type_approvers"."user_id" WHERE "users"."deleted_at" IS NULL AND "request_type_approvers"."request_type_id" = '1f5dd956-b4d1-456e-a5ea-d3c63ebde7b8' /*action='index',application='ApprovalEngine',controller='rules'*/[0m
  ↳ app/controllers/api/v1/rules_controller.rb:13:in 'Api::V1::RulesController#index'
Completed 200 OK in 9ms (Views: 0.1ms | ActiveRecord: 1.6ms (7 queries, 0 cached) | GC: 0.0ms)


Started GET "/api/v1/users?page=1" for ::1 at 2026-02-09 10:24:39 +0530
Processing by Api::V1::UsersController#index as HTML
  Parameters: {"page" => "1"}
  [1m[36mUser Load (0.7ms)[0m  [1m[34mSELECT "users".* FROM "users" WHERE "users"."deleted_at" IS NULL AND "users"."id" = 'a8b58455-32ed-4b42-af48-3bb969d2c5b8' LIMIT 1 /*action='index',application='ApprovalEngine',controller='users'*/[0m
  ↳ app/controllers/concerns/authenticatable.rb:20:in 'Authenticatable#authenticate_user'
  [1m[36mTenant Load (0.2ms)[0m  [1m[34mSELECT "tenants".* FROM "tenants" WHERE "tenants"."deleted_at" IS NULL AND "tenants"."id" = 'aa29ef8c-86bf-413d-9ea9-ed2c4360c3a5' LIMIT 1 /*action='index',application='ApprovalEngine',controller='users'*/[0m
  ↳ app/controllers/api/v1/users_controller.rb:7:in 'Api::V1::UsersController#index'
  [1m[36mUser Count (0.2ms)[0m  [1m[34mSELECT COUNT(*) FROM "users" WHERE "users"."deleted_at" IS NULL AND "users"."tenant_id" = 'aa29ef8c-86bf-413d-9ea9-ed2c4360c3a5' /*action='index',application='ApprovalEngine',controller='users'*/[0m
  ↳ app/controllers/api/v1/users_controller.rb:9:in 'Api::V1::UsersController#index'
  [1m[36mUser Load (0.2ms)[0m  [1m[34mSELECT "users".* FROM "users" WHERE "users"."deleted_at" IS NULL AND "users"."tenant_id" = 'aa29ef8c-86bf-413d-9ea9-ed2c4360c3a5' LIMIT 10 OFFSET 0 /*action='index',application='ApprovalEngine',controller='users'*/[0m
  ↳ app/controllers/api/v1/users_controller.rb:15:in 'Api::V1::UsersController#index'
Completed 200 OK in 6ms (Views: 0.1ms | ActiveRecord: 1.2ms (4 queries, 0 cached) | GC: 0.0ms)


Started POST "/api/v1/request_types" for ::1 at 2026-02-09 10:24:45 +0530
Processing by Api::V1::RequestTypesController#create as HTML
  Parameters: {"name" => "expense", "approver_ids" => ["37ec41c9-c494-4128-bb94-07c2b87ad9e6"], "request_type" => {"name" => "expense"}}
  [1m[36mUser Load (0.5ms)[0m  [1m[34mSELECT "users".* FROM "users" WHERE "users"."deleted_at" IS NULL AND "users"."id" = 'a8b58455-32ed-4b42-af48-3bb969d2c5b8' LIMIT 1 /*action='create',application='ApprovalEngine',controller='request_types'*/[0m
  ↳ app/controllers/concerns/authenticatable.rb:20:in 'Authenticatable#authenticate_user'
  [1m[36mTenant Load (0.3ms)[0m  [1m[34mSELECT "tenants".* FROM "tenants" WHERE "tenants"."deleted_at" IS NULL AND "tenants"."id" = 'aa29ef8c-86bf-413d-9ea9-ed2c4360c3a5' LIMIT 1 /*action='create',application='ApprovalEngine',controller='request_types'*/[0m
  ↳ app/controllers/api/v1/request_types_controller.rb:21:in 'Api::V1::RequestTypesController#create'
  [1m[36mRequestType Load (0.2ms)[0m  [1m[34mSELECT "request_types".* FROM "request_types" WHERE "request_types"."deleted_at" IS NULL AND "request_types"."tenant_id" = 'aa29ef8c-86bf-413d-9ea9-ed2c4360c3a5' AND "request_types"."name" = 'expense' LIMIT 1 /*action='create',application='ApprovalEngine',controller='request_types'*/[0m
  ↳ app/controllers/api/v1/request_types_controller.rb:21:in 'Api::V1::RequestTypesController#create'
Completed 409 Conflict in 5ms (Views: 0.1ms | ActiveRecord: 0.9ms (3 queries, 0 cached) | GC: 0.0ms)


Started GET "/api/v1/users?page=1" for ::1 at 2026-02-09 10:25:43 +0530
Processing by Api::V1::UsersController#index as HTML
  Parameters: {"page" => "1"}
  [1m[36mUser Load (0.3ms)[0m  [1m[34mSELECT "users".* FROM "users" WHERE "users"."deleted_at" IS NULL AND "users"."id" = 'a8b58455-32ed-4b42-af48-3bb969d2c5b8' LIMIT 1 /*action='index',application='ApprovalEngine',controller='users'*/[0m
  ↳ app/controllers/concerns/authenticatable.rb:20:in 'Authenticatable#authenticate_user'
  [1m[36mTenant Load (0.3ms)[0m  [1m[34mSELECT "tenants".* FROM "tenants" WHERE "tenants"."deleted_at" IS NULL AND "tenants"."id" = 'aa29ef8c-86bf-413d-9ea9-ed2c4360c3a5' LIMIT 1 /*action='index',application='ApprovalEngine',controller='users'*/[0m
  ↳ app/controllers/api/v1/users_controller.rb:7:in 'Api::V1::UsersController#index'
  [1m[36mUser Count (0.2ms)[0m  [1m[34mSELECT COUNT(*) FROM "users" WHERE "users"."deleted_at" IS NULL AND "users"."tenant_id" = 'aa29ef8c-86bf-413d-9ea9-ed2c4360c3a5' /*action='index',application='ApprovalEngine',controller='users'*/[0m
  ↳ app/controllers/api/v1/users_controller.rb:9:in 'Api::V1::UsersController#index'
  [1m[36mUser Load (0.2ms)[0m  [1m[34mSELECT "users".* FROM "users" WHERE "users"."deleted_at" IS NULL AND "users"."tenant_id" = 'aa29ef8c-86bf-413d-9ea9-ed2c4360c3a5' LIMIT 10 OFFSET 0 /*action='index',application='ApprovalEngine',controller='users'*/[0m
  ↳ app/controllers/api/v1/users_controller.rb:15:in 'Api::V1::UsersController#index'
Completed 200 OK in 7ms (Views: 0.1ms | ActiveRecord: 0.9ms (4 queries, 0 cached) | GC: 0.0ms)


Started GET "/api/v1/request_types?page=1" for ::1 at 2026-02-09 10:25:43 +0530
Processing by Api::V1::RequestTypesController#index as HTML
  Parameters: {"page" => "1"}
  [1m[36mUser Load (0.6ms)[0m  [1m[34mSELECT "users".* FROM "users" WHERE "users"."deleted_at" IS NULL AND "users"."id" = 'a8b58455-32ed-4b42-af48-3bb969d2c5b8' LIMIT 1 /*action='index',application='ApprovalEngine',controller='request_types'*/[0m
  ↳ app/controllers/concerns/authenticatable.rb:20:in 'Authenticatable#authenticate_user'
  [1m[36mTenant Load (0.2ms)[0m  [1m[34mSELECT "tenants".* FROM "tenants" WHERE "tenants"."deleted_at" IS NULL AND "tenants"."id" = 'aa29ef8c-86bf-413d-9ea9-ed2c4360c3a5' LIMIT 1 /*action='index',application='ApprovalEngine',controller='request_types'*/[0m
  ↳ app/controllers/api/v1/request_types_controller.rb:6:in 'Api::V1::RequestTypesController#index'
  [1m[36mRequestType Count (0.2ms)[0m  [1m[34mSELECT COUNT(*) FROM "request_types" WHERE "request_types"."deleted_at" IS NULL AND "request_types"."tenant_id" = 'aa29ef8c-86bf-413d-9ea9-ed2c4360c3a5' /*action='index',application='ApprovalEngine',controller='request_types'*/[0m
  ↳ app/controllers/api/v1/request_types_controller.rb:7:in 'Api::V1::RequestTypesController#index'
  [1m[36mRequestType Load (0.2ms)[0m  [1m[34mSELECT "request_types".* FROM "request_types" WHERE "request_types"."deleted_at" IS NULL AND "request_types"."tenant_id" = 'aa29ef8c-86bf-413d-9ea9-ed2c4360c3a5' LIMIT 10 OFFSET 0 /*action='index',application='ApprovalEngine',controller='request_types'*/[0m
  ↳ app/controllers/api/v1/request_types_controller.rb:13:in 'Api::V1::RequestTypesController#index'
  [1m[36mRequestTypeApprover Load (0.1ms)[0m  [1m[34mSELECT "request_type_approvers".* FROM "request_type_approvers" WHERE "request_type_approvers"."request_type_id" IN ('dbc4ad97-8696-4a00-9423-3d4df65dbd59', '1f5dd956-b4d1-456e-a5ea-d3c63ebde7b8') /*action='index',application='ApprovalEngine',controller='request_types'*/[0m
  ↳ app/controllers/api/v1/request_types_controller.rb:13:in 'Api::V1::RequestTypesController#index'
  [1m[36mUser Load (0.2ms)[0m  [1m[34mSELECT "users".* FROM "users" WHERE "users"."deleted_at" IS NULL AND "users"."id" IN ('24c0e984-3d03-44c6-bdb3-9e397ba9d8c2', '37ec41c9-c494-4128-bb94-07c2b87ad9e6') /*action='index',application='ApprovalEngine',controller='request_types'*/[0m
  ↳ app/controllers/api/v1/request_types_controller.rb:13:in 'Api::V1::RequestTypesController#index'
Completed 200 OK in 8ms (Views: 0.1ms | ActiveRecord: 1.4ms (6 queries, 0 cached) | GC: 0.0ms)


Started GET "/api/v1/rules?page=1" for ::1 at 2026-02-09 10:25:44 +0530
Processing by Api::V1::RulesController#index as HTML
  Parameters: {"page" => "1"}
  [1m[36mUser Load (0.6ms)[0m  [1m[34mSELECT "users".* FROM "users" WHERE "users"."deleted_at" IS NULL AND "users"."id" = 'a8b58455-32ed-4b42-af48-3bb969d2c5b8' LIMIT 1 /*action='index',application='ApprovalEngine',controller='rules'*/[0m
  ↳ app/controllers/concerns/authenticatable.rb:20:in 'Authenticatable#authenticate_user'
  [1m[36mTenant Load (0.2ms)[0m  [1m[34mSELECT "tenants".* FROM "tenants" WHERE "tenants"."deleted_at" IS NULL AND "tenants"."id" = 'aa29ef8c-86bf-413d-9ea9-ed2c4360c3a5' LIMIT 1 /*action='index',application='ApprovalEngine',controller='rules'*/[0m
  ↳ app/controllers/api/v1/rules_controller.rb:6:in 'Api::V1::RulesController#index'
  [1m[36mRule Count (0.2ms)[0m  [1m[34mSELECT COUNT(*) FROM "rules" WHERE "rules"."deleted_at" IS NULL AND "rules"."tenant_id" = 'aa29ef8c-86bf-413d-9ea9-ed2c4360c3a5' /*action='index',application='ApprovalEngine',controller='rules'*/[0m
  ↳ app/controllers/api/v1/rules_controller.rb:7:in 'Api::V1::RulesController#index'
  [1m[36mRule Load (0.2ms)[0m  [1m[34mSELECT "rules".* FROM "rules" WHERE "rules"."deleted_at" IS NULL AND "rules"."tenant_id" = 'aa29ef8c-86bf-413d-9ea9-ed2c4360c3a5' LIMIT 10 OFFSET 0 /*action='index',application='ApprovalEngine',controller='rules'*/[0m
  ↳ app/controllers/api/v1/rules_controller.rb:13:in 'Api::V1::RulesController#index'
  [1m[36mRequestType Load (0.1ms)[0m  [1m[34mSELECT "request_types".* FROM "request_types" WHERE "request_types"."deleted_at" IS NULL AND "request_types"."id" IN ('dbc4ad97-8696-4a00-9423-3d4df65dbd59', '1f5dd956-b4d1-456e-a5ea-d3c63ebde7b8') /*action='index',application='ApprovalEngine',controller='rules'*/[0m
  ↳ app/controllers/api/v1/rules_controller.rb:13:in 'Api::V1::RulesController#index'
  [1m[36mUser Load (0.2ms)[0m  [1m[34mSELECT "users".* FROM "users" INNER JOIN "request_type_approvers" ON "users"."id" = "request_type_approvers"."user_id" WHERE "users"."deleted_at" IS NULL AND "request_type_approvers"."request_type_id" = 'dbc4ad97-8696-4a00-9423-3d4df65dbd59' /*action='index',application='ApprovalEngine',controller='rules'*/[0m
  ↳ app/controllers/api/v1/rules_controller.rb:13:in 'Api::V1::RulesController#index'
  [1m[36mUser Load (0.2ms)[0m  [1m[34mSELECT "users".* FROM "users" INNER JOIN "request_type_approvers" ON "users"."id" = "request_type_approvers"."user_id" WHERE "users"."deleted_at" IS NULL AND "request_type_approvers"."request_type_id" = '1f5dd956-b4d1-456e-a5ea-d3c63ebde7b8' /*action='index',application='ApprovalEngine',controller='rules'*/[0m
  ↳ app/controllers/api/v1/rules_controller.rb:13:in 'Api::V1::RulesController#index'
Completed 200 OK in 9ms (Views: 0.1ms | ActiveRecord: 1.7ms (7 queries, 0 cached) | GC: 0.0ms)


Started POST "/api/v1/rules" for ::1 at 2026-02-09 10:25:51 +0530
Processing by Api::V1::RulesController#create as HTML
  Parameters: {"request_type_id" => "dbc4ad97-8696-4a00-9423-3d4df65dbd59", "grade" => 3, "definition" => 55, "rule" => {"definition" => 55, "grade" => 3, "request_type_id" => "dbc4ad97-8696-4a00-9423-3d4df65dbd59"}}
  [1m[36mUser Load (0.4ms)[0m  [1m[34mSELECT "users".* FROM "users" WHERE "users"."deleted_at" IS NULL AND "users"."id" = 'a8b58455-32ed-4b42-af48-3bb969d2c5b8' LIMIT 1 /*action='create',application='ApprovalEngine',controller='rules'*/[0m
  ↳ app/controllers/concerns/authenticatable.rb:20:in 'Authenticatable#authenticate_user'
  [1m[36mTenant Load (0.3ms)[0m  [1m[34mSELECT "tenants".* FROM "tenants" WHERE "tenants"."deleted_at" IS NULL AND "tenants"."id" = 'aa29ef8c-86bf-413d-9ea9-ed2c4360c3a5' LIMIT 1 /*action='create',application='ApprovalEngine',controller='rules'*/[0m
  ↳ app/controllers/api/v1/rules_controller.rb:20:in 'Api::V1::RulesController#create'
  [1m[36mRequestType Load (0.2ms)[0m  [1m[34mSELECT "request_types".* FROM "request_types" WHERE "request_types"."deleted_at" IS NULL AND "request_types"."tenant_id" = 'aa29ef8c-86bf-413d-9ea9-ed2c4360c3a5' AND "request_types"."id" = 'dbc4ad97-8696-4a00-9423-3d4df65dbd59' LIMIT 1 /*action='create',application='ApprovalEngine',controller='rules'*/[0m
  ↳ app/controllers/api/v1/rules_controller.rb:20:in 'Api::V1::RulesController#create'
  [1m[36mTRANSACTION (0.1ms)[0m  [1m[35mBEGIN /*action='create',application='ApprovalEngine',controller='rules'*/[0m
  ↳ app/controllers/api/v1/rules_controller.rb:29:in 'Api::V1::RulesController#create'
  [1m[36mRule Exists? (1.0ms)[0m  [1m[34mSELECT 1 AS one FROM "rules" WHERE "rules"."request_type_id" = 'dbc4ad97-8696-4a00-9423-3d4df65dbd59' AND "rules"."grade" = 3 AND "rules"."deleted_at" IS NULL LIMIT 1 /*action='create',application='ApprovalEngine',controller='rules'*/[0m
  ↳ app/controllers/api/v1/rules_controller.rb:29:in 'Api::V1::RulesController#create'
  [1m[36mTRANSACTION (0.1ms)[0m  [1m[31mROLLBACK /*action='create',application='ApprovalEngine',controller='rules'*/[0m
  ↳ app/controllers/api/v1/rules_controller.rb:29:in 'Api::V1::RulesController#create'
Completed 422 Unprocessable Content in 10ms (Views: 0.2ms | ActiveRecord: 2.1ms (4 queries, 0 cached) | GC: 0.0ms)


Started POST "/api/v1/rules" for ::1 at 2026-02-09 10:25:52 +0530
Processing by Api::V1::RulesController#create as HTML
  Parameters: {"request_type_id" => "dbc4ad97-8696-4a00-9423-3d4df65dbd59", "grade" => 3, "definition" => 55, "rule" => {"definition" => 55, "grade" => 3, "request_type_id" => "dbc4ad97-8696-4a00-9423-3d4df65dbd59"}}
  [1m[36mUser Load (0.5ms)[0m  [1m[34mSELECT "users".* FROM "users" WHERE "users"."deleted_at" IS NULL AND "users"."id" = 'a8b58455-32ed-4b42-af48-3bb969d2c5b8' LIMIT 1 /*action='create',application='ApprovalEngine',controller='rules'*/[0m
  ↳ app/controllers/concerns/authenticatable.rb:20:in 'Authenticatable#authenticate_user'
  [1m[36mTenant Load (0.2ms)[0m  [1m[34mSELECT "tenants".* FROM "tenants" WHERE "tenants"."deleted_at" IS NULL AND "tenants"."id" = 'aa29ef8c-86bf-413d-9ea9-ed2c4360c3a5' LIMIT 1 /*action='create',application='ApprovalEngine',controller='rules'*/[0m
  ↳ app/controllers/api/v1/rules_controller.rb:20:in 'Api::V1::RulesController#create'
  [1m[36mRequestType Load (0.1ms)[0m  [1m[34mSELECT "request_types".* FROM "request_types" WHERE "request_types"."deleted_at" IS NULL AND "request_types"."tenant_id" = 'aa29ef8c-86bf-413d-9ea9-ed2c4360c3a5' AND "request_types"."id" = 'dbc4ad97-8696-4a00-9423-3d4df65dbd59' LIMIT 1 /*action='create',application='ApprovalEngine',controller='rules'*/[0m
  ↳ app/controllers/api/v1/rules_controller.rb:20:in 'Api::V1::RulesController#create'
  [1m[36mTRANSACTION (0.1ms)[0m  [1m[35mBEGIN /*action='create',application='ApprovalEngine',controller='rules'*/[0m
  ↳ app/controllers/api/v1/rules_controller.rb:29:in 'Api::V1::RulesController#create'
  [1m[36mRule Exists? (1.1ms)[0m  [1m[34mSELECT 1 AS one FROM "rules" WHERE "rules"."request_type_id" = 'dbc4ad97-8696-4a00-9423-3d4df65dbd59' AND "rules"."grade" = 3 AND "rules"."deleted_at" IS NULL LIMIT 1 /*action='create',application='ApprovalEngine',controller='rules'*/[0m
  ↳ app/controllers/api/v1/rules_controller.rb:29:in 'Api::V1::RulesController#create'
  [1m[36mTRANSACTION (0.4ms)[0m  [1m[31mROLLBACK /*action='create',application='ApprovalEngine',controller='rules'*/[0m
  ↳ app/controllers/api/v1/rules_controller.rb:29:in 'Api::V1::RulesController#create'
Completed 422 Unprocessable Content in 33ms (Views: 0.2ms | ActiveRecord: 2.3ms (4 queries, 0 cached) | GC: 24.0ms)


Started POST "/api/v1/rules" for ::1 at 2026-02-09 10:25:53 +0530
Processing by Api::V1::RulesController#create as HTML
  Parameters: {"request_type_id" => "dbc4ad97-8696-4a00-9423-3d4df65dbd59", "grade" => 3, "definition" => 55, "rule" => {"definition" => 55, "grade" => 3, "request_type_id" => "dbc4ad97-8696-4a00-9423-3d4df65dbd59"}}
  [1m[36mUser Load (0.6ms)[0m  [1m[34mSELECT "users".* FROM "users" WHERE "users"."deleted_at" IS NULL AND "users"."id" = 'a8b58455-32ed-4b42-af48-3bb969d2c5b8' LIMIT 1 /*action='create',application='ApprovalEngine',controller='rules'*/[0m
  ↳ app/controllers/concerns/authenticatable.rb:20:in 'Authenticatable#authenticate_user'
  [1m[36mTenant Load (0.2ms)[0m  [1m[34mSELECT "tenants".* FROM "tenants" WHERE "tenants"."deleted_at" IS NULL AND "tenants"."id" = 'aa29ef8c-86bf-413d-9ea9-ed2c4360c3a5' LIMIT 1 /*action='create',application='ApprovalEngine',controller='rules'*/[0m
  ↳ app/controllers/api/v1/rules_controller.rb:20:in 'Api::V1::RulesController#create'
  [1m[36mRequestType Load (0.2ms)[0m  [1m[34mSELECT "request_types".* FROM "request_types" WHERE "request_types"."deleted_at" IS NULL AND "request_types"."tenant_id" = 'aa29ef8c-86bf-413d-9ea9-ed2c4360c3a5' AND "request_types"."id" = 'dbc4ad97-8696-4a00-9423-3d4df65dbd59' LIMIT 1 /*action='create',application='ApprovalEngine',controller='rules'*/[0m
  ↳ app/controllers/api/v1/rules_controller.rb:20:in 'Api::V1::RulesController#create'
  [1m[36mTRANSACTION (0.1ms)[0m  [1m[35mBEGIN /*action='create',application='ApprovalEngine',controller='rules'*/[0m
  ↳ app/controllers/api/v1/rules_controller.rb:29:in 'Api::V1::RulesController#create'
  [1m[36mRule Exists? (2.9ms)[0m  [1m[34mSELECT 1 AS one FROM "rules" WHERE "rules"."request_type_id" = 'dbc4ad97-8696-4a00-9423-3d4df65dbd59' AND "rules"."grade" = 3 AND "rules"."deleted_at" IS NULL LIMIT 1 /*action='create',application='ApprovalEngine',controller='rules'*/[0m
  ↳ app/controllers/api/v1/rules_controller.rb:29:in 'Api::V1::RulesController#create'
  [1m[36mTRANSACTION (0.1ms)[0m  [1m[31mROLLBACK /*action='create',application='ApprovalEngine',controller='rules'*/[0m
  ↳ app/controllers/api/v1/rules_controller.rb:29:in 'Api::V1::RulesController#create'
Completed 422 Unprocessable Content in 11ms (Views: 0.2ms | ActiveRecord: 4.1ms (4 queries, 0 cached) | GC: 1.4ms)


Started POST "/api/v1/rules" for ::1 at 2026-02-09 10:25:53 +0530
Processing by Api::V1::RulesController#create as HTML
  Parameters: {"request_type_id" => "dbc4ad97-8696-4a00-9423-3d4df65dbd59", "grade" => 3, "definition" => 55, "rule" => {"definition" => 55, "grade" => 3, "request_type_id" => "dbc4ad97-8696-4a00-9423-3d4df65dbd59"}}
  [1m[36mUser Load (0.4ms)[0m  [1m[34mSELECT "users".* FROM "users" WHERE "users"."deleted_at" IS NULL AND "users"."id" = 'a8b58455-32ed-4b42-af48-3bb969d2c5b8' LIMIT 1 /*action='create',application='ApprovalEngine',controller='rules'*/[0m
  ↳ app/controllers/concerns/authenticatable.rb:20:in 'Authenticatable#authenticate_user'
  [1m[36mTenant Load (0.2ms)[0m  [1m[34mSELECT "tenants".* FROM "tenants" WHERE "tenants"."deleted_at" IS NULL AND "tenants"."id" = 'aa29ef8c-86bf-413d-9ea9-ed2c4360c3a5' LIMIT 1 /*action='create',application='ApprovalEngine',controller='rules'*/[0m
  ↳ app/controllers/api/v1/rules_controller.rb:20:in 'Api::V1::RulesController#create'
  [1m[36mRequestType Load (0.2ms)[0m  [1m[34mSELECT "request_types".* FROM "request_types" WHERE "request_types"."deleted_at" IS NULL AND "request_types"."tenant_id" = 'aa29ef8c-86bf-413d-9ea9-ed2c4360c3a5' AND "request_types"."id" = 'dbc4ad97-8696-4a00-9423-3d4df65dbd59' LIMIT 1 /*action='create',application='ApprovalEngine',controller='rules'*/[0m
  ↳ app/controllers/api/v1/rules_controller.rb:20:in 'Api::V1::RulesController#create'
  [1m[36mTRANSACTION (0.1ms)[0m  [1m[35mBEGIN /*action='create',application='ApprovalEngine',controller='rules'*/[0m
  ↳ app/controllers/api/v1/rules_controller.rb:29:in 'Api::V1::RulesController#create'
  [1m[36mRule Exists? (1.0ms)[0m  [1m[34mSELECT 1 AS one FROM "rules" WHERE "rules"."request_type_id" = 'dbc4ad97-8696-4a00-9423-3d4df65dbd59' AND "rules"."grade" = 3 AND "rules"."deleted_at" IS NULL LIMIT 1 /*action='create',application='ApprovalEngine',controller='rules'*/[0m
  ↳ app/controllers/api/v1/rules_controller.rb:29:in 'Api::V1::RulesController#create'
  [1m[36mTRANSACTION (0.1ms)[0m  [1m[31mROLLBACK /*action='create',application='ApprovalEngine',controller='rules'*/[0m
  ↳ app/controllers/api/v1/rules_controller.rb:29:in 'Api::V1::RulesController#create'
Completed 422 Unprocessable Content in 8ms (Views: 0.1ms | ActiveRecord: 1.9ms (4 queries, 0 cached) | GC: 0.9ms)


Started POST "/api/v1/rules" for ::1 at 2026-02-09 10:25:54 +0530
Processing by Api::V1::RulesController#create as HTML
  Parameters: {"request_type_id" => "dbc4ad97-8696-4a00-9423-3d4df65dbd59", "grade" => 3, "definition" => 55, "rule" => {"definition" => 55, "grade" => 3, "request_type_id" => "dbc4ad97-8696-4a00-9423-3d4df65dbd59"}}
  [1m[36mUser Load (0.3ms)[0m  [1m[34mSELECT "users".* FROM "users" WHERE "users"."deleted_at" IS NULL AND "users"."id" = 'a8b58455-32ed-4b42-af48-3bb969d2c5b8' LIMIT 1 /*action='create',application='ApprovalEngine',controller='rules'*/[0m
  ↳ app/controllers/concerns/authenticatable.rb:20:in 'Authenticatable#authenticate_user'
  [1m[36mTenant Load (0.3ms)[0m  [1m[34mSELECT "tenants".* FROM "tenants" WHERE "tenants"."deleted_at" IS NULL AND "tenants"."id" = 'aa29ef8c-86bf-413d-9ea9-ed2c4360c3a5' LIMIT 1 /*action='create',application='ApprovalEngine',controller='rules'*/[0m
  ↳ app/controllers/api/v1/rules_controller.rb:20:in 'Api::V1::RulesController#create'
  [1m[36mRequestType Load (0.2ms)[0m  [1m[34mSELECT "request_types".* FROM "request_types" WHERE "request_types"."deleted_at" IS NULL AND "request_types"."tenant_id" = 'aa29ef8c-86bf-413d-9ea9-ed2c4360c3a5' AND "request_types"."id" = 'dbc4ad97-8696-4a00-9423-3d4df65dbd59' LIMIT 1 /*action='create',application='ApprovalEngine',controller='rules'*/[0m
  ↳ app/controllers/api/v1/rules_controller.rb:20:in 'Api::V1::RulesController#create'
  [1m[36mTRANSACTION (0.1ms)[0m  [1m[35mBEGIN /*action='create',application='ApprovalEngine',controller='rules'*/[0m
  ↳ app/controllers/api/v1/rules_controller.rb:29:in 'Api::V1::RulesController#create'
  [1m[36mRule Exists? (0.9ms)[0m  [1m[34mSELECT 1 AS one FROM "rules" WHERE "rules"."request_type_id" = 'dbc4ad97-8696-4a00-9423-3d4df65dbd59' AND "rules"."grade" = 3 AND "rules"."deleted_at" IS NULL LIMIT 1 /*action='create',application='ApprovalEngine',controller='rules'*/[0m
  ↳ app/controllers/api/v1/rules_controller.rb:29:in 'Api::V1::RulesController#create'
  [1m[36mTRANSACTION (0.1ms)[0m  [1m[31mROLLBACK /*action='create',application='ApprovalEngine',controller='rules'*/[0m
  ↳ app/controllers/api/v1/rules_controller.rb:29:in 'Api::V1::RulesController#create'
Completed 422 Unprocessable Content in 8ms (Views: 0.1ms | ActiveRecord: 1.9ms (4 queries, 0 cached) | GC: 0.7ms)


Started GET "/api/v1/rules?page=1" for ::1 at 2026-02-09 10:25:58 +0530
Processing by Api::V1::RulesController#index as HTML
  Parameters: {"page" => "1"}
  [1m[36mUser Load (0.7ms)[0m  [1m[34mSELECT "users".* FROM "users" WHERE "users"."deleted_at" IS NULL AND "users"."id" = 'a8b58455-32ed-4b42-af48-3bb969d2c5b8' LIMIT 1 /*action='index',application='ApprovalEngine',controller='rules'*/[0m
  ↳ app/controllers/concerns/authenticatable.rb:20:in 'Authenticatable#authenticate_user'
  [1m[36mTenant Load (0.2ms)[0m  [1m[34mSELECT "tenants".* FROM "tenants" WHERE "tenants"."deleted_at" IS NULL AND "tenants"."id" = 'aa29ef8c-86bf-413d-9ea9-ed2c4360c3a5' LIMIT 1 /*action='index',application='ApprovalEngine',controller='rules'*/[0m
  ↳ app/controllers/api/v1/rules_controller.rb:6:in 'Api::V1::RulesController#index'
  [1m[36mRule Count (0.2ms)[0m  [1m[34mSELECT COUNT(*) FROM "rules" WHERE "rules"."deleted_at" IS NULL AND "rules"."tenant_id" = 'aa29ef8c-86bf-413d-9ea9-ed2c4360c3a5' /*action='index',application='ApprovalEngine',controller='rules'*/[0m
  ↳ app/controllers/api/v1/rules_controller.rb:7:in 'Api::V1::RulesController#index'
  [1m[36mRule Load (0.3ms)[0m  [1m[34mSELECT "rules".* FROM "rules" WHERE "rules"."deleted_at" IS NULL AND "rules"."tenant_id" = 'aa29ef8c-86bf-413d-9ea9-ed2c4360c3a5' LIMIT 10 OFFSET 0 /*action='index',application='ApprovalEngine',controller='rules'*/[0m
  ↳ app/controllers/api/v1/rules_controller.rb:13:in 'Api::V1::RulesController#index'
  [1m[36mRequestType Load (0.2ms)[0m  [1m[34mSELECT "request_types".* FROM "request_types" WHERE "request_types"."deleted_at" IS NULL AND "request_types"."id" IN ('dbc4ad97-8696-4a00-9423-3d4df65dbd59', '1f5dd956-b4d1-456e-a5ea-d3c63ebde7b8') /*action='index',application='ApprovalEngine',controller='rules'*/[0m
  ↳ app/controllers/api/v1/rules_controller.rb:13:in 'Api::V1::RulesController#index'
  [1m[36mUser Load (0.3ms)[0m  [1m[34mSELECT "users".* FROM "users" INNER JOIN "request_type_approvers" ON "users"."id" = "request_type_approvers"."user_id" WHERE "users"."deleted_at" IS NULL AND "request_type_approvers"."request_type_id" = 'dbc4ad97-8696-4a00-9423-3d4df65dbd59' /*action='index',application='ApprovalEngine',controller='rules'*/[0m
  ↳ app/controllers/api/v1/rules_controller.rb:13:in 'Api::V1::RulesController#index'
  [1m[36mUser Load (0.3ms)[0m  [1m[34mSELECT "users".* FROM "users" INNER JOIN "request_type_approvers" ON "users"."id" = "request_type_approvers"."user_id" WHERE "users"."deleted_at" IS NULL AND "request_type_approvers"."request_type_id" = '1f5dd956-b4d1-456e-a5ea-d3c63ebde7b8' /*action='index',application='ApprovalEngine',controller='rules'*/[0m
  ↳ app/controllers/api/v1/rules_controller.rb:13:in 'Api::V1::RulesController#index'
Completed 200 OK in 14ms (Views: 0.1ms | ActiveRecord: 2.2ms (7 queries, 0 cached) | GC: 1.1ms)


Started GET "/api/v1/request_types?page=1" for ::1 at 2026-02-09 10:27:38 +0530
Processing by Api::V1::RequestTypesController#index as HTML
  Parameters: {"page" => "1"}
  [1m[36mUser Load (0.4ms)[0m  [1m[34mSELECT "users".* FROM "users" WHERE "users"."deleted_at" IS NULL AND "users"."id" = 'a8b58455-32ed-4b42-af48-3bb969d2c5b8' LIMIT 1 /*action='index',application='ApprovalEngine',controller='request_types'*/[0m
  ↳ app/controllers/concerns/authenticatable.rb:20:in 'Authenticatable#authenticate_user'
  [1m[36mTenant Load (0.2ms)[0m  [1m[34mSELECT "tenants".* FROM "tenants" WHERE "tenants"."deleted_at" IS NULL AND "tenants"."id" = 'aa29ef8c-86bf-413d-9ea9-ed2c4360c3a5' LIMIT 1 /*action='index',application='ApprovalEngine',controller='request_types'*/[0m
  ↳ app/controllers/api/v1/request_types_controller.rb:6:in 'Api::V1::RequestTypesController#index'
  [1m[36mRequestType Count (0.2ms)[0m  [1m[34mSELECT COUNT(*) FROM "request_types" WHERE "request_types"."deleted_at" IS NULL AND "request_types"."tenant_id" = 'aa29ef8c-86bf-413d-9ea9-ed2c4360c3a5' /*action='index',application='ApprovalEngine',controller='request_types'*/[0m
  ↳ app/controllers/api/v1/request_types_controller.rb:7:in 'Api::V1::RequestTypesController#index'
  [1m[36mRequestType Load (0.2ms)[0m  [1m[34mSELECT "request_types".* FROM "request_types" WHERE "request_types"."deleted_at" IS NULL AND "request_types"."tenant_id" = 'aa29ef8c-86bf-413d-9ea9-ed2c4360c3a5' LIMIT 10 OFFSET 0 /*action='index',application='ApprovalEngine',controller='request_types'*/[0m
  ↳ app/controllers/api/v1/request_types_controller.rb:13:in 'Api::V1::RequestTypesController#index'
  [1m[36mRequestTypeApprover Load (0.2ms)[0m  [1m[34mSELECT "request_type_approvers".* FROM "request_type_approvers" WHERE "request_type_approvers"."request_type_id" IN ('dbc4ad97-8696-4a00-9423-3d4df65dbd59', '1f5dd956-b4d1-456e-a5ea-d3c63ebde7b8') /*action='index',application='ApprovalEngine',controller='request_types'*/[0m
  ↳ app/controllers/api/v1/request_types_controller.rb:13:in 'Api::V1::RequestTypesController#index'
  [1m[36mUser Load (0.6ms)[0m  [1m[34mSELECT "users".* FROM "users" WHERE "users"."deleted_at" IS NULL AND "users"."id" IN ('24c0e984-3d03-44c6-bdb3-9e397ba9d8c2', '37ec41c9-c494-4128-bb94-07c2b87ad9e6') /*action='index',application='ApprovalEngine',controller='request_types'*/[0m
  ↳ app/controllers/api/v1/request_types_controller.rb:13:in 'Api::V1::RequestTypesController#index'
Completed 200 OK in 11ms (Views: 0.2ms | ActiveRecord: 1.7ms (6 queries, 0 cached) | GC: 1.4ms)


Started POST "/api/v1/rules" for ::1 at 2026-02-09 10:27:45 +0530
Processing by Api::V1::RulesController#create as HTML
  Parameters: {"request_type_id" => "dbc4ad97-8696-4a00-9423-3d4df65dbd59", "grade" => 3, "definition" => 55, "rule" => {"definition" => 55, "grade" => 3, "request_type_id" => "dbc4ad97-8696-4a00-9423-3d4df65dbd59"}}
  [1m[36mUser Load (0.7ms)[0m  [1m[34mSELECT "users".* FROM "users" WHERE "users"."deleted_at" IS NULL AND "users"."id" = 'a8b58455-32ed-4b42-af48-3bb969d2c5b8' LIMIT 1 /*action='create',application='ApprovalEngine',controller='rules'*/[0m
  ↳ app/controllers/concerns/authenticatable.rb:20:in 'Authenticatable#authenticate_user'
  [1m[36mTenant Load (0.2ms)[0m  [1m[34mSELECT "tenants".* FROM "tenants" WHERE "tenants"."deleted_at" IS NULL AND "tenants"."id" = 'aa29ef8c-86bf-413d-9ea9-ed2c4360c3a5' LIMIT 1 /*action='create',application='ApprovalEngine',controller='rules'*/[0m
  ↳ app/controllers/api/v1/rules_controller.rb:20:in 'Api::V1::RulesController#create'
  [1m[36mRequestType Load (0.2ms)[0m  [1m[34mSELECT "request_types".* FROM "request_types" WHERE "request_types"."deleted_at" IS NULL AND "request_types"."tenant_id" = 'aa29ef8c-86bf-413d-9ea9-ed2c4360c3a5' AND "request_types"."id" = 'dbc4ad97-8696-4a00-9423-3d4df65dbd59' LIMIT 1 /*action='create',application='ApprovalEngine',controller='rules'*/[0m
  ↳ app/controllers/api/v1/rules_controller.rb:20:in 'Api::V1::RulesController#create'
  [1m[36mTRANSACTION (0.1ms)[0m  [1m[35mBEGIN /*action='create',application='ApprovalEngine',controller='rules'*/[0m
  ↳ app/controllers/api/v1/rules_controller.rb:29:in 'Api::V1::RulesController#create'
  [1m[36mRule Exists? (0.9ms)[0m  [1m[34mSELECT 1 AS one FROM "rules" WHERE "rules"."request_type_id" = 'dbc4ad97-8696-4a00-9423-3d4df65dbd59' AND "rules"."grade" = 3 AND "rules"."deleted_at" IS NULL LIMIT 1 /*action='create',application='ApprovalEngine',controller='rules'*/[0m
  ↳ app/controllers/api/v1/rules_controller.rb:29:in 'Api::V1::RulesController#create'
  [1m[36mTRANSACTION (0.1ms)[0m  [1m[31mROLLBACK /*action='create',application='ApprovalEngine',controller='rules'*/[0m
  ↳ app/controllers/api/v1/rules_controller.rb:29:in 'Api::V1::RulesController#create'
Completed 422 Unprocessable Content in 8ms (Views: 0.1ms | ActiveRecord: 2.2ms (4 queries, 0 cached) | GC: 1.1ms)


Started GET "/api/v1/rules?page=1" for ::1 at 2026-02-09 10:27:54 +0530
Processing by Api::V1::RulesController#index as HTML
  Parameters: {"page" => "1"}
  [1m[36mUser Load (0.4ms)[0m  [1m[34mSELECT "users".* FROM "users" WHERE "users"."deleted_at" IS NULL AND "users"."id" = 'a8b58455-32ed-4b42-af48-3bb969d2c5b8' LIMIT 1 /*action='index',application='ApprovalEngine',controller='rules'*/[0m
  ↳ app/controllers/concerns/authenticatable.rb:20:in 'Authenticatable#authenticate_user'
  [1m[36mTenant Load (0.3ms)[0m  [1m[34mSELECT "tenants".* FROM "tenants" WHERE "tenants"."deleted_at" IS NULL AND "tenants"."id" = 'aa29ef8c-86bf-413d-9ea9-ed2c4360c3a5' LIMIT 1 /*action='index',application='ApprovalEngine',controller='rules'*/[0m
  ↳ app/controllers/api/v1/rules_controller.rb:6:in 'Api::V1::RulesController#index'
  [1m[36mRule Count (0.4ms)[0m  [1m[34mSELECT COUNT(*) FROM "rules" WHERE "rules"."deleted_at" IS NULL AND "rules"."tenant_id" = 'aa29ef8c-86bf-413d-9ea9-ed2c4360c3a5' /*action='index',application='ApprovalEngine',controller='rules'*/[0m
  ↳ app/controllers/api/v1/rules_controller.rb:7:in 'Api::V1::RulesController#index'
  [1m[36mRule Load (0.3ms)[0m  [1m[34mSELECT "rules".* FROM "rules" WHERE "rules"."deleted_at" IS NULL AND "rules"."tenant_id" = 'aa29ef8c-86bf-413d-9ea9-ed2c4360c3a5' LIMIT 10 OFFSET 0 /*action='index',application='ApprovalEngine',controller='rules'*/[0m
  ↳ app/controllers/api/v1/rules_controller.rb:13:in 'Api::V1::RulesController#index'
  [1m[36mRequestType Load (0.2ms)[0m  [1m[34mSELECT "request_types".* FROM "request_types" WHERE "request_types"."deleted_at" IS NULL AND "request_types"."id" IN ('dbc4ad97-8696-4a00-9423-3d4df65dbd59', '1f5dd956-b4d1-456e-a5ea-d3c63ebde7b8') /*action='index',application='ApprovalEngine',controller='rules'*/[0m
  ↳ app/controllers/api/v1/rules_controller.rb:13:in 'Api::V1::RulesController#index'
  [1m[36mUser Load (0.5ms)[0m  [1m[34mSELECT "users".* FROM "users" INNER JOIN "request_type_approvers" ON "users"."id" = "request_type_approvers"."user_id" WHERE "users"."deleted_at" IS NULL AND "request_type_approvers"."request_type_id" = 'dbc4ad97-8696-4a00-9423-3d4df65dbd59' /*action='index',application='ApprovalEngine',controller='rules'*/[0m
  ↳ app/controllers/api/v1/rules_controller.rb:13:in 'Api::V1::RulesController#index'
  [1m[36mUser Load (0.7ms)[0m  [1m[34mSELECT "users".* FROM "users" INNER JOIN "request_type_approvers" ON "users"."id" = "request_type_approvers"."user_id" WHERE "users"."deleted_at" IS NULL AND "request_type_approvers"."request_type_id" = '1f5dd956-b4d1-456e-a5ea-d3c63ebde7b8' /*action='index',application='ApprovalEngine',controller='rules'*/[0m
  ↳ app/controllers/api/v1/rules_controller.rb:13:in 'Api::V1::RulesController#index'
Completed 200 OK in 13ms (Views: 0.2ms | ActiveRecord: 2.7ms (7 queries, 0 cached) | GC: 0.4ms)


Started GET "/api/v1/request_types?page=1" for ::1 at 2026-02-09 10:27:55 +0530
Processing by Api::V1::RequestTypesController#index as HTML
  Parameters: {"page" => "1"}
  [1m[36mUser Load (0.4ms)[0m  [1m[34mSELECT "users".* FROM "users" WHERE "users"."deleted_at" IS NULL AND "users"."id" = 'a8b58455-32ed-4b42-af48-3bb969d2c5b8' LIMIT 1 /*action='index',application='ApprovalEngine',controller='request_types'*/[0m
  ↳ app/controllers/concerns/authenticatable.rb:20:in 'Authenticatable#authenticate_user'
  [1m[36mTenant Load (0.3ms)[0m  [1m[34mSELECT "tenants".* FROM "tenants" WHERE "tenants"."deleted_at" IS NULL AND "tenants"."id" = 'aa29ef8c-86bf-413d-9ea9-ed2c4360c3a5' LIMIT 1 /*action='index',application='ApprovalEngine',controller='request_types'*/[0m
  ↳ app/controllers/api/v1/request_types_controller.rb:6:in 'Api::V1::RequestTypesController#index'
  [1m[36mRequestType Count (0.2ms)[0m  [1m[34mSELECT COUNT(*) FROM "request_types" WHERE "request_types"."deleted_at" IS NULL AND "request_types"."tenant_id" = 'aa29ef8c-86bf-413d-9ea9-ed2c4360c3a5' /*action='index',application='ApprovalEngine',controller='request_types'*/[0m
  ↳ app/controllers/api/v1/request_types_controller.rb:7:in 'Api::V1::RequestTypesController#index'
  [1m[36mRequestType Load (0.2ms)[0m  [1m[34mSELECT "request_types".* FROM "request_types" WHERE "request_types"."deleted_at" IS NULL AND "request_types"."tenant_id" = 'aa29ef8c-86bf-413d-9ea9-ed2c4360c3a5' LIMIT 10 OFFSET 0 /*action='index',application='ApprovalEngine',controller='request_types'*/[0m
  ↳ app/controllers/api/v1/request_types_controller.rb:13:in 'Api::V1::RequestTypesController#index'
  [1m[36mRequestTypeApprover Load (0.2ms)[0m  [1m[34mSELECT "request_type_approvers".* FROM "request_type_approvers" WHERE "request_type_approvers"."request_type_id" IN ('dbc4ad97-8696-4a00-9423-3d4df65dbd59', '1f5dd956-b4d1-456e-a5ea-d3c63ebde7b8') /*action='index',application='ApprovalEngine',controller='request_types'*/[0m
  ↳ app/controllers/api/v1/request_types_controller.rb:13:in 'Api::V1::RequestTypesController#index'
  [1m[36mUser Load (0.2ms)[0m  [1m[34mSELECT "users".* FROM "users" WHERE "users"."deleted_at" IS NULL AND "users"."id" IN ('24c0e984-3d03-44c6-bdb3-9e397ba9d8c2', '37ec41c9-c494-4128-bb94-07c2b87ad9e6') /*action='index',application='ApprovalEngine',controller='request_types'*/[0m
  ↳ app/controllers/api/v1/request_types_controller.rb:13:in 'Api::V1::RequestTypesController#index'
Completed 200 OK in 8ms (Views: 0.2ms | ActiveRecord: 1.5ms (6 queries, 0 cached) | GC: 0.5ms)


Started POST "/api/v1/rules" for ::1 at 2026-02-09 10:28:02 +0530
Processing by Api::V1::RulesController#create as HTML
  Parameters: {"request_type_id" => "dbc4ad97-8696-4a00-9423-3d4df65dbd59", "grade" => 2, "definition" => 55, "rule" => {"definition" => 55, "grade" => 2, "request_type_id" => "dbc4ad97-8696-4a00-9423-3d4df65dbd59"}}
  [1m[36mUser Load (0.4ms)[0m  [1m[34mSELECT "users".* FROM "users" WHERE "users"."deleted_at" IS NULL AND "users"."id" = 'a8b58455-32ed-4b42-af48-3bb969d2c5b8' LIMIT 1 /*action='create',application='ApprovalEngine',controller='rules'*/[0m
  ↳ app/controllers/concerns/authenticatable.rb:20:in 'Authenticatable#authenticate_user'
  [1m[36mTenant Load (0.2ms)[0m  [1m[34mSELECT "tenants".* FROM "tenants" WHERE "tenants"."deleted_at" IS NULL AND "tenants"."id" = 'aa29ef8c-86bf-413d-9ea9-ed2c4360c3a5' LIMIT 1 /*action='create',application='ApprovalEngine',controller='rules'*/[0m
  ↳ app/controllers/api/v1/rules_controller.rb:20:in 'Api::V1::RulesController#create'
  [1m[36mRequestType Load (0.2ms)[0m  [1m[34mSELECT "request_types".* FROM "request_types" WHERE "request_types"."deleted_at" IS NULL AND "request_types"."tenant_id" = 'aa29ef8c-86bf-413d-9ea9-ed2c4360c3a5' AND "request_types"."id" = 'dbc4ad97-8696-4a00-9423-3d4df65dbd59' LIMIT 1 /*action='create',application='ApprovalEngine',controller='rules'*/[0m
  ↳ app/controllers/api/v1/rules_controller.rb:20:in 'Api::V1::RulesController#create'
  [1m[36mTRANSACTION (0.2ms)[0m  [1m[35mBEGIN /*action='create',application='ApprovalEngine',controller='rules'*/[0m
  ↳ app/controllers/api/v1/rules_controller.rb:29:in 'Api::V1::RulesController#create'
  [1m[36mRule Exists? (1.4ms)[0m  [1m[34mSELECT 1 AS one FROM "rules" WHERE "rules"."request_type_id" = 'dbc4ad97-8696-4a00-9423-3d4df65dbd59' AND "rules"."grade" = 2 AND "rules"."deleted_at" IS NULL LIMIT 1 /*action='create',application='ApprovalEngine',controller='rules'*/[0m
  ↳ app/controllers/api/v1/rules_controller.rb:29:in 'Api::V1::RulesController#create'
  [1m[36mTRANSACTION (0.2ms)[0m  [1m[31mROLLBACK /*action='create',application='ApprovalEngine',controller='rules'*/[0m
  ↳ app/controllers/api/v1/rules_controller.rb:29:in 'Api::V1::RulesController#create'
Completed 422 Unprocessable Content in 11ms (Views: 0.1ms | ActiveRecord: 2.5ms (4 queries, 0 cached) | GC: 1.9ms)


Started POST "/api/v1/rules" for ::1 at 2026-02-09 10:29:10 +0530
Processing by Api::V1::RulesController#create as HTML
  Parameters: {"request_type_id" => "dbc4ad97-8696-4a00-9423-3d4df65dbd59", "grade" => 2, "definition" => 55, "rule" => {"definition" => 55, "grade" => 2, "request_type_id" => "dbc4ad97-8696-4a00-9423-3d4df65dbd59"}}
  [1m[36mUser Load (0.6ms)[0m  [1m[34mSELECT "users".* FROM "users" WHERE "users"."deleted_at" IS NULL AND "users"."id" = 'a8b58455-32ed-4b42-af48-3bb969d2c5b8' LIMIT 1 /*action='create',application='ApprovalEngine',controller='rules'*/[0m
  ↳ app/controllers/concerns/authenticatable.rb:20:in 'Authenticatable#authenticate_user'
  [1m[36mTenant Load (0.3ms)[0m  [1m[34mSELECT "tenants".* FROM "tenants" WHERE "tenants"."deleted_at" IS NULL AND "tenants"."id" = 'aa29ef8c-86bf-413d-9ea9-ed2c4360c3a5' LIMIT 1 /*action='create',application='ApprovalEngine',controller='rules'*/[0m
  ↳ app/controllers/api/v1/rules_controller.rb:20:in 'Api::V1::RulesController#create'
  [1m[36mRequestType Load (0.3ms)[0m  [1m[34mSELECT "request_types".* FROM "request_types" WHERE "request_types"."deleted_at" IS NULL AND "request_types"."tenant_id" = 'aa29ef8c-86bf-413d-9ea9-ed2c4360c3a5' AND "request_types"."id" = 'dbc4ad97-8696-4a00-9423-3d4df65dbd59' LIMIT 1 /*action='create',application='ApprovalEngine',controller='rules'*/[0m
  ↳ app/controllers/api/v1/rules_controller.rb:20:in 'Api::V1::RulesController#create'
  [1m[36mTRANSACTION (0.2ms)[0m  [1m[35mBEGIN /*action='create',application='ApprovalEngine',controller='rules'*/[0m
  ↳ app/controllers/api/v1/rules_controller.rb:29:in 'Api::V1::RulesController#create'
  [1m[36mRule Exists? (1.4ms)[0m  [1m[34mSELECT 1 AS one FROM "rules" WHERE "rules"."request_type_id" = 'dbc4ad97-8696-4a00-9423-3d4df65dbd59' AND "rules"."grade" = 2 AND "rules"."deleted_at" IS NULL LIMIT 1 /*action='create',application='ApprovalEngine',controller='rules'*/[0m
  ↳ app/controllers/api/v1/rules_controller.rb:29:in 'Api::V1::RulesController#create'
  [1m[36mTRANSACTION (0.1ms)[0m  [1m[31mROLLBACK /*action='create',application='ApprovalEngine',controller='rules'*/[0m
  ↳ app/controllers/api/v1/rules_controller.rb:29:in 'Api::V1::RulesController#create'
Completed 422 Unprocessable Content in 11ms (Views: 0.2ms | ActiveRecord: 2.8ms (4 queries, 0 cached) | GC: 0.0ms)


Started GET "/api/v1/request_types?page=1" for ::1 at 2026-02-09 10:29:17 +0530
Processing by Api::V1::RequestTypesController#index as HTML
  Parameters: {"page" => "1"}
  [1m[36mUser Load (0.5ms)[0m  [1m[34mSELECT "users".* FROM "users" WHERE "users"."deleted_at" IS NULL AND "users"."id" = 'a8b58455-32ed-4b42-af48-3bb969d2c5b8' LIMIT 1 /*action='index',application='ApprovalEngine',controller='request_types'*/[0m
  ↳ app/controllers/concerns/authenticatable.rb:20:in 'Authenticatable#authenticate_user'
  [1m[36mTenant Load (0.5ms)[0m  [1m[34mSELECT "tenants".* FROM "tenants" WHERE "tenants"."deleted_at" IS NULL AND "tenants"."id" = 'aa29ef8c-86bf-413d-9ea9-ed2c4360c3a5' LIMIT 1 /*action='index',application='ApprovalEngine',controller='request_types'*/[0m
  ↳ app/controllers/api/v1/request_types_controller.rb:6:in 'Api::V1::RequestTypesController#index'
  [1m[36mRequestType Count (1.1ms)[0m  [1m[34mSELECT COUNT(*) FROM "request_types" WHERE "request_types"."deleted_at" IS NULL AND "request_types"."tenant_id" = 'aa29ef8c-86bf-413d-9ea9-ed2c4360c3a5' /*action='index',application='ApprovalEngine',controller='request_types'*/[0m
  ↳ app/controllers/api/v1/request_types_controller.rb:7:in 'Api::V1::RequestTypesController#index'
  [1m[36mRequestType Load (0.4ms)[0m  [1m[34mSELECT "request_types".* FROM "request_types" WHERE "request_types"."deleted_at" IS NULL AND "request_types"."tenant_id" = 'aa29ef8c-86bf-413d-9ea9-ed2c4360c3a5' LIMIT 10 OFFSET 0 /*action='index',application='ApprovalEngine',controller='request_types'*/[0m
  ↳ app/controllers/api/v1/request_types_controller.rb:13:in 'Api::V1::RequestTypesController#index'
  [1m[36mRequestTypeApprover Load (0.4ms)[0m  [1m[34mSELECT "request_type_approvers".* FROM "request_type_approvers" WHERE "request_type_approvers"."request_type_id" IN ('dbc4ad97-8696-4a00-9423-3d4df65dbd59', '1f5dd956-b4d1-456e-a5ea-d3c63ebde7b8') /*action='index',application='ApprovalEngine',controller='request_types'*/[0m
  ↳ app/controllers/api/v1/request_types_controller.rb:13:in 'Api::V1::RequestTypesController#index'
  [1m[36mUser Load (0.3ms)[0m  [1m[34mSELECT "users".* FROM "users" WHERE "users"."deleted_at" IS NULL AND "users"."id" IN ('24c0e984-3d03-44c6-bdb3-9e397ba9d8c2', '37ec41c9-c494-4128-bb94-07c2b87ad9e6') /*action='index',application='ApprovalEngine',controller='request_types'*/[0m
  ↳ app/controllers/api/v1/request_types_controller.rb:13:in 'Api::V1::RequestTypesController#index'
Completed 200 OK in 14ms (Views: 0.2ms | ActiveRecord: 3.1ms (6 queries, 0 cached) | GC: 0.0ms)


Started GET "/api/v1/rules?page=1" for ::1 at 2026-02-09 10:29:19 +0530
Processing by Api::V1::RulesController#index as HTML
  Parameters: {"page" => "1"}
  [1m[36mUser Load (0.4ms)[0m  [1m[34mSELECT "users".* FROM "users" WHERE "users"."deleted_at" IS NULL AND "users"."id" = 'a8b58455-32ed-4b42-af48-3bb969d2c5b8' LIMIT 1 /*action='index',application='ApprovalEngine',controller='rules'*/[0m
  ↳ app/controllers/concerns/authenticatable.rb:20:in 'Authenticatable#authenticate_user'
  [1m[36mTenant Load (0.3ms)[0m  [1m[34mSELECT "tenants".* FROM "tenants" WHERE "tenants"."deleted_at" IS NULL AND "tenants"."id" = 'aa29ef8c-86bf-413d-9ea9-ed2c4360c3a5' LIMIT 1 /*action='index',application='ApprovalEngine',controller='rules'*/[0m
  ↳ app/controllers/api/v1/rules_controller.rb:6:in 'Api::V1::RulesController#index'
  [1m[36mRule Count (0.3ms)[0m  [1m[34mSELECT COUNT(*) FROM "rules" WHERE "rules"."deleted_at" IS NULL AND "rules"."tenant_id" = 'aa29ef8c-86bf-413d-9ea9-ed2c4360c3a5' /*action='index',application='ApprovalEngine',controller='rules'*/[0m
  ↳ app/controllers/api/v1/rules_controller.rb:7:in 'Api::V1::RulesController#index'
  [1m[36mRule Load (0.2ms)[0m  [1m[34mSELECT "rules".* FROM "rules" WHERE "rules"."deleted_at" IS NULL AND "rules"."tenant_id" = 'aa29ef8c-86bf-413d-9ea9-ed2c4360c3a5' LIMIT 10 OFFSET 0 /*action='index',application='ApprovalEngine',controller='rules'*/[0m
  ↳ app/controllers/api/v1/rules_controller.rb:13:in 'Api::V1::RulesController#index'
  [1m[36mRequestType Load (0.2ms)[0m  [1m[34mSELECT "request_types".* FROM "request_types" WHERE "request_types"."deleted_at" IS NULL AND "request_types"."id" IN ('dbc4ad97-8696-4a00-9423-3d4df65dbd59', '1f5dd956-b4d1-456e-a5ea-d3c63ebde7b8') /*action='index',application='ApprovalEngine',controller='rules'*/[0m
  ↳ app/controllers/api/v1/rules_controller.rb:13:in 'Api::V1::RulesController#index'
  [1m[36mUser Load (0.3ms)[0m  [1m[34mSELECT "users".* FROM "users" INNER JOIN "request_type_approvers" ON "users"."id" = "request_type_approvers"."user_id" WHERE "users"."deleted_at" IS NULL AND "request_type_approvers"."request_type_id" = 'dbc4ad97-8696-4a00-9423-3d4df65dbd59' /*action='index',application='ApprovalEngine',controller='rules'*/[0m
  ↳ app/controllers/api/v1/rules_controller.rb:13:in 'Api::V1::RulesController#index'
  [1m[36mUser Load (0.3ms)[0m  [1m[34mSELECT "users".* FROM "users" INNER JOIN "request_type_approvers" ON "users"."id" = "request_type_approvers"."user_id" WHERE "users"."deleted_at" IS NULL AND "request_type_approvers"."request_type_id" = '1f5dd956-b4d1-456e-a5ea-d3c63ebde7b8' /*action='index',application='ApprovalEngine',controller='rules'*/[0m
  ↳ app/controllers/api/v1/rules_controller.rb:13:in 'Api::V1::RulesController#index'
Completed 200 OK in 10ms (Views: 0.1ms | ActiveRecord: 2.1ms (7 queries, 0 cached) | GC: 0.0ms)


Started GET "/api/v1/users?page=1" for ::1 at 2026-02-09 10:29:25 +0530
Processing by Api::V1::UsersController#index as HTML
  Parameters: {"page" => "1"}
  [1m[36mUser Load (0.5ms)[0m  [1m[34mSELECT "users".* FROM "users" WHERE "users"."deleted_at" IS NULL AND "users"."id" = 'a8b58455-32ed-4b42-af48-3bb969d2c5b8' LIMIT 1 /*action='index',application='ApprovalEngine',controller='users'*/[0m
  ↳ app/controllers/concerns/authenticatable.rb:20:in 'Authenticatable#authenticate_user'
  [1m[36mTenant Load (0.3ms)[0m  [1m[34mSELECT "tenants".* FROM "tenants" WHERE "tenants"."deleted_at" IS NULL AND "tenants"."id" = 'aa29ef8c-86bf-413d-9ea9-ed2c4360c3a5' LIMIT 1 /*action='index',application='ApprovalEngine',controller='users'*/[0m
  ↳ app/controllers/api/v1/users_controller.rb:7:in 'Api::V1::UsersController#index'
  [1m[36mUser Count (0.4ms)[0m  [1m[34mSELECT COUNT(*) FROM "users" WHERE "users"."deleted_at" IS NULL AND "users"."tenant_id" = 'aa29ef8c-86bf-413d-9ea9-ed2c4360c3a5' /*action='index',application='ApprovalEngine',controller='users'*/[0m
  ↳ app/controllers/api/v1/users_controller.rb:9:in 'Api::V1::UsersController#index'
  [1m[36mUser Load (0.2ms)[0m  [1m[34mSELECT "users".* FROM "users" WHERE "users"."deleted_at" IS NULL AND "users"."tenant_id" = 'aa29ef8c-86bf-413d-9ea9-ed2c4360c3a5' LIMIT 10 OFFSET 0 /*action='index',application='ApprovalEngine',controller='users'*/[0m
  ↳ app/controllers/api/v1/users_controller.rb:15:in 'Api::V1::UsersController#index'
Completed 200 OK in 7ms (Views: 0.1ms | ActiveRecord: 1.3ms (4 queries, 0 cached) | GC: 0.0ms)


Started POST "/api/v1/request_types" for ::1 at 2026-02-09 10:29:31 +0530
Processing by Api::V1::RequestTypesController#create as HTML
  Parameters: {"name" => "expense", "approver_ids" => ["37ec41c9-c494-4128-bb94-07c2b87ad9e6"], "request_type" => {"name" => "expense"}}
  [1m[36mUser Load (0.4ms)[0m  [1m[34mSELECT "users".* FROM "users" WHERE "users"."deleted_at" IS NULL AND "users"."id" = 'a8b58455-32ed-4b42-af48-3bb969d2c5b8' LIMIT 1 /*action='create',application='ApprovalEngine',controller='request_types'*/[0m
  ↳ app/controllers/concerns/authenticatable.rb:20:in 'Authenticatable#authenticate_user'
  [1m[36mTenant Load (0.2ms)[0m  [1m[34mSELECT "tenants".* FROM "tenants" WHERE "tenants"."deleted_at" IS NULL AND "tenants"."id" = 'aa29ef8c-86bf-413d-9ea9-ed2c4360c3a5' LIMIT 1 /*action='create',application='ApprovalEngine',controller='request_types'*/[0m
  ↳ app/controllers/api/v1/request_types_controller.rb:21:in 'Api::V1::RequestTypesController#create'
  [1m[36mRequestType Load (0.3ms)[0m  [1m[34mSELECT "request_types".* FROM "request_types" WHERE "request_types"."deleted_at" IS NULL AND "request_types"."tenant_id" = 'aa29ef8c-86bf-413d-9ea9-ed2c4360c3a5' AND "request_types"."name" = 'expense' LIMIT 1 /*action='create',application='ApprovalEngine',controller='request_types'*/[0m
  ↳ app/controllers/api/v1/request_types_controller.rb:21:in 'Api::V1::RequestTypesController#create'
Completed 409 Conflict in 4ms (Views: 0.1ms | ActiveRecord: 0.8ms (3 queries, 0 cached) | GC: 0.0ms)


Started GET "/api/v1/admin/reports/summary" for ::1 at 2026-02-09 10:29:38 +0530
Started GET "/api/v1/requests?page=1" for ::1 at 2026-02-09 10:29:38 +0530
Processing by Api::V1::Admin::ReportsController#summary as HTML
Processing by Api::V1::RequestsController#index as HTML
  Parameters: {"page" => "1"}
  [1m[36mUser Load (0.8ms)[0m  [1m[34mSELECT "users".* FROM "users" WHERE "users"."deleted_at" IS NULL AND "users"."id" = 'a8b58455-32ed-4b42-af48-3bb969d2c5b8' LIMIT 1 /*action='summary',application='ApprovalEngine',controller='reports'*/[0m
  ↳ app/controllers/concerns/authenticatable.rb:20:in 'Authenticatable#authenticate_user'
  [1m[36mUser Load (1.1ms)[0m  [1m[34mSELECT "users".* FROM "users" WHERE "users"."deleted_at" IS NULL AND "users"."id" = 'a8b58455-32ed-4b42-af48-3bb969d2c5b8' LIMIT 1 /*action='index',application='ApprovalEngine',controller='requests'*/[0m
  ↳ app/controllers/concerns/authenticatable.rb:20:in 'Authenticatable#authenticate_user'
  [1m[36mTenant Load (0.7ms)[0m  [1m[34mSELECT "tenants".* FROM "tenants" WHERE "tenants"."deleted_at" IS NULL AND "tenants"."id" = 'aa29ef8c-86bf-413d-9ea9-ed2c4360c3a5' LIMIT 1 /*action='summary',application='ApprovalEngine',controller='reports'*/[0m
  ↳ app/controllers/api/v1/admin/reports_controller.rb:8:in 'Api::V1::Admin::ReportsController#summary'
  [1m[36mTenant Load (0.7ms)[0m  [1m[34mSELECT "tenants".* FROM "tenants" WHERE "tenants"."deleted_at" IS NULL AND "tenants"."id" = 'aa29ef8c-86bf-413d-9ea9-ed2c4360c3a5' LIMIT 1 /*action='index',application='ApprovalEngine',controller='requests'*/[0m
  ↳ app/controllers/api/v1/requests_controller.rb:9:in 'Api::V1::RequestsController#index'
  [1m[36mRequest Count (0.7ms)[0m  [1m[34mSELECT COUNT(*) FROM "requests" WHERE "requests"."tenant_id" = 'aa29ef8c-86bf-413d-9ea9-ed2c4360c3a5' /*action='summary',application='ApprovalEngine',controller='reports'*/[0m
  ↳ app/controllers/api/v1/admin/reports_controller.rb:22:in 'Api::V1::Admin::ReportsController#total_requests'
  [1m[36mRequest Count (0.6ms)[0m  [1m[34mSELECT COUNT(*) FROM "requests" WHERE "requests"."tenant_id" = 'aa29ef8c-86bf-413d-9ea9-ed2c4360c3a5' /*action='index',application='ApprovalEngine',controller='requests'*/[0m
  ↳ app/controllers/api/v1/requests_controller.rb:16:in 'Api::V1::RequestsController#index'
  [1m[36mRequest Count (0.5ms)[0m  [1m[34mSELECT COUNT(*) AS "count_all", "requests"."status" AS "requests_status" FROM "requests" WHERE "requests"."tenant_id" = 'aa29ef8c-86bf-413d-9ea9-ed2c4360c3a5' GROUP BY "requests"."status" /*action='summary',application='ApprovalEngine',controller='reports'*/[0m
  ↳ app/controllers/api/v1/admin/reports_controller.rb:26:in 'Api::V1::Admin::ReportsController#status_breakdown'
  [1m[36mRequest Load (0.8ms)[0m  [1m[34mSELECT "requests".* FROM "requests" WHERE "requests"."tenant_id" = 'aa29ef8c-86bf-413d-9ea9-ed2c4360c3a5' LIMIT 10 OFFSET 0 /*action='index',application='ApprovalEngine',controller='requests'*/[0m
  ↳ app/controllers/api/v1/requests_controller.rb:22:in 'Api::V1::RequestsController#index'
  [1m[36mRequest Count (0.3ms)[0m  [1m[34mSELECT COUNT(*) AS "count_all", "request_types"."name" AS "request_types_name" FROM "requests" INNER JOIN "request_types" ON "request_types"."deleted_at" IS NULL AND "request_types"."id" = "requests"."request_type_id" WHERE "requests"."tenant_id" = 'aa29ef8c-86bf-413d-9ea9-ed2c4360c3a5' GROUP BY "request_types"."name" /*action='summary',application='ApprovalEngine',controller='reports'*/[0m
  ↳ app/controllers/api/v1/admin/reports_controller.rb:33:in 'Api::V1::Admin::ReportsController#request_type_breakdown'
  [1m[36mUser Load (0.7ms)[0m  [1m[34mSELECT "users".* FROM "users" WHERE "users"."deleted_at" IS NULL AND "users"."id" IN ('fe43d2ce-b8cd-4d8e-b6ed-2bd799945724', '37ec41c9-c494-4128-bb94-07c2b87ad9e6', '24c0e984-3d03-44c6-bdb3-9e397ba9d8c2') /*action='index',application='ApprovalEngine',controller='requests'*/[0m
  ↳ app/controllers/api/v1/requests_controller.rb:22:in 'Api::V1::RequestsController#index'
  [1m[36mApproval Count (0.9ms)[0m  [1m[34mSELECT COUNT(*) AS "count_all", "approvals"."action" AS "approvals_action" FROM "approvals" WHERE "approvals"."tenant_id" = 'aa29ef8c-86bf-413d-9ea9-ed2c4360c3a5' GROUP BY "approvals"."action" /*action='summary',application='ApprovalEngine',controller='reports'*/[0m
  ↳ app/controllers/api/v1/admin/reports_controller.rb:37:in 'Api::V1::Admin::ReportsController#decision_breakdown'
  [1m[36mRequestType Load (0.8ms)[0m  [1m[34mSELECT "request_types".* FROM "request_types" WHERE "request_types"."deleted_at" IS NULL AND "request_types"."id" IN ('dbc4ad97-8696-4a00-9423-3d4df65dbd59', '1f5dd956-b4d1-456e-a5ea-d3c63ebde7b8') /*action='index',application='ApprovalEngine',controller='requests'*/[0m
  ↳ app/controllers/api/v1/requests_controller.rb:22:in 'Api::V1::RequestsController#index'
  [1m[36mApproval Count (0.8ms)[0m  [1m[34mSELECT COUNT(*) AS "count_all", "approvals"."rule_id" AS "approvals_rule_id" FROM "approvals" WHERE "approvals"."tenant_id" = 'aa29ef8c-86bf-413d-9ea9-ed2c4360c3a5' AND "approvals"."rule_id" IS NOT NULL GROUP BY "approvals"."rule_id" /*action='summary',application='ApprovalEngine',controller='reports'*/[0m
  ↳ app/controllers/api/v1/admin/reports_controller.rb:44:in 'Api::V1::Admin::ReportsController#rule_hit_counts'
Completed 200 OK in 11ms (Views: 0.1ms | ActiveRecord: 4.6ms (7 queries, 0 cached) | GC: 0.0ms)


  [1m[36mApproval Load (0.6ms)[0m  [1m[34mSELECT "approvals".* FROM "approvals" WHERE "approvals"."request_id" IN ('2250d943-5e91-418f-bb33-a65d48294246', '3349468a-bcfd-4c23-a10a-67f15e8ab049', '80a2e814-4ac5-4c14-aa03-65297f8e8a05', 'd31cb57e-3c91-4e86-a2d6-a850d791d93c', '907c2d07-9cb6-4d85-a45f-0909c013f7b3', '9bebdd1e-d5eb-4f0c-be3a-68caecd92ea5', 'e19d56e8-6d6c-4ac1-b939-e50ecdf6cdcb', 'f4b90444-bf2f-41a1-9ac4-c1925813404b', '59504973-a39c-45b4-8944-2caf42d8b290', 'c40b1942-ea39-425c-8541-297a8c1f9afa') /*action='index',application='ApprovalEngine',controller='requests'*/[0m
  ↳ app/controllers/api/v1/requests_controller.rb:22:in 'Api::V1::RequestsController#index'
  [1m[36mUser Load (0.8ms)[0m  [1m[34mSELECT "users".* FROM "users" INNER JOIN "request_type_approvers" ON "users"."id" = "request_type_approvers"."user_id" WHERE "users"."deleted_at" IS NULL AND "request_type_approvers"."request_type_id" = 'dbc4ad97-8696-4a00-9423-3d4df65dbd59' /*action='index',application='ApprovalEngine',controller='requests'*/[0m
  ↳ app/controllers/api/v1/requests_controller.rb:22:in 'Api::V1::RequestsController#index'
  [1m[36mRule Load (0.3ms)[0m  [1m[34mSELECT "rules".* FROM "rules" WHERE "rules"."deleted_at" IS NULL AND "rules"."id" = '4f5a2b27-f6dd-47a0-ba23-bb8b1c83d65f' LIMIT 1 /*action='index',application='ApprovalEngine',controller='requests'*/[0m
  ↳ app/controllers/api/v1/requests_controller.rb:22:in 'Api::V1::RequestsController#index'
  [1m[36mRequestType Load (0.2ms)[0m  [1m[34mSELECT "request_types".* FROM "request_types" WHERE "request_types"."deleted_at" IS NULL AND "request_types"."id" = 'dbc4ad97-8696-4a00-9423-3d4df65dbd59' LIMIT 1 /*action='index',application='ApprovalEngine',controller='requests'*/[0m
  ↳ app/controllers/api/v1/requests_controller.rb:22:in 'Api::V1::RequestsController#index'
  [1m[36mCACHE User Load (0.0ms)[0m  [1m[34mSELECT "users".* FROM "users" INNER JOIN "request_type_approvers" ON "users"."id" = "request_type_approvers"."user_id" WHERE "users"."deleted_at" IS NULL AND "request_type_approvers"."request_type_id" = 'dbc4ad97-8696-4a00-9423-3d4df65dbd59'[0m
  ↳ app/controllers/api/v1/requests_controller.rb:22:in 'Api::V1::RequestsController#index'
  [1m[36mCACHE Rule Load (0.0ms)[0m  [1m[34mSELECT "rules".* FROM "rules" WHERE "rules"."deleted_at" IS NULL AND "rules"."id" = '4f5a2b27-f6dd-47a0-ba23-bb8b1c83d65f' LIMIT 1[0m
  ↳ app/controllers/api/v1/requests_controller.rb:22:in 'Api::V1::RequestsController#index'
  [1m[36mCACHE RequestType Load (0.0ms)[0m  [1m[34mSELECT "request_types".* FROM "request_types" WHERE "request_types"."deleted_at" IS NULL AND "request_types"."id" = 'dbc4ad97-8696-4a00-9423-3d4df65dbd59' LIMIT 1[0m
  ↳ app/controllers/api/v1/requests_controller.rb:22:in 'Api::V1::RequestsController#index'
  [1m[36mCACHE User Load (0.0ms)[0m  [1m[34mSELECT "users".* FROM "users" INNER JOIN "request_type_approvers" ON "users"."id" = "request_type_approvers"."user_id" WHERE "users"."deleted_at" IS NULL AND "request_type_approvers"."request_type_id" = 'dbc4ad97-8696-4a00-9423-3d4df65dbd59'[0m
  ↳ app/controllers/api/v1/requests_controller.rb:22:in 'Api::V1::RequestsController#index'
  [1m[36mCACHE Rule Load (0.0ms)[0m  [1m[34mSELECT "rules".* FROM "rules" WHERE "rules"."deleted_at" IS NULL AND "rules"."id" = '4f5a2b27-f6dd-47a0-ba23-bb8b1c83d65f' LIMIT 1[0m
  ↳ app/controllers/api/v1/requests_controller.rb:22:in 'Api::V1::RequestsController#index'
  [1m[36mCACHE RequestType Load (0.0ms)[0m  [1m[34mSELECT "request_types".* FROM "request_types" WHERE "request_types"."deleted_at" IS NULL AND "request_types"."id" = 'dbc4ad97-8696-4a00-9423-3d4df65dbd59' LIMIT 1[0m
  ↳ app/controllers/api/v1/requests_controller.rb:22:in 'Api::V1::RequestsController#index'
  [1m[36mCACHE User Load (0.0ms)[0m  [1m[34mSELECT "users".* FROM "users" INNER JOIN "request_type_approvers" ON "users"."id" = "request_type_approvers"."user_id" WHERE "users"."deleted_at" IS NULL AND "request_type_approvers"."request_type_id" = 'dbc4ad97-8696-4a00-9423-3d4df65dbd59'[0m
  ↳ app/controllers/api/v1/requests_controller.rb:22:in 'Api::V1::RequestsController#index'
  [1m[36mUser Load (0.5ms)[0m  [1m[34mSELECT "users".* FROM "users" INNER JOIN "request_type_approvers" ON "users"."id" = "request_type_approvers"."user_id" WHERE "users"."deleted_at" IS NULL AND "request_type_approvers"."request_type_id" = '1f5dd956-b4d1-456e-a5ea-d3c63ebde7b8' /*action='index',application='ApprovalEngine',controller='requests'*/[0m
  ↳ app/controllers/api/v1/requests_controller.rb:22:in 'Api::V1::RequestsController#index'
  [1m[36mRule Load (0.2ms)[0m  [1m[34mSELECT "rules".* FROM "rules" WHERE "rules"."deleted_at" IS NULL AND "rules"."id" = '269d79fa-dc15-4468-a104-db1cf9dc960b' LIMIT 1 /*action='index',application='ApprovalEngine',controller='requests'*/[0m
  ↳ app/controllers/api/v1/requests_controller.rb:22:in 'Api::V1::RequestsController#index'
  [1m[36mRequestType Load (0.2ms)[0m  [1m[34mSELECT "request_types".* FROM "request_types" WHERE "request_types"."deleted_at" IS NULL AND "request_types"."id" = '1f5dd956-b4d1-456e-a5ea-d3c63ebde7b8' LIMIT 1 /*action='index',application='ApprovalEngine',controller='requests'*/[0m
  ↳ app/controllers/api/v1/requests_controller.rb:22:in 'Api::V1::RequestsController#index'
  [1m[36mCACHE User Load (0.0ms)[0m  [1m[34mSELECT "users".* FROM "users" INNER JOIN "request_type_approvers" ON "users"."id" = "request_type_approvers"."user_id" WHERE "users"."deleted_at" IS NULL AND "request_type_approvers"."request_type_id" = '1f5dd956-b4d1-456e-a5ea-d3c63ebde7b8'[0m
  ↳ app/controllers/api/v1/requests_controller.rb:22:in 'Api::V1::RequestsController#index'
  [1m[36mCACHE Rule Load (0.0ms)[0m  [1m[34mSELECT "rules".* FROM "rules" WHERE "rules"."deleted_at" IS NULL AND "rules"."id" = '269d79fa-dc15-4468-a104-db1cf9dc960b' LIMIT 1[0m
  ↳ app/controllers/api/v1/requests_controller.rb:22:in 'Api::V1::RequestsController#index'
  [1m[36mCACHE RequestType Load (0.0ms)[0m  [1m[34mSELECT "request_types".* FROM "request_types" WHERE "request_types"."deleted_at" IS NULL AND "request_types"."id" = '1f5dd956-b4d1-456e-a5ea-d3c63ebde7b8' LIMIT 1[0m
  ↳ app/controllers/api/v1/requests_controller.rb:22:in 'Api::V1::RequestsController#index'
  [1m[36mCACHE User Load (0.0ms)[0m  [1m[34mSELECT "users".* FROM "users" INNER JOIN "request_type_approvers" ON "users"."id" = "request_type_approvers"."user_id" WHERE "users"."deleted_at" IS NULL AND "request_type_approvers"."request_type_id" = '1f5dd956-b4d1-456e-a5ea-d3c63ebde7b8'[0m
  ↳ app/controllers/api/v1/requests_controller.rb:22:in 'Api::V1::RequestsController#index'
  [1m[36mCACHE Rule Load (0.0ms)[0m  [1m[34mSELECT "rules".* FROM "rules" WHERE "rules"."deleted_at" IS NULL AND "rules"."id" = '269d79fa-dc15-4468-a104-db1cf9dc960b' LIMIT 1[0m
  ↳ app/controllers/api/v1/requests_controller.rb:22:in 'Api::V1::RequestsController#index'
  [1m[36mCACHE RequestType Load (0.0ms)[0m  [1m[34mSELECT "request_types".* FROM "request_types" WHERE "request_types"."deleted_at" IS NULL AND "request_types"."id" = '1f5dd956-b4d1-456e-a5ea-d3c63ebde7b8' LIMIT 1[0m
  ↳ app/controllers/api/v1/requests_controller.rb:22:in 'Api::V1::RequestsController#index'
  [1m[36mCACHE User Load (0.0ms)[0m  [1m[34mSELECT "users".* FROM "users" INNER JOIN "request_type_approvers" ON "users"."id" = "request_type_approvers"."user_id" WHERE "users"."deleted_at" IS NULL AND "request_type_approvers"."request_type_id" = '1f5dd956-b4d1-456e-a5ea-d3c63ebde7b8'[0m
  ↳ app/controllers/api/v1/requests_controller.rb:22:in 'Api::V1::RequestsController#index'
  [1m[36mRule Load (0.5ms)[0m  [1m[34mSELECT "rules".* FROM "rules" WHERE "rules"."deleted_at" IS NULL AND "rules"."id" = '6d9b88af-a02d-4d3c-8099-8cb7fb3a2d4a' LIMIT 1 /*action='index',application='ApprovalEngine',controller='requests'*/[0m
  ↳ app/controllers/api/v1/requests_controller.rb:22:in 'Api::V1::RequestsController#index'
  [1m[36mCACHE RequestType Load (0.0ms)[0m  [1m[34mSELECT "request_types".* FROM "request_types" WHERE "request_types"."deleted_at" IS NULL AND "request_types"."id" = 'dbc4ad97-8696-4a00-9423-3d4df65dbd59' LIMIT 1[0m
  ↳ app/controllers/api/v1/requests_controller.rb:22:in 'Api::V1::RequestsController#index'
  [1m[36mCACHE User Load (0.0ms)[0m  [1m[34mSELECT "users".* FROM "users" INNER JOIN "request_type_approvers" ON "users"."id" = "request_type_approvers"."user_id" WHERE "users"."deleted_at" IS NULL AND "request_type_approvers"."request_type_id" = 'dbc4ad97-8696-4a00-9423-3d4df65dbd59'[0m
  ↳ app/controllers/api/v1/requests_controller.rb:22:in 'Api::V1::RequestsController#index'
  [1m[36mCACHE Rule Load (0.0ms)[0m  [1m[34mSELECT "rules".* FROM "rules" WHERE "rules"."deleted_at" IS NULL AND "rules"."id" = '6d9b88af-a02d-4d3c-8099-8cb7fb3a2d4a' LIMIT 1[0m
  ↳ app/controllers/api/v1/requests_controller.rb:22:in 'Api::V1::RequestsController#index'
  [1m[36mCACHE RequestType Load (0.0ms)[0m  [1m[34mSELECT "request_types".* FROM "request_types" WHERE "request_types"."deleted_at" IS NULL AND "request_types"."id" = 'dbc4ad97-8696-4a00-9423-3d4df65dbd59' LIMIT 1[0m
  ↳ app/controllers/api/v1/requests_controller.rb:22:in 'Api::V1::RequestsController#index'
  [1m[36mCACHE User Load (0.0ms)[0m  [1m[34mSELECT "users".* FROM "users" INNER JOIN "request_type_approvers" ON "users"."id" = "request_type_approvers"."user_id" WHERE "users"."deleted_at" IS NULL AND "request_type_approvers"."request_type_id" = 'dbc4ad97-8696-4a00-9423-3d4df65dbd59'[0m
  ↳ app/controllers/api/v1/requests_controller.rb:22:in 'Api::V1::RequestsController#index'
  [1m[36mRule Load (0.3ms)[0m  [1m[34mSELECT "rules".* FROM "rules" WHERE "rules"."deleted_at" IS NULL AND "rules"."id" = '8a1dd6be-6d3e-43cb-86c0-7b9c09bb6f91' LIMIT 1 /*action='index',application='ApprovalEngine',controller='requests'*/[0m
  ↳ app/controllers/api/v1/requests_controller.rb:22:in 'Api::V1::RequestsController#index'
  [1m[36mRule Load (0.2ms)[0m  [1m[34mSELECT "rules".* FROM "rules" WHERE "rules"."deleted_at" IS NULL AND "rules"."id" = '48a78e3e-3f71-41f5-a9b5-01ff3306a6d0' LIMIT 1 /*action='index',application='ApprovalEngine',controller='requests'*/[0m
  ↳ app/controllers/api/v1/requests_controller.rb:22:in 'Api::V1::RequestsController#index'
  [1m[36mCACHE RequestType Load (0.0ms)[0m  [1m[34mSELECT "request_types".* FROM "request_types" WHERE "request_types"."deleted_at" IS NULL AND "request_types"."id" = 'dbc4ad97-8696-4a00-9423-3d4df65dbd59' LIMIT 1[0m
  ↳ app/controllers/api/v1/requests_controller.rb:22:in 'Api::V1::RequestsController#index'
  [1m[36mCACHE User Load (0.0ms)[0m  [1m[34mSELECT "users".* FROM "users" INNER JOIN "request_type_approvers" ON "users"."id" = "request_type_approvers"."user_id" WHERE "users"."deleted_at" IS NULL AND "request_type_approvers"."request_type_id" = 'dbc4ad97-8696-4a00-9423-3d4df65dbd59'[0m
  ↳ app/controllers/api/v1/requests_controller.rb:22:in 'Api::V1::RequestsController#index'
Completed 200 OK in 53ms (Views: 0.3ms | ActiveRecord: 8.3ms (37 queries, 21 cached) | GC: 17.3ms)


Started POST "/api/v1/users" for ::1 at 2026-02-09 10:29:50 +0530
Processing by Api::V1::UsersController#create as HTML
  Parameters: {"user" => {"name" => "Ishaan Bhela", "email" => "[FILTERED]", "password" => "[FILTERED]", "role" => "approver", "grade" => 1}}
  [1m[36mUser Load (0.4ms)[0m  [1m[34mSELECT "users".* FROM "users" WHERE "users"."deleted_at" IS NULL AND "users"."id" = 'a8b58455-32ed-4b42-af48-3bb969d2c5b8' LIMIT 1 /*action='create',application='ApprovalEngine',controller='users'*/[0m
  ↳ app/controllers/concerns/authenticatable.rb:20:in 'Authenticatable#authenticate_user'
  [1m[36mTenant Load (0.8ms)[0m  [1m[34mSELECT "tenants".* FROM "tenants" WHERE "tenants"."deleted_at" IS NULL AND "tenants"."id" = 'aa29ef8c-86bf-413d-9ea9-ed2c4360c3a5' LIMIT 1 /*action='create',application='ApprovalEngine',controller='users'*/[0m
  ↳ app/controllers/api/v1/users_controller.rb:24:in 'Api::V1::UsersController#create'
  [1m[36mTRANSACTION (0.3ms)[0m  [1m[35mBEGIN /*action='create',application='ApprovalEngine',controller='users'*/[0m
  ↳ app/controllers/api/v1/users_controller.rb:26:in 'Api::V1::UsersController#create'
  [1m[36mUser Exists? (3.6ms)[0m  [1m[34mSELECT 1 AS one FROM "users" WHERE "users"."email" = 'ishaan@example.com' AND "users"."tenant_id" = 'aa29ef8c-86bf-413d-9ea9-ed2c4360c3a5' AND "users"."deleted_at" IS NULL LIMIT 1 /*action='create',application='ApprovalEngine',controller='users'*/[0m
  ↳ app/controllers/api/v1/users_controller.rb:26:in 'Api::V1::UsersController#create'
  [1m[36mTRANSACTION (0.2ms)[0m  [1m[31mROLLBACK /*action='create',application='ApprovalEngine',controller='users'*/[0m
  ↳ app/controllers/api/v1/users_controller.rb:26:in 'Api::V1::UsersController#create'
Completed 422 Unprocessable Content in 158ms (Views: 0.1ms | ActiveRecord: 5.3ms (3 queries, 0 cached) | GC: 1.9ms)


Started GET "/api/v1/admin/reports/summary" for ::1 at 2026-02-09 10:30:38 +0530
Processing by Api::V1::Admin::ReportsController#summary as HTML
  [1m[36mUser Load (0.4ms)[0m  [1m[34mSELECT "users".* FROM "users" WHERE "users"."deleted_at" IS NULL AND "users"."id" = 'a8b58455-32ed-4b42-af48-3bb969d2c5b8' LIMIT 1 /*action='summary',application='ApprovalEngine',controller='reports'*/[0m
  ↳ app/controllers/concerns/authenticatable.rb:20:in 'Authenticatable#authenticate_user'
  [1m[36mTenant Load (0.2ms)[0m  [1m[34mSELECT "tenants".* FROM "tenants" WHERE "tenants"."deleted_at" IS NULL AND "tenants"."id" = 'aa29ef8c-86bf-413d-9ea9-ed2c4360c3a5' LIMIT 1 /*action='summary',application='ApprovalEngine',controller='reports'*/[0m
  ↳ app/controllers/api/v1/admin/reports_controller.rb:8:in 'Api::V1::Admin::ReportsController#summary'
  [1m[36mRequest Count (0.3ms)[0m  [1m[34mSELECT COUNT(*) FROM "requests" WHERE "requests"."tenant_id" = 'aa29ef8c-86bf-413d-9ea9-ed2c4360c3a5' /*action='summary',application='ApprovalEngine',controller='reports'*/[0m
  ↳ app/controllers/api/v1/admin/reports_controller.rb:22:in 'Api::V1::Admin::ReportsController#total_requests'
  [1m[36mRequest Count (0.2ms)[0m  [1m[34mSELECT COUNT(*) AS "count_all", "requests"."status" AS "requests_status" FROM "requests" WHERE "requests"."tenant_id" = 'aa29ef8c-86bf-413d-9ea9-ed2c4360c3a5' GROUP BY "requests"."status" /*action='summary',application='ApprovalEngine',controller='reports'*/[0m
  ↳ app/controllers/api/v1/admin/reports_controller.rb:26:in 'Api::V1::Admin::ReportsController#status_breakdown'
  [1m[36mRequest Count (0.2ms)[0m  [1m[34mSELECT COUNT(*) AS "count_all", "request_types"."name" AS "request_types_name" FROM "requests" INNER JOIN "request_types" ON "request_types"."deleted_at" IS NULL AND "request_types"."id" = "requests"."request_type_id" WHERE "requests"."tenant_id" = 'aa29ef8c-86bf-413d-9ea9-ed2c4360c3a5' GROUP BY "request_types"."name" /*action='summary',application='ApprovalEngine',controller='reports'*/[0m
  ↳ app/controllers/api/v1/admin/reports_controller.rb:33:in 'Api::V1::Admin::ReportsController#request_type_breakdown'
  [1m[36mApproval Count (0.2ms)[0m  [1m[34mSELECT COUNT(*) AS "count_all", "approvals"."action" AS "approvals_action" FROM "approvals" WHERE "approvals"."tenant_id" = 'aa29ef8c-86bf-413d-9ea9-ed2c4360c3a5' GROUP BY "approvals"."action" /*action='summary',application='ApprovalEngine',controller='reports'*/[0m
  ↳ app/controllers/api/v1/admin/reports_controller.rb:37:in 'Api::V1::Admin::ReportsController#decision_breakdown'
  [1m[36mApproval Count (0.2ms)[0m  [1m[34mSELECT COUNT(*) AS "count_all", "approvals"."rule_id" AS "approvals_rule_id" FROM "approvals" WHERE "approvals"."tenant_id" = 'aa29ef8c-86bf-413d-9ea9-ed2c4360c3a5' AND "approvals"."rule_id" IS NOT NULL GROUP BY "approvals"."rule_id" /*action='summary',application='ApprovalEngine',controller='reports'*/[0m
  ↳ app/controllers/api/v1/admin/reports_controller.rb:44:in 'Api::V1::Admin::ReportsController#rule_hit_counts'
Completed 200 OK in 10ms (Views: 0.1ms | ActiveRecord: 1.7ms (7 queries, 0 cached) | GC: 0.8ms)


Started GET "/api/v1/approver/requests?page=1" for ::1 at 2026-02-09 10:30:40 +0530
Processing by Api::V1::Approver::RequestsController#index as HTML
  Parameters: {"page" => "1"}
  [1m[36mUser Load (0.4ms)[0m  [1m[34mSELECT "users".* FROM "users" WHERE "users"."deleted_at" IS NULL AND "users"."id" = 'a8b58455-32ed-4b42-af48-3bb969d2c5b8' LIMIT 1 /*action='index',application='ApprovalEngine',controller='requests'*/[0m
  ↳ app/controllers/concerns/authenticatable.rb:20:in 'Authenticatable#authenticate_user'
  [1m[36mRequest Count (0.2ms)[0m  [1m[34mSELECT COUNT(*) FROM "requests" WHERE "requests"."status" = 'pending_approval' AND "requests"."tenant_id" = 'aa29ef8c-86bf-413d-9ea9-ed2c4360c3a5' /*action='index',application='ApprovalEngine',controller='requests'*/[0m
  ↳ app/controllers/api/v1/approver/requests_controller.rb:24:in 'Api::V1::Approver::RequestsController#index'
  [1m[36mRequest Load (0.2ms)[0m  [1m[34mSELECT "requests".* FROM "requests" WHERE "requests"."status" = 'pending_approval' AND "requests"."tenant_id" = 'aa29ef8c-86bf-413d-9ea9-ed2c4360c3a5' LIMIT 10 OFFSET 0 /*action='index',application='ApprovalEngine',controller='requests'*/[0m
  ↳ app/controllers/api/v1/approver/requests_controller.rb:30:in 'Api::V1::Approver::RequestsController#index'
Completed 200 OK in 5ms (Views: 0.1ms | ActiveRecord: 0.8ms (3 queries, 0 cached) | GC: 0.8ms)


Started GET "/api/v1/requests?page=1" for ::1 at 2026-02-09 10:30:41 +0530
Processing by Api::V1::RequestsController#index as HTML
  Parameters: {"page" => "1"}
  [1m[36mUser Load (0.4ms)[0m  [1m[34mSELECT "users".* FROM "users" WHERE "users"."deleted_at" IS NULL AND "users"."id" = 'a8b58455-32ed-4b42-af48-3bb969d2c5b8' LIMIT 1 /*action='index',application='ApprovalEngine',controller='requests'*/[0m
  ↳ app/controllers/concerns/authenticatable.rb:20:in 'Authenticatable#authenticate_user'
  [1m[36mTenant Load (0.2ms)[0m  [1m[34mSELECT "tenants".* FROM "tenants" WHERE "tenants"."deleted_at" IS NULL AND "tenants"."id" = 'aa29ef8c-86bf-413d-9ea9-ed2c4360c3a5' LIMIT 1 /*action='index',application='ApprovalEngine',controller='requests'*/[0m
  ↳ app/controllers/api/v1/requests_controller.rb:9:in 'Api::V1::RequestsController#index'
  [1m[36mRequest Count (0.2ms)[0m  [1m[34mSELECT COUNT(*) FROM "requests" WHERE "requests"."tenant_id" = 'aa29ef8c-86bf-413d-9ea9-ed2c4360c3a5' /*action='index',application='ApprovalEngine',controller='requests'*/[0m
  ↳ app/controllers/api/v1/requests_controller.rb:16:in 'Api::V1::RequestsController#index'
  [1m[36mRequest Load (0.2ms)[0m  [1m[34mSELECT "requests".* FROM "requests" WHERE "requests"."tenant_id" = 'aa29ef8c-86bf-413d-9ea9-ed2c4360c3a5' LIMIT 10 OFFSET 0 /*action='index',application='ApprovalEngine',controller='requests'*/[0m
  ↳ app/controllers/api/v1/requests_controller.rb:22:in 'Api::V1::RequestsController#index'
  [1m[36mUser Load (0.3ms)[0m  [1m[34mSELECT "users".* FROM "users" WHERE "users"."deleted_at" IS NULL AND "users"."id" IN ('fe43d2ce-b8cd-4d8e-b6ed-2bd799945724', '37ec41c9-c494-4128-bb94-07c2b87ad9e6', '24c0e984-3d03-44c6-bdb3-9e397ba9d8c2') /*action='index',application='ApprovalEngine',controller='requests'*/[0m
  ↳ app/controllers/api/v1/requests_controller.rb:22:in 'Api::V1::RequestsController#index'
  [1m[36mRequestType Load (0.2ms)[0m  [1m[34mSELECT "request_types".* FROM "request_types" WHERE "request_types"."deleted_at" IS NULL AND "request_types"."id" IN ('dbc4ad97-8696-4a00-9423-3d4df65dbd59', '1f5dd956-b4d1-456e-a5ea-d3c63ebde7b8') /*action='index',application='ApprovalEngine',controller='requests'*/[0m
  ↳ app/controllers/api/v1/requests_controller.rb:22:in 'Api::V1::RequestsController#index'
  [1m[36mApproval Load (0.3ms)[0m  [1m[34mSELECT "approvals".* FROM "approvals" WHERE "approvals"."request_id" IN ('2250d943-5e91-418f-bb33-a65d48294246', '3349468a-bcfd-4c23-a10a-67f15e8ab049', '80a2e814-4ac5-4c14-aa03-65297f8e8a05', 'd31cb57e-3c91-4e86-a2d6-a850d791d93c', '907c2d07-9cb6-4d85-a45f-0909c013f7b3', '9bebdd1e-d5eb-4f0c-be3a-68caecd92ea5', 'e19d56e8-6d6c-4ac1-b939-e50ecdf6cdcb', 'f4b90444-bf2f-41a1-9ac4-c1925813404b', '59504973-a39c-45b4-8944-2caf42d8b290', 'c40b1942-ea39-425c-8541-297a8c1f9afa') /*action='index',application='ApprovalEngine',controller='requests'*/[0m
  ↳ app/controllers/api/v1/requests_controller.rb:22:in 'Api::V1::RequestsController#index'
  [1m[36mUser Load (0.5ms)[0m  [1m[34mSELECT "users".* FROM "users" INNER JOIN "request_type_approvers" ON "users"."id" = "request_type_approvers"."user_id" WHERE "users"."deleted_at" IS NULL AND "request_type_approvers"."request_type_id" = 'dbc4ad97-8696-4a00-9423-3d4df65dbd59' /*action='index',application='ApprovalEngine',controller='requests'*/[0m
  ↳ app/controllers/api/v1/requests_controller.rb:22:in 'Api::V1::RequestsController#index'
  [1m[36mRule Load (0.3ms)[0m  [1m[34mSELECT "rules".* FROM "rules" WHERE "rules"."deleted_at" IS NULL AND "rules"."id" = '4f5a2b27-f6dd-47a0-ba23-bb8b1c83d65f' LIMIT 1 /*action='index',application='ApprovalEngine',controller='requests'*/[0m
  ↳ app/controllers/api/v1/requests_controller.rb:22:in 'Api::V1::RequestsController#index'
  [1m[36mRequestType Load (0.3ms)[0m  [1m[34mSELECT "request_types".* FROM "request_types" WHERE "request_types"."deleted_at" IS NULL AND "request_types"."id" = 'dbc4ad97-8696-4a00-9423-3d4df65dbd59' LIMIT 1 /*action='index',application='ApprovalEngine',controller='requests'*/[0m
  ↳ app/controllers/api/v1/requests_controller.rb:22:in 'Api::V1::RequestsController#index'
  [1m[36mCACHE User Load (0.0ms)[0m  [1m[34mSELECT "users".* FROM "users" INNER JOIN "request_type_approvers" ON "users"."id" = "request_type_approvers"."user_id" WHERE "users"."deleted_at" IS NULL AND "request_type_approvers"."request_type_id" = 'dbc4ad97-8696-4a00-9423-3d4df65dbd59'[0m
  ↳ app/controllers/api/v1/requests_controller.rb:22:in 'Api::V1::RequestsController#index'
  [1m[36mCACHE Rule Load (0.0ms)[0m  [1m[34mSELECT "rules".* FROM "rules" WHERE "rules"."deleted_at" IS NULL AND "rules"."id" = '4f5a2b27-f6dd-47a0-ba23-bb8b1c83d65f' LIMIT 1[0m
  ↳ app/controllers/api/v1/requests_controller.rb:22:in 'Api::V1::RequestsController#index'
  [1m[36mCACHE RequestType Load (0.0ms)[0m  [1m[34mSELECT "request_types".* FROM "request_types" WHERE "request_types"."deleted_at" IS NULL AND "request_types"."id" = 'dbc4ad97-8696-4a00-9423-3d4df65dbd59' LIMIT 1[0m
  ↳ app/controllers/api/v1/requests_controller.rb:22:in 'Api::V1::RequestsController#index'
  [1m[36mCACHE User Load (0.0ms)[0m  [1m[34mSELECT "users".* FROM "users" INNER JOIN "request_type_approvers" ON "users"."id" = "request_type_approvers"."user_id" WHERE "users"."deleted_at" IS NULL AND "request_type_approvers"."request_type_id" = 'dbc4ad97-8696-4a00-9423-3d4df65dbd59'[0m
  ↳ app/controllers/api/v1/requests_controller.rb:22:in 'Api::V1::RequestsController#index'
  [1m[36mCACHE Rule Load (0.0ms)[0m  [1m[34mSELECT "rules".* FROM "rules" WHERE "rules"."deleted_at" IS NULL AND "rules"."id" = '4f5a2b27-f6dd-47a0-ba23-bb8b1c83d65f' LIMIT 1[0m
  ↳ app/controllers/api/v1/requests_controller.rb:22:in 'Api::V1::RequestsController#index'
  [1m[36mCACHE RequestType Load (0.0ms)[0m  [1m[34mSELECT "request_types".* FROM "request_types" WHERE "request_types"."deleted_at" IS NULL AND "request_types"."id" = 'dbc4ad97-8696-4a00-9423-3d4df65dbd59' LIMIT 1[0m
  ↳ app/controllers/api/v1/requests_controller.rb:22:in 'Api::V1::RequestsController#index'
  [1m[36mCACHE User Load (0.0ms)[0m  [1m[34mSELECT "users".* FROM "users" INNER JOIN "request_type_approvers" ON "users"."id" = "request_type_approvers"."user_id" WHERE "users"."deleted_at" IS NULL AND "request_type_approvers"."request_type_id" = 'dbc4ad97-8696-4a00-9423-3d4df65dbd59'[0m
  ↳ app/controllers/api/v1/requests_controller.rb:22:in 'Api::V1::RequestsController#index'
  [1m[36mUser Load (0.4ms)[0m  [1m[34mSELECT "users".* FROM "users" INNER JOIN "request_type_approvers" ON "users"."id" = "request_type_approvers"."user_id" WHERE "users"."deleted_at" IS NULL AND "request_type_approvers"."request_type_id" = '1f5dd956-b4d1-456e-a5ea-d3c63ebde7b8' /*action='index',application='ApprovalEngine',controller='requests'*/[0m
  ↳ app/controllers/api/v1/requests_controller.rb:22:in 'Api::V1::RequestsController#index'
  [1m[36mRule Load (0.2ms)[0m  [1m[34mSELECT "rules".* FROM "rules" WHERE "rules"."deleted_at" IS NULL AND "rules"."id" = '269d79fa-dc15-4468-a104-db1cf9dc960b' LIMIT 1 /*action='index',application='ApprovalEngine',controller='requests'*/[0m
  ↳ app/controllers/api/v1/requests_controller.rb:22:in 'Api::V1::RequestsController#index'
  [1m[36mRequestType Load (0.2ms)[0m  [1m[34mSELECT "request_types".* FROM "request_types" WHERE "request_types"."deleted_at" IS NULL AND "request_types"."id" = '1f5dd956-b4d1-456e-a5ea-d3c63ebde7b8' LIMIT 1 /*action='index',application='ApprovalEngine',controller='requests'*/[0m
  ↳ app/controllers/api/v1/requests_controller.rb:22:in 'Api::V1::RequestsController#index'
  [1m[36mCACHE User Load (0.0ms)[0m  [1m[34mSELECT "users".* FROM "users" INNER JOIN "request_type_approvers" ON "users"."id" = "request_type_approvers"."user_id" WHERE "users"."deleted_at" IS NULL AND "request_type_approvers"."request_type_id" = '1f5dd956-b4d1-456e-a5ea-d3c63ebde7b8'[0m
  ↳ app/controllers/api/v1/requests_controller.rb:22:in 'Api::V1::RequestsController#index'
  [1m[36mCACHE Rule Load (0.0ms)[0m  [1m[34mSELECT "rules".* FROM "rules" WHERE "rules"."deleted_at" IS NULL AND "rules"."id" = '269d79fa-dc15-4468-a104-db1cf9dc960b' LIMIT 1[0m
  ↳ app/controllers/api/v1/requests_controller.rb:22:in 'Api::V1::RequestsController#index'
  [1m[36mCACHE RequestType Load (0.0ms)[0m  [1m[34mSELECT "request_types".* FROM "request_types" WHERE "request_types"."deleted_at" IS NULL AND "request_types"."id" = '1f5dd956-b4d1-456e-a5ea-d3c63ebde7b8' LIMIT 1[0m
  ↳ app/controllers/api/v1/requests_controller.rb:22:in 'Api::V1::RequestsController#index'
  [1m[36mCACHE User Load (0.0ms)[0m  [1m[34mSELECT "users".* FROM "users" INNER JOIN "request_type_approvers" ON "users"."id" = "request_type_approvers"."user_id" WHERE "users"."deleted_at" IS NULL AND "request_type_approvers"."request_type_id" = '1f5dd956-b4d1-456e-a5ea-d3c63ebde7b8'[0m
  ↳ app/controllers/api/v1/requests_controller.rb:22:in 'Api::V1::RequestsController#index'
  [1m[36mCACHE Rule Load (0.0ms)[0m  [1m[34mSELECT "rules".* FROM "rules" WHERE "rules"."deleted_at" IS NULL AND "rules"."id" = '269d79fa-dc15-4468-a104-db1cf9dc960b' LIMIT 1[0m
  ↳ app/controllers/api/v1/requests_controller.rb:22:in 'Api::V1::RequestsController#index'
  [1m[36mCACHE RequestType Load (0.0ms)[0m  [1m[34mSELECT "request_types".* FROM "request_types" WHERE "request_types"."deleted_at" IS NULL AND "request_types"."id" = '1f5dd956-b4d1-456e-a5ea-d3c63ebde7b8' LIMIT 1[0m
  ↳ app/controllers/api/v1/requests_controller.rb:22:in 'Api::V1::RequestsController#index'
  [1m[36mCACHE User Load (0.0ms)[0m  [1m[34mSELECT "users".* FROM "users" INNER JOIN "request_type_approvers" ON "users"."id" = "request_type_approvers"."user_id" WHERE "users"."deleted_at" IS NULL AND "request_type_approvers"."request_type_id" = '1f5dd956-b4d1-456e-a5ea-d3c63ebde7b8'[0m
  ↳ app/controllers/api/v1/requests_controller.rb:22:in 'Api::V1::RequestsController#index'
  [1m[36mRule Load (0.3ms)[0m  [1m[34mSELECT "rules".* FROM "rules" WHERE "rules"."deleted_at" IS NULL AND "rules"."id" = '6d9b88af-a02d-4d3c-8099-8cb7fb3a2d4a' LIMIT 1 /*action='index',application='ApprovalEngine',controller='requests'*/[0m
  ↳ app/controllers/api/v1/requests_controller.rb:22:in 'Api::V1::RequestsController#index'
  [1m[36mCACHE RequestType Load (0.0ms)[0m  [1m[34mSELECT "request_types".* FROM "request_types" WHERE "request_types"."deleted_at" IS NULL AND "request_types"."id" = 'dbc4ad97-8696-4a00-9423-3d4df65dbd59' LIMIT 1[0m
  ↳ app/controllers/api/v1/requests_controller.rb:22:in 'Api::V1::RequestsController#index'
  [1m[36mCACHE User Load (0.0ms)[0m  [1m[34mSELECT "users".* FROM "users" INNER JOIN "request_type_approvers" ON "users"."id" = "request_type_approvers"."user_id" WHERE "users"."deleted_at" IS NULL AND "request_type_approvers"."request_type_id" = 'dbc4ad97-8696-4a00-9423-3d4df65dbd59'[0m
  ↳ app/controllers/api/v1/requests_controller.rb:22:in 'Api::V1::RequestsController#index'
  [1m[36mCACHE Rule Load (0.0ms)[0m  [1m[34mSELECT "rules".* FROM "rules" WHERE "rules"."deleted_at" IS NULL AND "rules"."id" = '6d9b88af-a02d-4d3c-8099-8cb7fb3a2d4a' LIMIT 1[0m
  ↳ app/controllers/api/v1/requests_controller.rb:22:in 'Api::V1::RequestsController#index'
  [1m[36mCACHE RequestType Load (0.0ms)[0m  [1m[34mSELECT "request_types".* FROM "request_types" WHERE "request_types"."deleted_at" IS NULL AND "request_types"."id" = 'dbc4ad97-8696-4a00-9423-3d4df65dbd59' LIMIT 1[0m
  ↳ app/controllers/api/v1/requests_controller.rb:22:in 'Api::V1::RequestsController#index'
  [1m[36mCACHE User Load (0.0ms)[0m  [1m[34mSELECT "users".* FROM "users" INNER JOIN "request_type_approvers" ON "users"."id" = "request_type_approvers"."user_id" WHERE "users"."deleted_at" IS NULL AND "request_type_approvers"."request_type_id" = 'dbc4ad97-8696-4a00-9423-3d4df65dbd59'[0m
  ↳ app/controllers/api/v1/requests_controller.rb:22:in 'Api::V1::RequestsController#index'
  [1m[36mRule Load (0.3ms)[0m  [1m[34mSELECT "rules".* FROM "rules" WHERE "rules"."deleted_at" IS NULL AND "rules"."id" = '8a1dd6be-6d3e-43cb-86c0-7b9c09bb6f91' LIMIT 1 /*action='index',application='ApprovalEngine',controller='requests'*/[0m
  ↳ app/controllers/api/v1/requests_controller.rb:22:in 'Api::V1::RequestsController#index'
  [1m[36mRule Load (0.2ms)[0m  [1m[34mSELECT "rules".* FROM "rules" WHERE "rules"."deleted_at" IS NULL AND "rules"."id" = '48a78e3e-3f71-41f5-a9b5-01ff3306a6d0' LIMIT 1 /*action='index',application='ApprovalEngine',controller='requests'*/[0m
  ↳ app/controllers/api/v1/requests_controller.rb:22:in 'Api::V1::RequestsController#index'
  [1m[36mCACHE RequestType Load (0.0ms)[0m  [1m[34mSELECT "request_types".* FROM "request_types" WHERE "request_types"."deleted_at" IS NULL AND "request_types"."id" = 'dbc4ad97-8696-4a00-9423-3d4df65dbd59' LIMIT 1[0m
  ↳ app/controllers/api/v1/requests_controller.rb:22:in 'Api::V1::RequestsController#index'
  [1m[36mCACHE User Load (0.0ms)[0m  [1m[34mSELECT "users".* FROM "users" INNER JOIN "request_type_approvers" ON "users"."id" = "request_type_approvers"."user_id" WHERE "users"."deleted_at" IS NULL AND "request_type_approvers"."request_type_id" = 'dbc4ad97-8696-4a00-9423-3d4df65dbd59'[0m
  ↳ app/controllers/api/v1/requests_controller.rb:22:in 'Api::V1::RequestsController#index'
Completed 200 OK in 35ms (Views: 0.1ms | ActiveRecord: 4.3ms (37 queries, 21 cached) | GC: 1.9ms)


[dotenv] Set [36mJWT_SECRET[0m, [36mJWT_EXPIRY[0m
[dotenv] Loaded [33m.env[0m
Started GET "/api/v1/admin/reports/summary" for ::1 at 2026-02-09 10:33:14 +0530
Started GET "/api/v1/requests?page=1" for ::1 at 2026-02-09 10:33:14 +0530
  [1m[36mActiveRecord::SchemaMigration Load (0.5ms)[0m  [1m[34mSELECT "schema_migrations"."version" FROM "schema_migrations" ORDER BY "schema_migrations"."version" ASC /*application='ApprovalEngine'*/[0m
  
ActionController::RoutingError (No route matches [GET] "/api/v1/admin/reports/summary"):
  
Processing by Api::V1::RequestsController#index as HTML
  Parameters: {"page" => "1"}
  [1m[36mUser Load (5.7ms)[0m  [1m[34mSELECT "users".* FROM "users" WHERE "users"."deleted_at" IS NULL AND "users"."id" = 'a8b58455-32ed-4b42-af48-3bb969d2c5b8' LIMIT 1 /*action='index',application='ApprovalEngine',controller='requests'*/[0m
  ↳ app/controllers/concerns/authenticatable.rb:20:in 'Authenticatable#authenticate_user'
  [1m[36mTenant Load (0.3ms)[0m  [1m[34mSELECT "tenants".* FROM "tenants" WHERE "tenants"."deleted_at" IS NULL AND "tenants"."id" = 'aa29ef8c-86bf-413d-9ea9-ed2c4360c3a5' LIMIT 1 /*action='index',application='ApprovalEngine',controller='requests'*/[0m
  ↳ app/controllers/api/v1/requests_controller.rb:9:in 'Api::V1::RequestsController#index'
  [1m[36mRequest Count (0.3ms)[0m  [1m[34mSELECT COUNT(*) FROM "requests" WHERE "requests"."tenant_id" = 'aa29ef8c-86bf-413d-9ea9-ed2c4360c3a5' /*action='index',application='ApprovalEngine',controller='requests'*/[0m
  ↳ app/controllers/api/v1/requests_controller.rb:16:in 'Api::V1::RequestsController#index'
  [1m[36mRequest Load (0.4ms)[0m  [1m[34mSELECT "requests".* FROM "requests" WHERE "requests"."tenant_id" = 'aa29ef8c-86bf-413d-9ea9-ed2c4360c3a5' ORDER BY "requests"."created_at" DESC LIMIT 10 OFFSET 0 /*action='index',application='ApprovalEngine',controller='requests'*/[0m
  ↳ app/controllers/api/v1/requests_controller.rb:22:in 'Api::V1::RequestsController#index'
  [1m[36mUser Load (0.4ms)[0m  [1m[34mSELECT "users".* FROM "users" WHERE "users"."deleted_at" IS NULL AND "users"."id" IN ('37ec41c9-c494-4128-bb94-07c2b87ad9e6', 'e3143983-a8ea-40e8-b2e5-399b41d73282', '24c0e984-3d03-44c6-bdb3-9e397ba9d8c2') /*action='index',application='ApprovalEngine',controller='requests'*/[0m
  ↳ app/controllers/api/v1/requests_controller.rb:22:in 'Api::V1::RequestsController#index'
  [1m[36mRequestType Load (0.3ms)[0m  [1m[34mSELECT "request_types".* FROM "request_types" WHERE "request_types"."deleted_at" IS NULL AND "request_types"."id" IN ('dbc4ad97-8696-4a00-9423-3d4df65dbd59', '1f5dd956-b4d1-456e-a5ea-d3c63ebde7b8') /*action='index',application='ApprovalEngine',controller='requests'*/[0m
  ↳ app/controllers/api/v1/requests_controller.rb:22:in 'Api::V1::RequestsController#index'
  [1m[36mApproval Load (0.4ms)[0m  [1m[34mSELECT "approvals".* FROM "approvals" WHERE "approvals"."request_id" IN ('8749cef5-817e-4f15-9a5a-e21cce1ffc0b', '0b14874d-75a2-49ac-af54-7025e87f2935', 'c2684ab9-fafc-4bfa-9ee7-4b7c41662145', '475229ab-84b6-40bf-abb0-c6ce911f67be', '5baae476-eb1d-407f-9cf0-a4addb60c542', '337744f0-b2c2-4474-8a70-3c3e2a1e5cca', '40873ba3-35c3-4506-82e6-4f595ba5634c', '4953134c-7c5c-4a29-8132-50bd579fcec8', '174d6d3c-993e-47b4-a309-3e63cb94c137', '185afc40-3aa9-4a26-8177-8d7bca45870c') /*action='index',application='ApprovalEngine',controller='requests'*/[0m
  ↳ app/controllers/api/v1/requests_controller.rb:22:in 'Api::V1::RequestsController#index'
  [1m[36mUser Load (0.4ms)[0m  [1m[34mSELECT "users".* FROM "users" INNER JOIN "request_type_approvers" ON "users"."id" = "request_type_approvers"."user_id" WHERE "users"."deleted_at" IS NULL AND "request_type_approvers"."request_type_id" = 'dbc4ad97-8696-4a00-9423-3d4df65dbd59' /*action='index',application='ApprovalEngine',controller='requests'*/[0m
  ↳ app/controllers/api/v1/requests_controller.rb:22:in 'Api::V1::RequestsController#index'
  [1m[36mCACHE User Load (0.0ms)[0m  [1m[34mSELECT "users".* FROM "users" WHERE "users"."deleted_at" IS NULL AND "users"."id" = 'a8b58455-32ed-4b42-af48-3bb969d2c5b8' LIMIT 1[0m
  ↳ app/controllers/api/v1/requests_controller.rb:22:in 'Api::V1::RequestsController#index'
  [1m[36mRule Load (0.3ms)[0m  [1m[34mSELECT "rules".* FROM "rules" WHERE "rules"."deleted_at" IS NULL AND "rules"."id" = '6d9b88af-a02d-4d3c-8099-8cb7fb3a2d4a' LIMIT 1 /*action='index',application='ApprovalEngine',controller='requests'*/[0m
  ↳ app/controllers/api/v1/requests_controller.rb:22:in 'Api::V1::RequestsController#index'
  [1m[36mRequestType Load (0.2ms)[0m  [1m[34mSELECT "request_types".* FROM "request_types" WHERE "request_types"."deleted_at" IS NULL AND "request_types"."id" = 'dbc4ad97-8696-4a00-9423-3d4df65dbd59' LIMIT 1 /*action='index',application='ApprovalEngine',controller='requests'*/[0m
  ↳ app/controllers/api/v1/requests_controller.rb:22:in 'Api::V1::RequestsController#index'
  [1m[36mCACHE User Load (0.0ms)[0m  [1m[34mSELECT "users".* FROM "users" INNER JOIN "request_type_approvers" ON "users"."id" = "request_type_approvers"."user_id" WHERE "users"."deleted_at" IS NULL AND "request_type_approvers"."request_type_id" = 'dbc4ad97-8696-4a00-9423-3d4df65dbd59'[0m
  ↳ app/controllers/api/v1/requests_controller.rb:22:in 'Api::V1::RequestsController#index'
  [1m[36mRule Load (0.2ms)[0m  [1m[34mSELECT "rules".* FROM "rules" WHERE "rules"."deleted_at" IS NULL AND "rules"."id" = '48a78e3e-3f71-41f5-a9b5-01ff3306a6d0' LIMIT 1 /*action='index',application='ApprovalEngine',controller='requests'*/[0m
  ↳ app/controllers/api/v1/requests_controller.rb:22:in 'Api::V1::RequestsController#index'
  [1m[36mCACHE RequestType Load (0.0ms)[0m  [1m[34mSELECT "request_types".* FROM "request_types" WHERE "request_types"."deleted_at" IS NULL AND "request_types"."id" = 'dbc4ad97-8696-4a00-9423-3d4df65dbd59' LIMIT 1[0m
  ↳ app/controllers/api/v1/requests_controller.rb:22:in 'Api::V1::RequestsController#index'
  [1m[36mCACHE User Load (0.0ms)[0m  [1m[34mSELECT "users".* FROM "users" INNER JOIN "request_type_approvers" ON "users"."id" = "request_type_approvers"."user_id" WHERE "users"."deleted_at" IS NULL AND "request_type_approvers"."request_type_id" = 'dbc4ad97-8696-4a00-9423-3d4df65dbd59'[0m
  ↳ app/controllers/api/v1/requests_controller.rb:22:in 'Api::V1::RequestsController#index'
  [1m[36mCACHE User Load (0.0ms)[0m  [1m[34mSELECT "users".* FROM "users" WHERE "users"."deleted_at" IS NULL AND "users"."id" = 'a8b58455-32ed-4b42-af48-3bb969d2c5b8' LIMIT 1[0m
  ↳ app/controllers/api/v1/requests_controller.rb:22:in 'Api::V1::RequestsController#index'
  [1m[36mCACHE Rule Load (0.0ms)[0m  [1m[34mSELECT "rules".* FROM "rules" WHERE "rules"."deleted_at" IS NULL AND "rules"."id" = '6d9b88af-a02d-4d3c-8099-8cb7fb3a2d4a' LIMIT 1[0m
  ↳ app/controllers/api/v1/requests_controller.rb:22:in 'Api::V1::RequestsController#index'
  [1m[36mCACHE RequestType Load (0.0ms)[0m  [1m[34mSELECT "request_types".* FROM "request_types" WHERE "request_types"."deleted_at" IS NULL AND "request_types"."id" = 'dbc4ad97-8696-4a00-9423-3d4df65dbd59' LIMIT 1[0m
  ↳ app/controllers/api/v1/requests_controller.rb:22:in 'Api::V1::RequestsController#index'
  [1m[36mCACHE User Load (0.0ms)[0m  [1m[34mSELECT "users".* FROM "users" INNER JOIN "request_type_approvers" ON "users"."id" = "request_type_approvers"."user_id" WHERE "users"."deleted_at" IS NULL AND "request_type_approvers"."request_type_id" = 'dbc4ad97-8696-4a00-9423-3d4df65dbd59'[0m
  ↳ app/controllers/api/v1/requests_controller.rb:22:in 'Api::V1::RequestsController#index'
  [1m[36mCACHE User Load (0.0ms)[0m  [1m[34mSELECT "users".* FROM "users" WHERE "users"."deleted_at" IS NULL AND "users"."id" = 'a8b58455-32ed-4b42-af48-3bb969d2c5b8' LIMIT 1[0m
  ↳ app/controllers/api/v1/requests_controller.rb:22:in 'Api::V1::RequestsController#index'
  [1m[36mCACHE Rule Load (0.0ms)[0m  [1m[34mSELECT "rules".* FROM "rules" WHERE "rules"."deleted_at" IS NULL AND "rules"."id" = '48a78e3e-3f71-41f5-a9b5-01ff3306a6d0' LIMIT 1[0m
  ↳ app/controllers/api/v1/requests_controller.rb:22:in 'Api::V1::RequestsController#index'
  [1m[36mCACHE RequestType Load (0.0ms)[0m  [1m[34mSELECT "request_types".* FROM "request_types" WHERE "request_types"."deleted_at" IS NULL AND "request_types"."id" = 'dbc4ad97-8696-4a00-9423-3d4df65dbd59' LIMIT 1[0m
  ↳ app/controllers/api/v1/requests_controller.rb:22:in 'Api::V1::RequestsController#index'
  [1m[36mCACHE User Load (0.0ms)[0m  [1m[34mSELECT "users".* FROM "users" INNER JOIN "request_type_approvers" ON "users"."id" = "request_type_approvers"."user_id" WHERE "users"."deleted_at" IS NULL AND "request_type_approvers"."request_type_id" = 'dbc4ad97-8696-4a00-9423-3d4df65dbd59'[0m
  ↳ app/controllers/api/v1/requests_controller.rb:22:in 'Api::V1::RequestsController#index'
  [1m[36mUser Load (0.4ms)[0m  [1m[34mSELECT "users".* FROM "users" INNER JOIN "request_type_approvers" ON "users"."id" = "request_type_approvers"."user_id" WHERE "users"."deleted_at" IS NULL AND "request_type_approvers"."request_type_id" = '1f5dd956-b4d1-456e-a5ea-d3c63ebde7b8' /*action='index',application='ApprovalEngine',controller='requests'*/[0m
  ↳ app/controllers/api/v1/requests_controller.rb:22:in 'Api::V1::RequestsController#index'
  [1m[36mRule Load (0.2ms)[0m  [1m[34mSELECT "rules".* FROM "rules" WHERE "rules"."deleted_at" IS NULL AND "rules"."id" = 'bf0d0cb8-758c-434f-beb1-e73dee813eec' LIMIT 1 /*action='index',application='ApprovalEngine',controller='requests'*/[0m
  ↳ app/controllers/api/v1/requests_controller.rb:22:in 'Api::V1::RequestsController#index'
  [1m[36mRequestType Load (0.2ms)[0m  [1m[34mSELECT "request_types".* FROM "request_types" WHERE "request_types"."deleted_at" IS NULL AND "request_types"."id" = '1f5dd956-b4d1-456e-a5ea-d3c63ebde7b8' LIMIT 1 /*action='index',application='ApprovalEngine',controller='requests'*/[0m
  ↳ app/controllers/api/v1/requests_controller.rb:22:in 'Api::V1::RequestsController#index'
  [1m[36mCACHE User Load (0.0ms)[0m  [1m[34mSELECT "users".* FROM "users" INNER JOIN "request_type_approvers" ON "users"."id" = "request_type_approvers"."user_id" WHERE "users"."deleted_at" IS NULL AND "request_type_approvers"."request_type_id" = '1f5dd956-b4d1-456e-a5ea-d3c63ebde7b8'[0m
  ↳ app/controllers/api/v1/requests_controller.rb:22:in 'Api::V1::RequestsController#index'
  [1m[36mCACHE User Load (0.0ms)[0m  [1m[34mSELECT "users".* FROM "users" WHERE "users"."deleted_at" IS NULL AND "users"."id" = 'a8b58455-32ed-4b42-af48-3bb969d2c5b8' LIMIT 1[0m
  ↳ app/controllers/api/v1/requests_controller.rb:22:in 'Api::V1::RequestsController#index'
  [1m[36mRule Load (0.2ms)[0m  [1m[34mSELECT "rules".* FROM "rules" WHERE "rules"."deleted_at" IS NULL AND "rules"."id" = '1080d429-9d8c-4294-bf05-4b56efcf7824' LIMIT 1 /*action='index',application='ApprovalEngine',controller='requests'*/[0m
  ↳ app/controllers/api/v1/requests_controller.rb:22:in 'Api::V1::RequestsController#index'
  [1m[36mCACHE RequestType Load (0.0ms)[0m  [1m[34mSELECT "request_types".* FROM "request_types" WHERE "request_types"."deleted_at" IS NULL AND "request_types"."id" = '1f5dd956-b4d1-456e-a5ea-d3c63ebde7b8' LIMIT 1[0m
  ↳ app/controllers/api/v1/requests_controller.rb:22:in 'Api::V1::RequestsController#index'
  [1m[36mCACHE User Load (0.0ms)[0m  [1m[34mSELECT "users".* FROM "users" INNER JOIN "request_type_approvers" ON "users"."id" = "request_type_approvers"."user_id" WHERE "users"."deleted_at" IS NULL AND "request_type_approvers"."request_type_id" = '1f5dd956-b4d1-456e-a5ea-d3c63ebde7b8'[0m
  ↳ app/controllers/api/v1/requests_controller.rb:22:in 'Api::V1::RequestsController#index'
  [1m[36mCACHE Rule Load (0.0ms)[0m  [1m[34mSELECT "rules".* FROM "rules" WHERE "rules"."deleted_at" IS NULL AND "rules"."id" = 'bf0d0cb8-758c-434f-beb1-e73dee813eec' LIMIT 1[0m
  ↳ app/controllers/api/v1/requests_controller.rb:22:in 'Api::V1::RequestsController#index'
  [1m[36mCACHE RequestType Load (0.0ms)[0m  [1m[34mSELECT "request_types".* FROM "request_types" WHERE "request_types"."deleted_at" IS NULL AND "request_types"."id" = '1f5dd956-b4d1-456e-a5ea-d3c63ebde7b8' LIMIT 1[0m
  ↳ app/controllers/api/v1/requests_controller.rb:22:in 'Api::V1::RequestsController#index'
  [1m[36mCACHE User Load (0.0ms)[0m  [1m[34mSELECT "users".* FROM "users" INNER JOIN "request_type_approvers" ON "users"."id" = "request_type_approvers"."user_id" WHERE "users"."deleted_at" IS NULL AND "request_type_approvers"."request_type_id" = '1f5dd956-b4d1-456e-a5ea-d3c63ebde7b8'[0m
  ↳ app/controllers/api/v1/requests_controller.rb:22:in 'Api::V1::RequestsController#index'
  [1m[36mCACHE User Load (0.0ms)[0m  [1m[34mSELECT "users".* FROM "users" WHERE "users"."deleted_at" IS NULL AND "users"."id" = 'a8b58455-32ed-4b42-af48-3bb969d2c5b8' LIMIT 1[0m
  ↳ app/controllers/api/v1/requests_controller.rb:22:in 'Api::V1::RequestsController#index'
  [1m[36mCACHE Rule Load (0.0ms)[0m  [1m[34mSELECT "rules".* FROM "rules" WHERE "rules"."deleted_at" IS NULL AND "rules"."id" = 'bf0d0cb8-758c-434f-beb1-e73dee813eec' LIMIT 1[0m
  ↳ app/controllers/api/v1/requests_controller.rb:22:in 'Api::V1::RequestsController#index'
  [1m[36mCACHE RequestType Load (0.0ms)[0m  [1m[34mSELECT "request_types".* FROM "request_types" WHERE "request_types"."deleted_at" IS NULL AND "request_types"."id" = '1f5dd956-b4d1-456e-a5ea-d3c63ebde7b8' LIMIT 1[0m
  ↳ app/controllers/api/v1/requests_controller.rb:22:in 'Api::V1::RequestsController#index'
  [1m[36mCACHE User Load (0.0ms)[0m  [1m[34mSELECT "users".* FROM "users" INNER JOIN "request_type_approvers" ON "users"."id" = "request_type_approvers"."user_id" WHERE "users"."deleted_at" IS NULL AND "request_type_approvers"."request_type_id" = '1f5dd956-b4d1-456e-a5ea-d3c63ebde7b8'[0m
  ↳ app/controllers/api/v1/requests_controller.rb:22:in 'Api::V1::RequestsController#index'
  [1m[36mCACHE User Load (0.0ms)[0m  [1m[34mSELECT "users".* FROM "users" WHERE "users"."deleted_at" IS NULL AND "users"."id" = 'a8b58455-32ed-4b42-af48-3bb969d2c5b8' LIMIT 1[0m
  ↳ app/controllers/api/v1/requests_controller.rb:22:in 'Api::V1::RequestsController#index'
  [1m[36mCACHE Rule Load (0.0ms)[0m  [1m[34mSELECT "rules".* FROM "rules" WHERE "rules"."deleted_at" IS NULL AND "rules"."id" = '48a78e3e-3f71-41f5-a9b5-01ff3306a6d0' LIMIT 1[0m
  ↳ app/controllers/api/v1/requests_controller.rb:22:in 'Api::V1::RequestsController#index'
  [1m[36mCACHE RequestType Load (0.0ms)[0m  [1m[34mSELECT "request_types".* FROM "request_types" WHERE "request_types"."deleted_at" IS NULL AND "request_types"."id" = 'dbc4ad97-8696-4a00-9423-3d4df65dbd59' LIMIT 1[0m
  ↳ app/controllers/api/v1/requests_controller.rb:22:in 'Api::V1::RequestsController#index'
  [1m[36mCACHE User Load (0.0ms)[0m  [1m[34mSELECT "users".* FROM "users" INNER JOIN "request_type_approvers" ON "users"."id" = "request_type_approvers"."user_id" WHERE "users"."deleted_at" IS NULL AND "request_type_approvers"."request_type_id" = 'dbc4ad97-8696-4a00-9423-3d4df65dbd59'[0m
  ↳ app/controllers/api/v1/requests_controller.rb:22:in 'Api::V1::RequestsController#index'
  [1m[36mCACHE User Load (0.0ms)[0m  [1m[34mSELECT "users".* FROM "users" WHERE "users"."deleted_at" IS NULL AND "users"."id" = 'a8b58455-32ed-4b42-af48-3bb969d2c5b8' LIMIT 1[0m
  ↳ app/controllers/api/v1/requests_controller.rb:22:in 'Api::V1::RequestsController#index'
  [1m[36mCACHE Rule Load (0.0ms)[0m  [1m[34mSELECT "rules".* FROM "rules" WHERE "rules"."deleted_at" IS NULL AND "rules"."id" = '48a78e3e-3f71-41f5-a9b5-01ff3306a6d0' LIMIT 1[0m
  ↳ app/controllers/api/v1/requests_controller.rb:22:in 'Api::V1::RequestsController#index'
  [1m[36mCACHE RequestType Load (0.0ms)[0m  [1m[34mSELECT "request_types".* FROM "request_types" WHERE "request_types"."deleted_at" IS NULL AND "request_types"."id" = 'dbc4ad97-8696-4a00-9423-3d4df65dbd59' LIMIT 1[0m
  ↳ app/controllers/api/v1/requests_controller.rb:22:in 'Api::V1::RequestsController#index'
  [1m[36mCACHE User Load (0.0ms)[0m  [1m[34mSELECT "users".* FROM "users" INNER JOIN "request_type_approvers" ON "users"."id" = "request_type_approvers"."user_id" WHERE "users"."deleted_at" IS NULL AND "request_type_approvers"."request_type_id" = 'dbc4ad97-8696-4a00-9423-3d4df65dbd59'[0m
  ↳ app/controllers/api/v1/requests_controller.rb:22:in 'Api::V1::RequestsController#index'
Completed 200 OK in 131ms (Views: 0.3ms | ActiveRecord: 29.0ms (46 queries, 31 cached) | GC: 0.0ms)


Started GET "/api/v1/admin/reports/summary" for ::1 at 2026-02-09 10:33:15 +0530
Processing by Api::V1::Admin::ReportsController#summary as HTML
  [1m[36mUser Load (0.4ms)[0m  [1m[34mSELECT "users".* FROM "users" WHERE "users"."deleted_at" IS NULL AND "users"."id" = 'a8b58455-32ed-4b42-af48-3bb969d2c5b8' LIMIT 1 /*action='summary',application='ApprovalEngine',controller='reports'*/[0m
  ↳ app/controllers/concerns/authenticatable.rb:20:in 'Authenticatable#authenticate_user'
  [1m[36mTenant Load (0.2ms)[0m  [1m[34mSELECT "tenants".* FROM "tenants" WHERE "tenants"."deleted_at" IS NULL AND "tenants"."id" = 'aa29ef8c-86bf-413d-9ea9-ed2c4360c3a5' LIMIT 1 /*action='summary',application='ApprovalEngine',controller='reports'*/[0m
  ↳ app/controllers/api/v1/admin/reports_controller.rb:8:in 'Api::V1::Admin::ReportsController#summary'
  [1m[36mRequest Count (0.2ms)[0m  [1m[34mSELECT COUNT(*) FROM "requests" WHERE "requests"."tenant_id" = 'aa29ef8c-86bf-413d-9ea9-ed2c4360c3a5' /*action='summary',application='ApprovalEngine',controller='reports'*/[0m
  ↳ app/controllers/api/v1/admin/reports_controller.rb:22:in 'Api::V1::Admin::ReportsController#total_requests'
  [1m[36mRequest Count (0.4ms)[0m  [1m[34mSELECT COUNT(*) AS "count_all", "requests"."status" AS "requests_status" FROM "requests" WHERE "requests"."tenant_id" = 'aa29ef8c-86bf-413d-9ea9-ed2c4360c3a5' GROUP BY "requests"."status" /*action='summary',application='ApprovalEngine',controller='reports'*/[0m
  ↳ app/controllers/api/v1/admin/reports_controller.rb:26:in 'Api::V1::Admin::ReportsController#status_breakdown'
  [1m[36mRequest Count (0.4ms)[0m  [1m[34mSELECT COUNT(*) AS "count_all", "request_types"."name" AS "request_types_name" FROM "requests" INNER JOIN "request_types" ON "request_types"."deleted_at" IS NULL AND "request_types"."id" = "requests"."request_type_id" WHERE "requests"."tenant_id" = 'aa29ef8c-86bf-413d-9ea9-ed2c4360c3a5' GROUP BY "request_types"."name" /*action='summary',application='ApprovalEngine',controller='reports'*/[0m
  ↳ app/controllers/api/v1/admin/reports_controller.rb:33:in 'Api::V1::Admin::ReportsController#request_type_breakdown'
  [1m[36mApproval Count (0.3ms)[0m  [1m[34mSELECT COUNT(*) AS "count_all", "approvals"."action" AS "approvals_action" FROM "approvals" WHERE "approvals"."tenant_id" = 'aa29ef8c-86bf-413d-9ea9-ed2c4360c3a5' GROUP BY "approvals"."action" /*action='summary',application='ApprovalEngine',controller='reports'*/[0m
  ↳ app/controllers/api/v1/admin/reports_controller.rb:37:in 'Api::V1::Admin::ReportsController#decision_breakdown'
  [1m[36mApproval Count (0.2ms)[0m  [1m[34mSELECT COUNT(*) AS "count_all", "approvals"."rule_id" AS "approvals_rule_id" FROM "approvals" WHERE "approvals"."tenant_id" = 'aa29ef8c-86bf-413d-9ea9-ed2c4360c3a5' AND "approvals"."rule_id" IS NOT NULL GROUP BY "approvals"."rule_id" /*action='summary',application='ApprovalEngine',controller='reports'*/[0m
  ↳ app/controllers/api/v1/admin/reports_controller.rb:44:in 'Api::V1::Admin::ReportsController#rule_hit_counts'
Completed 200 OK in 10ms (Views: 0.1ms | ActiveRecord: 1.9ms (7 queries, 0 cached) | GC: 0.0ms)


Started GET "/api/v1/rules?page=1" for ::1 at 2026-02-09 10:33:32 +0530
Processing by Api::V1::RulesController#index as HTML
  Parameters: {"page" => "1"}
  [1m[36mUser Load (0.4ms)[0m  [1m[34mSELECT "users".* FROM "users" WHERE "users"."deleted_at" IS NULL AND "users"."id" = 'a8b58455-32ed-4b42-af48-3bb969d2c5b8' LIMIT 1 /*action='index',application='ApprovalEngine',controller='rules'*/[0m
  ↳ app/controllers/concerns/authenticatable.rb:20:in 'Authenticatable#authenticate_user'
  [1m[36mTenant Load (0.3ms)[0m  [1m[34mSELECT "tenants".* FROM "tenants" WHERE "tenants"."deleted_at" IS NULL AND "tenants"."id" = 'aa29ef8c-86bf-413d-9ea9-ed2c4360c3a5' LIMIT 1 /*action='index',application='ApprovalEngine',controller='rules'*/[0m
  ↳ app/controllers/api/v1/rules_controller.rb:6:in 'Api::V1::RulesController#index'
  [1m[36mRule Count (0.2ms)[0m  [1m[34mSELECT COUNT(*) FROM "rules" WHERE "rules"."deleted_at" IS NULL AND "rules"."tenant_id" = 'aa29ef8c-86bf-413d-9ea9-ed2c4360c3a5' /*action='index',application='ApprovalEngine',controller='rules'*/[0m
  ↳ app/controllers/api/v1/rules_controller.rb:7:in 'Api::V1::RulesController#index'
  [1m[36mRule Load (0.2ms)[0m  [1m[34mSELECT "rules".* FROM "rules" WHERE "rules"."deleted_at" IS NULL AND "rules"."tenant_id" = 'aa29ef8c-86bf-413d-9ea9-ed2c4360c3a5' LIMIT 10 OFFSET 0 /*action='index',application='ApprovalEngine',controller='rules'*/[0m
  ↳ app/controllers/api/v1/rules_controller.rb:13:in 'Api::V1::RulesController#index'
  [1m[36mRequestType Load (0.2ms)[0m  [1m[34mSELECT "request_types".* FROM "request_types" WHERE "request_types"."deleted_at" IS NULL AND "request_types"."id" IN ('dbc4ad97-8696-4a00-9423-3d4df65dbd59', '1f5dd956-b4d1-456e-a5ea-d3c63ebde7b8') /*action='index',application='ApprovalEngine',controller='rules'*/[0m
  ↳ app/controllers/api/v1/rules_controller.rb:13:in 'Api::V1::RulesController#index'
  [1m[36mUser Load (0.2ms)[0m  [1m[34mSELECT "users".* FROM "users" INNER JOIN "request_type_approvers" ON "users"."id" = "request_type_approvers"."user_id" WHERE "users"."deleted_at" IS NULL AND "request_type_approvers"."request_type_id" = 'dbc4ad97-8696-4a00-9423-3d4df65dbd59' /*action='index',application='ApprovalEngine',controller='rules'*/[0m
  ↳ app/controllers/api/v1/rules_controller.rb:13:in 'Api::V1::RulesController#index'
  [1m[36mUser Load (0.7ms)[0m  [1m[34mSELECT "users".* FROM "users" INNER JOIN "request_type_approvers" ON "users"."id" = "request_type_approvers"."user_id" WHERE "users"."deleted_at" IS NULL AND "request_type_approvers"."request_type_id" = '1f5dd956-b4d1-456e-a5ea-d3c63ebde7b8' /*action='index',application='ApprovalEngine',controller='rules'*/[0m
  ↳ app/controllers/api/v1/rules_controller.rb:13:in 'Api::V1::RulesController#index'
Completed 200 OK in 35ms (Views: 0.2ms | ActiveRecord: 2.2ms (7 queries, 0 cached) | GC: 23.2ms)


Started GET "/api/v1/approver/requests?page=1" for ::1 at 2026-02-09 10:34:14 +0530
Processing by Api::V1::Approver::RequestsController#index as HTML
  Parameters: {"page" => "1"}
  [1m[36mUser Load (0.4ms)[0m  [1m[34mSELECT "users".* FROM "users" WHERE "users"."deleted_at" IS NULL AND "users"."id" = 'a8b58455-32ed-4b42-af48-3bb969d2c5b8' LIMIT 1 /*action='index',application='ApprovalEngine',controller='requests'*/[0m
  ↳ app/controllers/concerns/authenticatable.rb:20:in 'Authenticatable#authenticate_user'
  [1m[36mRequest Count (0.4ms)[0m  [1m[34mSELECT COUNT(*) FROM "requests" WHERE "requests"."status" = 'pending_approval' AND "requests"."tenant_id" = 'aa29ef8c-86bf-413d-9ea9-ed2c4360c3a5' /*action='index',application='ApprovalEngine',controller='requests'*/[0m
  ↳ app/controllers/api/v1/approver/requests_controller.rb:24:in 'Api::V1::Approver::RequestsController#index'
  [1m[36mRequest Load (0.2ms)[0m  [1m[34mSELECT "requests".* FROM "requests" WHERE "requests"."status" = 'pending_approval' AND "requests"."tenant_id" = 'aa29ef8c-86bf-413d-9ea9-ed2c4360c3a5' LIMIT 10 OFFSET 0 /*action='index',application='ApprovalEngine',controller='requests'*/[0m
  ↳ app/controllers/api/v1/approver/requests_controller.rb:30:in 'Api::V1::Approver::RequestsController#index'
Completed 200 OK in 6ms (Views: 0.1ms | ActiveRecord: 0.9ms (3 queries, 0 cached) | GC: 1.1ms)


Started GET "/api/v1/request_types?page=1" for ::1 at 2026-02-09 10:34:15 +0530
Processing by Api::V1::RequestTypesController#index as HTML
  Parameters: {"page" => "1"}
  [1m[36mUser Load (0.4ms)[0m  [1m[34mSELECT "users".* FROM "users" WHERE "users"."deleted_at" IS NULL AND "users"."id" = 'a8b58455-32ed-4b42-af48-3bb969d2c5b8' LIMIT 1 /*action='index',application='ApprovalEngine',controller='request_types'*/[0m
  ↳ app/controllers/concerns/authenticatable.rb:20:in 'Authenticatable#authenticate_user'
  [1m[36mTenant Load (0.2ms)[0m  [1m[34mSELECT "tenants".* FROM "tenants" WHERE "tenants"."deleted_at" IS NULL AND "tenants"."id" = 'aa29ef8c-86bf-413d-9ea9-ed2c4360c3a5' LIMIT 1 /*action='index',application='ApprovalEngine',controller='request_types'*/[0m
  ↳ app/controllers/api/v1/request_types_controller.rb:6:in 'Api::V1::RequestTypesController#index'
  [1m[36mRequestType Count (0.2ms)[0m  [1m[34mSELECT COUNT(*) FROM "request_types" WHERE "request_types"."deleted_at" IS NULL AND "request_types"."tenant_id" = 'aa29ef8c-86bf-413d-9ea9-ed2c4360c3a5' /*action='index',application='ApprovalEngine',controller='request_types'*/[0m
  ↳ app/controllers/api/v1/request_types_controller.rb:7:in 'Api::V1::RequestTypesController#index'
  [1m[36mRequestType Load (0.2ms)[0m  [1m[34mSELECT "request_types".* FROM "request_types" WHERE "request_types"."deleted_at" IS NULL AND "request_types"."tenant_id" = 'aa29ef8c-86bf-413d-9ea9-ed2c4360c3a5' LIMIT 10 OFFSET 0 /*action='index',application='ApprovalEngine',controller='request_types'*/[0m
  ↳ app/controllers/api/v1/request_types_controller.rb:13:in 'Api::V1::RequestTypesController#index'
  [1m[36mRequestTypeApprover Load (0.2ms)[0m  [1m[34mSELECT "request_type_approvers".* FROM "request_type_approvers" WHERE "request_type_approvers"."request_type_id" IN ('dbc4ad97-8696-4a00-9423-3d4df65dbd59', '1f5dd956-b4d1-456e-a5ea-d3c63ebde7b8') /*action='index',application='ApprovalEngine',controller='request_types'*/[0m
  ↳ app/controllers/api/v1/request_types_controller.rb:13:in 'Api::V1::RequestTypesController#index'
  [1m[36mUser Load (0.7ms)[0m  [1m[34mSELECT "users".* FROM "users" WHERE "users"."deleted_at" IS NULL AND "users"."id" IN ('24c0e984-3d03-44c6-bdb3-9e397ba9d8c2', '37ec41c9-c494-4128-bb94-07c2b87ad9e6') /*action='index',application='ApprovalEngine',controller='request_types'*/[0m
  ↳ app/controllers/api/v1/request_types_controller.rb:13:in 'Api::V1::RequestTypesController#index'
Completed 200 OK in 14ms (Views: 0.1ms | ActiveRecord: 2.2ms (6 queries, 0 cached) | GC: 2.1ms)


Started GET "/api/v1/users?page=1" for ::1 at 2026-02-09 10:34:17 +0530
Processing by Api::V1::UsersController#index as HTML
  Parameters: {"page" => "1"}
  [1m[36mUser Load (0.4ms)[0m  [1m[34mSELECT "users".* FROM "users" WHERE "users"."deleted_at" IS NULL AND "users"."id" = 'a8b58455-32ed-4b42-af48-3bb969d2c5b8' LIMIT 1 /*action='index',application='ApprovalEngine',controller='users'*/[0m
  ↳ app/controllers/concerns/authenticatable.rb:20:in 'Authenticatable#authenticate_user'
  [1m[36mTenant Load (0.2ms)[0m  [1m[34mSELECT "tenants".* FROM "tenants" WHERE "tenants"."deleted_at" IS NULL AND "tenants"."id" = 'aa29ef8c-86bf-413d-9ea9-ed2c4360c3a5' LIMIT 1 /*action='index',application='ApprovalEngine',controller='users'*/[0m
  ↳ app/controllers/api/v1/users_controller.rb:7:in 'Api::V1::UsersController#index'
  [1m[36mUser Count (0.2ms)[0m  [1m[34mSELECT COUNT(*) FROM "users" WHERE "users"."deleted_at" IS NULL AND "users"."tenant_id" = 'aa29ef8c-86bf-413d-9ea9-ed2c4360c3a5' /*action='index',application='ApprovalEngine',controller='users'*/[0m
  ↳ app/controllers/api/v1/users_controller.rb:9:in 'Api::V1::UsersController#index'
  [1m[36mUser Load (0.2ms)[0m  [1m[34mSELECT "users".* FROM "users" WHERE "users"."deleted_at" IS NULL AND "users"."tenant_id" = 'aa29ef8c-86bf-413d-9ea9-ed2c4360c3a5' LIMIT 10 OFFSET 0 /*action='index',application='ApprovalEngine',controller='users'*/[0m
  ↳ app/controllers/api/v1/users_controller.rb:15:in 'Api::V1::UsersController#index'
Completed 200 OK in 7ms (Views: 0.1ms | ActiveRecord: 1.0ms (4 queries, 0 cached) | GC: 0.7ms)


Started GET "/api/v1/admin/reports/summary" for ::1 at 2026-02-09 10:35:13 +0530
Started GET "/api/v1/requests?page=1" for ::1 at 2026-02-09 10:35:13 +0530
Processing by Api::V1::Admin::ReportsController#summary as HTML
Processing by Api::V1::RequestsController#index as HTML
  Parameters: {"page" => "1"}
  [1m[36mUser Load (3.3ms)[0m  [1m[34mSELECT "users".* FROM "users" WHERE "users"."deleted_at" IS NULL AND "users"."id" = 'a8b58455-32ed-4b42-af48-3bb969d2c5b8' LIMIT 1 /*action='summary',application='ApprovalEngine',controller='reports'*/[0m
  ↳ app/controllers/concerns/authenticatable.rb:20:in 'Authenticatable#authenticate_user'
  [1m[36mTenant Load (0.4ms)[0m  [1m[34mSELECT "tenants".* FROM "tenants" WHERE "tenants"."deleted_at" IS NULL AND "tenants"."id" = 'aa29ef8c-86bf-413d-9ea9-ed2c4360c3a5' LIMIT 1 /*action='summary',application='ApprovalEngine',controller='reports'*/[0m
  ↳ app/controllers/api/v1/admin/reports_controller.rb:8:in 'Api::V1::Admin::ReportsController#summary'
  [1m[36mRequest Count (0.3ms)[0m  [1m[34mSELECT COUNT(*) FROM "requests" WHERE "requests"."tenant_id" = 'aa29ef8c-86bf-413d-9ea9-ed2c4360c3a5' /*action='summary',application='ApprovalEngine',controller='reports'*/[0m
  ↳ app/controllers/api/v1/admin/reports_controller.rb:22:in 'Api::V1::Admin::ReportsController#total_requests'
  [1m[36mRequest Count (0.2ms)[0m  [1m[34mSELECT COUNT(*) AS "count_all", "requests"."status" AS "requests_status" FROM "requests" WHERE "requests"."tenant_id" = 'aa29ef8c-86bf-413d-9ea9-ed2c4360c3a5' GROUP BY "requests"."status" /*action='summary',application='ApprovalEngine',controller='reports'*/[0m
  ↳ app/controllers/api/v1/admin/reports_controller.rb:26:in 'Api::V1::Admin::ReportsController#status_breakdown'
  [1m[36mRequest Count (0.6ms)[0m  [1m[34mSELECT COUNT(*) AS "count_all", "request_types"."name" AS "request_types_name" FROM "requests" INNER JOIN "request_types" ON "request_types"."deleted_at" IS NULL AND "request_types"."id" = "requests"."request_type_id" WHERE "requests"."tenant_id" = 'aa29ef8c-86bf-413d-9ea9-ed2c4360c3a5' GROUP BY "request_types"."name" /*action='summary',application='ApprovalEngine',controller='reports'*/[0m
  ↳ app/controllers/api/v1/admin/reports_controller.rb:33:in 'Api::V1::Admin::ReportsController#request_type_breakdown'
  [1m[36mApproval Count (0.2ms)[0m  [1m[34mSELECT COUNT(*) AS "count_all", "approvals"."action" AS "approvals_action" FROM "approvals" WHERE "approvals"."tenant_id" = 'aa29ef8c-86bf-413d-9ea9-ed2c4360c3a5' GROUP BY "approvals"."action" /*action='summary',application='ApprovalEngine',controller='reports'*/[0m
  ↳ app/controllers/api/v1/admin/reports_controller.rb:37:in 'Api::V1::Admin::ReportsController#decision_breakdown'
  [1m[36mApproval Count (0.2ms)[0m  [1m[34mSELECT COUNT(*) AS "count_all", "approvals"."rule_id" AS "approvals_rule_id" FROM "approvals" WHERE "approvals"."tenant_id" = 'aa29ef8c-86bf-413d-9ea9-ed2c4360c3a5' AND "approvals"."rule_id" IS NOT NULL GROUP BY "approvals"."rule_id" /*action='summary',application='ApprovalEngine',controller='reports'*/[0m
  ↳ app/controllers/api/v1/admin/reports_controller.rb:44:in 'Api::V1::Admin::ReportsController#rule_hit_counts'
Completed 200 OK in 14ms (Views: 0.1ms | ActiveRecord: 5.2ms (7 queries, 0 cached) | GC: 2.3ms)


  [1m[36mUser Load (0.5ms)[0m  [1m[34mSELECT "users".* FROM "users" WHERE "users"."deleted_at" IS NULL AND "users"."id" = 'a8b58455-32ed-4b42-af48-3bb969d2c5b8' LIMIT 1 /*action='index',application='ApprovalEngine',controller='requests'*/[0m
  ↳ app/controllers/concerns/authenticatable.rb:20:in 'Authenticatable#authenticate_user'
  [1m[36mTenant Load (0.3ms)[0m  [1m[34mSELECT "tenants".* FROM "tenants" WHERE "tenants"."deleted_at" IS NULL AND "tenants"."id" = 'aa29ef8c-86bf-413d-9ea9-ed2c4360c3a5' LIMIT 1 /*action='index',application='ApprovalEngine',controller='requests'*/[0m
  ↳ app/controllers/api/v1/requests_controller.rb:9:in 'Api::V1::RequestsController#index'
  [1m[36mRequest Count (0.4ms)[0m  [1m[34mSELECT COUNT(*) FROM "requests" WHERE "requests"."tenant_id" = 'aa29ef8c-86bf-413d-9ea9-ed2c4360c3a5' /*action='index',application='ApprovalEngine',controller='requests'*/[0m
  ↳ app/controllers/api/v1/requests_controller.rb:16:in 'Api::V1::RequestsController#index'
  [1m[36mRequest Load (0.3ms)[0m  [1m[34mSELECT "requests".* FROM "requests" WHERE "requests"."tenant_id" = 'aa29ef8c-86bf-413d-9ea9-ed2c4360c3a5' ORDER BY "requests"."created_at" DESC LIMIT 10 OFFSET 0 /*action='index',application='ApprovalEngine',controller='requests'*/[0m
  ↳ app/controllers/api/v1/requests_controller.rb:22:in 'Api::V1::RequestsController#index'
  [1m[36mUser Load (0.3ms)[0m  [1m[34mSELECT "users".* FROM "users" WHERE "users"."deleted_at" IS NULL AND "users"."id" IN ('37ec41c9-c494-4128-bb94-07c2b87ad9e6', 'e3143983-a8ea-40e8-b2e5-399b41d73282', '24c0e984-3d03-44c6-bdb3-9e397ba9d8c2') /*action='index',application='ApprovalEngine',controller='requests'*/[0m
  ↳ app/controllers/api/v1/requests_controller.rb:22:in 'Api::V1::RequestsController#index'
  [1m[36mRequestType Load (0.3ms)[0m  [1m[34mSELECT "request_types".* FROM "request_types" WHERE "request_types"."deleted_at" IS NULL AND "request_types"."id" IN ('dbc4ad97-8696-4a00-9423-3d4df65dbd59', '1f5dd956-b4d1-456e-a5ea-d3c63ebde7b8') /*action='index',application='ApprovalEngine',controller='requests'*/[0m
  ↳ app/controllers/api/v1/requests_controller.rb:22:in 'Api::V1::RequestsController#index'
  [1m[36mApproval Load (0.4ms)[0m  [1m[34mSELECT "approvals".* FROM "approvals" WHERE "approvals"."request_id" IN ('8749cef5-817e-4f15-9a5a-e21cce1ffc0b', '0b14874d-75a2-49ac-af54-7025e87f2935', 'c2684ab9-fafc-4bfa-9ee7-4b7c41662145', '475229ab-84b6-40bf-abb0-c6ce911f67be', '5baae476-eb1d-407f-9cf0-a4addb60c542', '337744f0-b2c2-4474-8a70-3c3e2a1e5cca', '40873ba3-35c3-4506-82e6-4f595ba5634c', '4953134c-7c5c-4a29-8132-50bd579fcec8', '174d6d3c-993e-47b4-a309-3e63cb94c137', '185afc40-3aa9-4a26-8177-8d7bca45870c') /*action='index',application='ApprovalEngine',controller='requests'*/[0m
  ↳ app/controllers/api/v1/requests_controller.rb:22:in 'Api::V1::RequestsController#index'
  [1m[36mUser Load (0.4ms)[0m  [1m[34mSELECT "users".* FROM "users" INNER JOIN "request_type_approvers" ON "users"."id" = "request_type_approvers"."user_id" WHERE "users"."deleted_at" IS NULL AND "request_type_approvers"."request_type_id" = 'dbc4ad97-8696-4a00-9423-3d4df65dbd59' /*action='index',application='ApprovalEngine',controller='requests'*/[0m
  ↳ app/controllers/api/v1/requests_controller.rb:22:in 'Api::V1::RequestsController#index'
  [1m[36mCACHE User Load (0.0ms)[0m  [1m[34mSELECT "users".* FROM "users" WHERE "users"."deleted_at" IS NULL AND "users"."id" = 'a8b58455-32ed-4b42-af48-3bb969d2c5b8' LIMIT 1[0m
  ↳ app/controllers/api/v1/requests_controller.rb:22:in 'Api::V1::RequestsController#index'
  [1m[36mRule Load (0.4ms)[0m  [1m[34mSELECT "rules".* FROM "rules" WHERE "rules"."deleted_at" IS NULL AND "rules"."id" = '6d9b88af-a02d-4d3c-8099-8cb7fb3a2d4a' LIMIT 1 /*action='index',application='ApprovalEngine',controller='requests'*/[0m
  ↳ app/controllers/api/v1/requests_controller.rb:22:in 'Api::V1::RequestsController#index'
  [1m[36mRequestType Load (0.3ms)[0m  [1m[34mSELECT "request_types".* FROM "request_types" WHERE "request_types"."deleted_at" IS NULL AND "request_types"."id" = 'dbc4ad97-8696-4a00-9423-3d4df65dbd59' LIMIT 1 /*action='index',application='ApprovalEngine',controller='requests'*/[0m
  ↳ app/controllers/api/v1/requests_controller.rb:22:in 'Api::V1::RequestsController#index'
  [1m[36mCACHE User Load (0.0ms)[0m  [1m[34mSELECT "users".* FROM "users" INNER JOIN "request_type_approvers" ON "users"."id" = "request_type_approvers"."user_id" WHERE "users"."deleted_at" IS NULL AND "request_type_approvers"."request_type_id" = 'dbc4ad97-8696-4a00-9423-3d4df65dbd59'[0m
  ↳ app/controllers/api/v1/requests_controller.rb:22:in 'Api::V1::RequestsController#index'
  [1m[36mRule Load (0.2ms)[0m  [1m[34mSELECT "rules".* FROM "rules" WHERE "rules"."deleted_at" IS NULL AND "rules"."id" = '48a78e3e-3f71-41f5-a9b5-01ff3306a6d0' LIMIT 1 /*action='index',application='ApprovalEngine',controller='requests'*/[0m
  ↳ app/controllers/api/v1/requests_controller.rb:22:in 'Api::V1::RequestsController#index'
  [1m[36mCACHE RequestType Load (0.0ms)[0m  [1m[34mSELECT "request_types".* FROM "request_types" WHERE "request_types"."deleted_at" IS NULL AND "request_types"."id" = 'dbc4ad97-8696-4a00-9423-3d4df65dbd59' LIMIT 1[0m
  ↳ app/controllers/api/v1/requests_controller.rb:22:in 'Api::V1::RequestsController#index'
  [1m[36mCACHE User Load (0.0ms)[0m  [1m[34mSELECT "users".* FROM "users" INNER JOIN "request_type_approvers" ON "users"."id" = "request_type_approvers"."user_id" WHERE "users"."deleted_at" IS NULL AND "request_type_approvers"."request_type_id" = 'dbc4ad97-8696-4a00-9423-3d4df65dbd59'[0m
  ↳ app/controllers/api/v1/requests_controller.rb:22:in 'Api::V1::RequestsController#index'
  [1m[36mCACHE User Load (0.0ms)[0m  [1m[34mSELECT "users".* FROM "users" WHERE "users"."deleted_at" IS NULL AND "users"."id" = 'a8b58455-32ed-4b42-af48-3bb969d2c5b8' LIMIT 1[0m
  ↳ app/controllers/api/v1/requests_controller.rb:22:in 'Api::V1::RequestsController#index'
  [1m[36mCACHE Rule Load (0.0ms)[0m  [1m[34mSELECT "rules".* FROM "rules" WHERE "rules"."deleted_at" IS NULL AND "rules"."id" = '6d9b88af-a02d-4d3c-8099-8cb7fb3a2d4a' LIMIT 1[0m
  ↳ app/controllers/api/v1/requests_controller.rb:22:in 'Api::V1::RequestsController#index'
  [1m[36mCACHE RequestType Load (0.0ms)[0m  [1m[34mSELECT "request_types".* FROM "request_types" WHERE "request_types"."deleted_at" IS NULL AND "request_types"."id" = 'dbc4ad97-8696-4a00-9423-3d4df65dbd59' LIMIT 1[0m
  ↳ app/controllers/api/v1/requests_controller.rb:22:in 'Api::V1::RequestsController#index'
  [1m[36mCACHE User Load (0.0ms)[0m  [1m[34mSELECT "users".* FROM "users" INNER JOIN "request_type_approvers" ON "users"."id" = "request_type_approvers"."user_id" WHERE "users"."deleted_at" IS NULL AND "request_type_approvers"."request_type_id" = 'dbc4ad97-8696-4a00-9423-3d4df65dbd59'[0m
  ↳ app/controllers/api/v1/requests_controller.rb:22:in 'Api::V1::RequestsController#index'
  [1m[36mCACHE User Load (0.0ms)[0m  [1m[34mSELECT "users".* FROM "users" WHERE "users"."deleted_at" IS NULL AND "users"."id" = 'a8b58455-32ed-4b42-af48-3bb969d2c5b8' LIMIT 1[0m
  ↳ app/controllers/api/v1/requests_controller.rb:22:in 'Api::V1::RequestsController#index'
  [1m[36mCACHE Rule Load (0.0ms)[0m  [1m[34mSELECT "rules".* FROM "rules" WHERE "rules"."deleted_at" IS NULL AND "rules"."id" = '48a78e3e-3f71-41f5-a9b5-01ff3306a6d0' LIMIT 1[0m
  ↳ app/controllers/api/v1/requests_controller.rb:22:in 'Api::V1::RequestsController#index'
  [1m[36mCACHE RequestType Load (0.0ms)[0m  [1m[34mSELECT "request_types".* FROM "request_types" WHERE "request_types"."deleted_at" IS NULL AND "request_types"."id" = 'dbc4ad97-8696-4a00-9423-3d4df65dbd59' LIMIT 1[0m
  ↳ app/controllers/api/v1/requests_controller.rb:22:in 'Api::V1::RequestsController#index'
  [1m[36mCACHE User Load (0.0ms)[0m  [1m[34mSELECT "users".* FROM "users" INNER JOIN "request_type_approvers" ON "users"."id" = "request_type_approvers"."user_id" WHERE "users"."deleted_at" IS NULL AND "request_type_approvers"."request_type_id" = 'dbc4ad97-8696-4a00-9423-3d4df65dbd59'[0m
  ↳ app/controllers/api/v1/requests_controller.rb:22:in 'Api::V1::RequestsController#index'
  [1m[36mUser Load (0.5ms)[0m  [1m[34mSELECT "users".* FROM "users" INNER JOIN "request_type_approvers" ON "users"."id" = "request_type_approvers"."user_id" WHERE "users"."deleted_at" IS NULL AND "request_type_approvers"."request_type_id" = '1f5dd956-b4d1-456e-a5ea-d3c63ebde7b8' /*action='index',application='ApprovalEngine',controller='requests'*/[0m
  ↳ app/controllers/api/v1/requests_controller.rb:22:in 'Api::V1::RequestsController#index'
  [1m[36mRule Load (0.2ms)[0m  [1m[34mSELECT "rules".* FROM "rules" WHERE "rules"."deleted_at" IS NULL AND "rules"."id" = 'bf0d0cb8-758c-434f-beb1-e73dee813eec' LIMIT 1 /*action='index',application='ApprovalEngine',controller='requests'*/[0m
  ↳ app/controllers/api/v1/requests_controller.rb:22:in 'Api::V1::RequestsController#index'
  [1m[36mRequestType Load (0.2ms)[0m  [1m[34mSELECT "request_types".* FROM "request_types" WHERE "request_types"."deleted_at" IS NULL AND "request_types"."id" = '1f5dd956-b4d1-456e-a5ea-d3c63ebde7b8' LIMIT 1 /*action='index',application='ApprovalEngine',controller='requests'*/[0m
  ↳ app/controllers/api/v1/requests_controller.rb:22:in 'Api::V1::RequestsController#index'
  [1m[36mCACHE User Load (0.0ms)[0m  [1m[34mSELECT "users".* FROM "users" INNER JOIN "request_type_approvers" ON "users"."id" = "request_type_approvers"."user_id" WHERE "users"."deleted_at" IS NULL AND "request_type_approvers"."request_type_id" = '1f5dd956-b4d1-456e-a5ea-d3c63ebde7b8'[0m
  ↳ app/controllers/api/v1/requests_controller.rb:22:in 'Api::V1::RequestsController#index'
  [1m[36mCACHE User Load (0.0ms)[0m  [1m[34mSELECT "users".* FROM "users" WHERE "users"."deleted_at" IS NULL AND "users"."id" = 'a8b58455-32ed-4b42-af48-3bb969d2c5b8' LIMIT 1[0m
  ↳ app/controllers/api/v1/requests_controller.rb:22:in 'Api::V1::RequestsController#index'
  [1m[36mRule Load (0.2ms)[0m  [1m[34mSELECT "rules".* FROM "rules" WHERE "rules"."deleted_at" IS NULL AND "rules"."id" = '1080d429-9d8c-4294-bf05-4b56efcf7824' LIMIT 1 /*action='index',application='ApprovalEngine',controller='requests'*/[0m
  ↳ app/controllers/api/v1/requests_controller.rb:22:in 'Api::V1::RequestsController#index'
  [1m[36mCACHE RequestType Load (0.0ms)[0m  [1m[34mSELECT "request_types".* FROM "request_types" WHERE "request_types"."deleted_at" IS NULL AND "request_types"."id" = '1f5dd956-b4d1-456e-a5ea-d3c63ebde7b8' LIMIT 1[0m
  ↳ app/controllers/api/v1/requests_controller.rb:22:in 'Api::V1::RequestsController#index'
  [1m[36mCACHE User Load (0.0ms)[0m  [1m[34mSELECT "users".* FROM "users" INNER JOIN "request_type_approvers" ON "users"."id" = "request_type_approvers"."user_id" WHERE "users"."deleted_at" IS NULL AND "request_type_approvers"."request_type_id" = '1f5dd956-b4d1-456e-a5ea-d3c63ebde7b8'[0m
  ↳ app/controllers/api/v1/requests_controller.rb:22:in 'Api::V1::RequestsController#index'
  [1m[36mCACHE Rule Load (0.0ms)[0m  [1m[34mSELECT "rules".* FROM "rules" WHERE "rules"."deleted_at" IS NULL AND "rules"."id" = 'bf0d0cb8-758c-434f-beb1-e73dee813eec' LIMIT 1[0m
  ↳ app/controllers/api/v1/requests_controller.rb:22:in 'Api::V1::RequestsController#index'
  [1m[36mCACHE RequestType Load (0.0ms)[0m  [1m[34mSELECT "request_types".* FROM "request_types" WHERE "request_types"."deleted_at" IS NULL AND "request_types"."id" = '1f5dd956-b4d1-456e-a5ea-d3c63ebde7b8' LIMIT 1[0m
  ↳ app/controllers/api/v1/requests_controller.rb:22:in 'Api::V1::RequestsController#index'
  [1m[36mCACHE User Load (0.0ms)[0m  [1m[34mSELECT "users".* FROM "users" INNER JOIN "request_type_approvers" ON "users"."id" = "request_type_approvers"."user_id" WHERE "users"."deleted_at" IS NULL AND "request_type_approvers"."request_type_id" = '1f5dd956-b4d1-456e-a5ea-d3c63ebde7b8'[0m
  ↳ app/controllers/api/v1/requests_controller.rb:22:in 'Api::V1::RequestsController#index'
  [1m[36mCACHE User Load (0.0ms)[0m  [1m[34mSELECT "users".* FROM "users" WHERE "users"."deleted_at" IS NULL AND "users"."id" = 'a8b58455-32ed-4b42-af48-3bb969d2c5b8' LIMIT 1[0m
  ↳ app/controllers/api/v1/requests_controller.rb:22:in 'Api::V1::RequestsController#index'
  [1m[36mCACHE Rule Load (0.0ms)[0m  [1m[34mSELECT "rules".* FROM "rules" WHERE "rules"."deleted_at" IS NULL AND "rules"."id" = 'bf0d0cb8-758c-434f-beb1-e73dee813eec' LIMIT 1[0m
  ↳ app/controllers/api/v1/requests_controller.rb:22:in 'Api::V1::RequestsController#index'
  [1m[36mCACHE RequestType Load (0.0ms)[0m  [1m[34mSELECT "request_types".* FROM "request_types" WHERE "request_types"."deleted_at" IS NULL AND "request_types"."id" = '1f5dd956-b4d1-456e-a5ea-d3c63ebde7b8' LIMIT 1[0m
  ↳ app/controllers/api/v1/requests_controller.rb:22:in 'Api::V1::RequestsController#index'
  [1m[36mCACHE User Load (0.0ms)[0m  [1m[34mSELECT "users".* FROM "users" INNER JOIN "request_type_approvers" ON "users"."id" = "request_type_approvers"."user_id" WHERE "users"."deleted_at" IS NULL AND "request_type_approvers"."request_type_id" = '1f5dd956-b4d1-456e-a5ea-d3c63ebde7b8'[0m
  ↳ app/controllers/api/v1/requests_controller.rb:22:in 'Api::V1::RequestsController#index'
  [1m[36mCACHE User Load (0.0ms)[0m  [1m[34mSELECT "users".* FROM "users" WHERE "users"."deleted_at" IS NULL AND "users"."id" = 'a8b58455-32ed-4b42-af48-3bb969d2c5b8' LIMIT 1[0m
  ↳ app/controllers/api/v1/requests_controller.rb:22:in 'Api::V1::RequestsController#index'
  [1m[36mCACHE Rule Load (0.1ms)[0m  [1m[34mSELECT "rules".* FROM "rules" WHERE "rules"."deleted_at" IS NULL AND "rules"."id" = '48a78e3e-3f71-41f5-a9b5-01ff3306a6d0' LIMIT 1[0m
  ↳ app/controllers/api/v1/requests_controller.rb:22:in 'Api::V1::RequestsController#index'
  [1m[36mCACHE RequestType Load (0.0ms)[0m  [1m[34mSELECT "request_types".* FROM "request_types" WHERE "request_types"."deleted_at" IS NULL AND "request_types"."id" = 'dbc4ad97-8696-4a00-9423-3d4df65dbd59' LIMIT 1[0m
  ↳ app/controllers/api/v1/requests_controller.rb:22:in 'Api::V1::RequestsController#index'
  [1m[36mCACHE User Load (0.0ms)[0m  [1m[34mSELECT "users".* FROM "users" INNER JOIN "request_type_approvers" ON "users"."id" = "request_type_approvers"."user_id" WHERE "users"."deleted_at" IS NULL AND "request_type_approvers"."request_type_id" = 'dbc4ad97-8696-4a00-9423-3d4df65dbd59'[0m
  ↳ app/controllers/api/v1/requests_controller.rb:22:in 'Api::V1::RequestsController#index'
  [1m[36mCACHE User Load (0.0ms)[0m  [1m[34mSELECT "users".* FROM "users" WHERE "users"."deleted_at" IS NULL AND "users"."id" = 'a8b58455-32ed-4b42-af48-3bb969d2c5b8' LIMIT 1[0m
  ↳ app/controllers/api/v1/requests_controller.rb:22:in 'Api::V1::RequestsController#index'
  [1m[36mCACHE Rule Load (0.0ms)[0m  [1m[34mSELECT "rules".* FROM "rules" WHERE "rules"."deleted_at" IS NULL AND "rules"."id" = '48a78e3e-3f71-41f5-a9b5-01ff3306a6d0' LIMIT 1[0m
  ↳ app/controllers/api/v1/requests_controller.rb:22:in 'Api::V1::RequestsController#index'
  [1m[36mCACHE RequestType Load (0.0ms)[0m  [1m[34mSELECT "request_types".* FROM "request_types" WHERE "request_types"."deleted_at" IS NULL AND "request_types"."id" = 'dbc4ad97-8696-4a00-9423-3d4df65dbd59' LIMIT 1[0m
  ↳ app/controllers/api/v1/requests_controller.rb:22:in 'Api::V1::RequestsController#index'
  [1m[36mCACHE User Load (0.0ms)[0m  [1m[34mSELECT "users".* FROM "users" INNER JOIN "request_type_approvers" ON "users"."id" = "request_type_approvers"."user_id" WHERE "users"."deleted_at" IS NULL AND "request_type_approvers"."request_type_id" = 'dbc4ad97-8696-4a00-9423-3d4df65dbd59'[0m
  ↳ app/controllers/api/v1/requests_controller.rb:22:in 'Api::V1::RequestsController#index'
Completed 200 OK in 89ms (Views: 0.2ms | ActiveRecord: 8.3ms (46 queries, 31 cached) | GC: 22.5ms)


Started GET "/api/v1/rules?page=1" for ::1 at 2026-02-09 10:35:16 +0530
Processing by Api::V1::RulesController#index as HTML
  Parameters: {"page" => "1"}
  [1m[36mUser Load (0.4ms)[0m  [1m[34mSELECT "users".* FROM "users" WHERE "users"."deleted_at" IS NULL AND "users"."id" = 'a8b58455-32ed-4b42-af48-3bb969d2c5b8' LIMIT 1 /*action='index',application='ApprovalEngine',controller='rules'*/[0m
  ↳ app/controllers/concerns/authenticatable.rb:20:in 'Authenticatable#authenticate_user'
  [1m[36mTenant Load (0.3ms)[0m  [1m[34mSELECT "tenants".* FROM "tenants" WHERE "tenants"."deleted_at" IS NULL AND "tenants"."id" = 'aa29ef8c-86bf-413d-9ea9-ed2c4360c3a5' LIMIT 1 /*action='index',application='ApprovalEngine',controller='rules'*/[0m
  ↳ app/controllers/api/v1/rules_controller.rb:6:in 'Api::V1::RulesController#index'
  [1m[36mRule Count (0.3ms)[0m  [1m[34mSELECT COUNT(*) FROM "rules" WHERE "rules"."deleted_at" IS NULL AND "rules"."tenant_id" = 'aa29ef8c-86bf-413d-9ea9-ed2c4360c3a5' /*action='index',application='ApprovalEngine',controller='rules'*/[0m
  ↳ app/controllers/api/v1/rules_controller.rb:7:in 'Api::V1::RulesController#index'
  [1m[36mRule Load (0.2ms)[0m  [1m[34mSELECT "rules".* FROM "rules" WHERE "rules"."deleted_at" IS NULL AND "rules"."tenant_id" = 'aa29ef8c-86bf-413d-9ea9-ed2c4360c3a5' LIMIT 10 OFFSET 0 /*action='index',application='ApprovalEngine',controller='rules'*/[0m
  ↳ app/controllers/api/v1/rules_controller.rb:13:in 'Api::V1::RulesController#index'
  [1m[36mRequestType Load (0.2ms)[0m  [1m[34mSELECT "request_types".* FROM "request_types" WHERE "request_types"."deleted_at" IS NULL AND "request_types"."id" IN ('dbc4ad97-8696-4a00-9423-3d4df65dbd59', '1f5dd956-b4d1-456e-a5ea-d3c63ebde7b8') /*action='index',application='ApprovalEngine',controller='rules'*/[0m
  ↳ app/controllers/api/v1/rules_controller.rb:13:in 'Api::V1::RulesController#index'
  [1m[36mUser Load (0.3ms)[0m  [1m[34mSELECT "users".* FROM "users" INNER JOIN "request_type_approvers" ON "users"."id" = "request_type_approvers"."user_id" WHERE "users"."deleted_at" IS NULL AND "request_type_approvers"."request_type_id" = 'dbc4ad97-8696-4a00-9423-3d4df65dbd59' /*action='index',application='ApprovalEngine',controller='rules'*/[0m
  ↳ app/controllers/api/v1/rules_controller.rb:13:in 'Api::V1::RulesController#index'
  [1m[36mUser Load (0.3ms)[0m  [1m[34mSELECT "users".* FROM "users" INNER JOIN "request_type_approvers" ON "users"."id" = "request_type_approvers"."user_id" WHERE "users"."deleted_at" IS NULL AND "request_type_approvers"."request_type_id" = '1f5dd956-b4d1-456e-a5ea-d3c63ebde7b8' /*action='index',application='ApprovalEngine',controller='rules'*/[0m
  ↳ app/controllers/api/v1/rules_controller.rb:13:in 'Api::V1::RulesController#index'
Completed 200 OK in 18ms (Views: 0.2ms | ActiveRecord: 1.9ms (7 queries, 0 cached) | GC: 6.8ms)


Started GET "/api/v1/request_types?page=1" for ::1 at 2026-02-09 10:35:16 +0530
Processing by Api::V1::RequestTypesController#index as HTML
  Parameters: {"page" => "1"}
  [1m[36mUser Load (0.4ms)[0m  [1m[34mSELECT "users".* FROM "users" WHERE "users"."deleted_at" IS NULL AND "users"."id" = 'a8b58455-32ed-4b42-af48-3bb969d2c5b8' LIMIT 1 /*action='index',application='ApprovalEngine',controller='request_types'*/[0m
  ↳ app/controllers/concerns/authenticatable.rb:20:in 'Authenticatable#authenticate_user'
  [1m[36mTenant Load (0.2ms)[0m  [1m[34mSELECT "tenants".* FROM "tenants" WHERE "tenants"."deleted_at" IS NULL AND "tenants"."id" = 'aa29ef8c-86bf-413d-9ea9-ed2c4360c3a5' LIMIT 1 /*action='index',application='ApprovalEngine',controller='request_types'*/[0m
  ↳ app/controllers/api/v1/request_types_controller.rb:6:in 'Api::V1::RequestTypesController#index'
  [1m[36mRequestType Count (0.5ms)[0m  [1m[34mSELECT COUNT(*) FROM "request_types" WHERE "request_types"."deleted_at" IS NULL AND "request_types"."tenant_id" = 'aa29ef8c-86bf-413d-9ea9-ed2c4360c3a5' /*action='index',application='ApprovalEngine',controller='request_types'*/[0m
  ↳ app/controllers/api/v1/request_types_controller.rb:7:in 'Api::V1::RequestTypesController#index'
  [1m[36mRequestType Load (0.3ms)[0m  [1m[34mSELECT "request_types".* FROM "request_types" WHERE "request_types"."deleted_at" IS NULL AND "request_types"."tenant_id" = 'aa29ef8c-86bf-413d-9ea9-ed2c4360c3a5' LIMIT 10 OFFSET 0 /*action='index',application='ApprovalEngine',controller='request_types'*/[0m
  ↳ app/controllers/api/v1/request_types_controller.rb:13:in 'Api::V1::RequestTypesController#index'
  [1m[36mRequestTypeApprover Load (0.3ms)[0m  [1m[34mSELECT "request_type_approvers".* FROM "request_type_approvers" WHERE "request_type_approvers"."request_type_id" IN ('dbc4ad97-8696-4a00-9423-3d4df65dbd59', '1f5dd956-b4d1-456e-a5ea-d3c63ebde7b8') /*action='index',application='ApprovalEngine',controller='request_types'*/[0m
  ↳ app/controllers/api/v1/request_types_controller.rb:13:in 'Api::V1::RequestTypesController#index'
  [1m[36mUser Load (0.3ms)[0m  [1m[34mSELECT "users".* FROM "users" WHERE "users"."deleted_at" IS NULL AND "users"."id" IN ('24c0e984-3d03-44c6-bdb3-9e397ba9d8c2', '37ec41c9-c494-4128-bb94-07c2b87ad9e6') /*action='index',application='ApprovalEngine',controller='request_types'*/[0m
  ↳ app/controllers/api/v1/request_types_controller.rb:13:in 'Api::V1::RequestTypesController#index'
Completed 200 OK in 18ms (Views: 0.1ms | ActiveRecord: 2.0ms (6 queries, 0 cached) | GC: 8.0ms)


Started GET "/api/v1/approver/requests?page=1" for ::1 at 2026-02-09 10:38:36 +0530
Processing by Api::V1::Approver::RequestsController#index as HTML
  Parameters: {"page" => "1"}
  [1m[36mUser Load (0.4ms)[0m  [1m[34mSELECT "users".* FROM "users" WHERE "users"."deleted_at" IS NULL AND "users"."id" = 'a8b58455-32ed-4b42-af48-3bb969d2c5b8' LIMIT 1 /*action='index',application='ApprovalEngine',controller='requests'*/[0m
  ↳ app/controllers/concerns/authenticatable.rb:20:in 'Authenticatable#authenticate_user'
  [1m[36mRequest Count (0.2ms)[0m  [1m[34mSELECT COUNT(*) FROM "requests" WHERE "requests"."status" = 'pending_approval' AND "requests"."tenant_id" = 'aa29ef8c-86bf-413d-9ea9-ed2c4360c3a5' /*action='index',application='ApprovalEngine',controller='requests'*/[0m
  ↳ app/controllers/api/v1/approver/requests_controller.rb:24:in 'Api::V1::Approver::RequestsController#index'
  [1m[36mRequest Load (0.2ms)[0m  [1m[34mSELECT "requests".* FROM "requests" WHERE "requests"."status" = 'pending_approval' AND "requests"."tenant_id" = 'aa29ef8c-86bf-413d-9ea9-ed2c4360c3a5' LIMIT 10 OFFSET 0 /*action='index',application='ApprovalEngine',controller='requests'*/[0m
  ↳ app/controllers/api/v1/approver/requests_controller.rb:30:in 'Api::V1::Approver::RequestsController#index'
Completed 200 OK in 13ms (Views: 0.1ms | ActiveRecord: 0.7ms (3 queries, 0 cached) | GC: 9.4ms)


Started GET "/api/v1/request_types?page=1" for ::1 at 2026-02-09 10:38:38 +0530
Processing by Api::V1::RequestTypesController#index as HTML
  Parameters: {"page" => "1"}
  [1m[36mUser Load (0.5ms)[0m  [1m[34mSELECT "users".* FROM "users" WHERE "users"."deleted_at" IS NULL AND "users"."id" = 'a8b58455-32ed-4b42-af48-3bb969d2c5b8' LIMIT 1 /*action='index',application='ApprovalEngine',controller='request_types'*/[0m
  ↳ app/controllers/concerns/authenticatable.rb:20:in 'Authenticatable#authenticate_user'
  [1m[36mTenant Load (0.2ms)[0m  [1m[34mSELECT "tenants".* FROM "tenants" WHERE "tenants"."deleted_at" IS NULL AND "tenants"."id" = 'aa29ef8c-86bf-413d-9ea9-ed2c4360c3a5' LIMIT 1 /*action='index',application='ApprovalEngine',controller='request_types'*/[0m
  ↳ app/controllers/api/v1/request_types_controller.rb:6:in 'Api::V1::RequestTypesController#index'
  [1m[36mRequestType Count (0.2ms)[0m  [1m[34mSELECT COUNT(*) FROM "request_types" WHERE "request_types"."deleted_at" IS NULL AND "request_types"."tenant_id" = 'aa29ef8c-86bf-413d-9ea9-ed2c4360c3a5' /*action='index',application='ApprovalEngine',controller='request_types'*/[0m
  ↳ app/controllers/api/v1/request_types_controller.rb:7:in 'Api::V1::RequestTypesController#index'
  [1m[36mRequestType Load (0.1ms)[0m  [1m[34mSELECT "request_types".* FROM "request_types" WHERE "request_types"."deleted_at" IS NULL AND "request_types"."tenant_id" = 'aa29ef8c-86bf-413d-9ea9-ed2c4360c3a5' LIMIT 10 OFFSET 0 /*action='index',application='ApprovalEngine',controller='request_types'*/[0m
  ↳ app/controllers/api/v1/request_types_controller.rb:13:in 'Api::V1::RequestTypesController#index'
  [1m[36mRequestTypeApprover Load (0.2ms)[0m  [1m[34mSELECT "request_type_approvers".* FROM "request_type_approvers" WHERE "request_type_approvers"."request_type_id" IN ('dbc4ad97-8696-4a00-9423-3d4df65dbd59', '1f5dd956-b4d1-456e-a5ea-d3c63ebde7b8') /*action='index',application='ApprovalEngine',controller='request_types'*/[0m
  ↳ app/controllers/api/v1/request_types_controller.rb:13:in 'Api::V1::RequestTypesController#index'
  [1m[36mUser Load (0.1ms)[0m  [1m[34mSELECT "users".* FROM "users" WHERE "users"."deleted_at" IS NULL AND "users"."id" IN ('24c0e984-3d03-44c6-bdb3-9e397ba9d8c2', '37ec41c9-c494-4128-bb94-07c2b87ad9e6') /*action='index',application='ApprovalEngine',controller='request_types'*/[0m
  ↳ app/controllers/api/v1/request_types_controller.rb:13:in 'Api::V1::RequestTypesController#index'
Completed 200 OK in 8ms (Views: 0.1ms | ActiveRecord: 1.2ms (6 queries, 0 cached) | GC: 0.6ms)


Started GET "/api/v1/admin/reports/summary" for ::1 at 2026-02-09 10:38:38 +0530
Started GET "/api/v1/requests?page=1" for ::1 at 2026-02-09 10:38:38 +0530
Processing by Api::V1::Admin::ReportsController#summary as HTML
Processing by Api::V1::RequestsController#index as HTML
  Parameters: {"page" => "1"}
  [1m[36mUser Load (0.5ms)[0m  [1m[34mSELECT "users".* FROM "users" WHERE "users"."deleted_at" IS NULL AND "users"."id" = 'a8b58455-32ed-4b42-af48-3bb969d2c5b8' LIMIT 1 /*action='summary',application='ApprovalEngine',controller='reports'*/[0m
  ↳ app/controllers/concerns/authenticatable.rb:20:in 'Authenticatable#authenticate_user'
  [1m[36mUser Load (1.8ms)[0m  [1m[34mSELECT "users".* FROM "users" WHERE "users"."deleted_at" IS NULL AND "users"."id" = 'a8b58455-32ed-4b42-af48-3bb969d2c5b8' LIMIT 1 /*action='index',application='ApprovalEngine',controller='requests'*/[0m
  ↳ app/controllers/concerns/authenticatable.rb:20:in 'Authenticatable#authenticate_user'
  [1m[36mTenant Load (0.8ms)[0m  [1m[34mSELECT "tenants".* FROM "tenants" WHERE "tenants"."deleted_at" IS NULL AND "tenants"."id" = 'aa29ef8c-86bf-413d-9ea9-ed2c4360c3a5' LIMIT 1 /*action='summary',application='ApprovalEngine',controller='reports'*/[0m
  ↳ app/controllers/api/v1/admin/reports_controller.rb:8:in 'Api::V1::Admin::ReportsController#summary'
  [1m[36mTenant Load (0.8ms)[0m  [1m[34mSELECT "tenants".* FROM "tenants" WHERE "tenants"."deleted_at" IS NULL AND "tenants"."id" = 'aa29ef8c-86bf-413d-9ea9-ed2c4360c3a5' LIMIT 1 /*action='index',application='ApprovalEngine',controller='requests'*/[0m
  ↳ app/controllers/api/v1/requests_controller.rb:9:in 'Api::V1::RequestsController#index'
  [1m[36mRequest Count (0.8ms)[0m  [1m[34mSELECT COUNT(*) FROM "requests" WHERE "requests"."tenant_id" = 'aa29ef8c-86bf-413d-9ea9-ed2c4360c3a5' /*action='summary',application='ApprovalEngine',controller='reports'*/[0m
  ↳ app/controllers/api/v1/admin/reports_controller.rb:22:in 'Api::V1::Admin::ReportsController#total_requests'
  [1m[36mRequest Count (0.7ms)[0m  [1m[34mSELECT COUNT(*) FROM "requests" WHERE "requests"."tenant_id" = 'aa29ef8c-86bf-413d-9ea9-ed2c4360c3a5' /*action='index',application='ApprovalEngine',controller='requests'*/[0m
  ↳ app/controllers/api/v1/requests_controller.rb:16:in 'Api::V1::RequestsController#index'
  [1m[36mRequest Count (0.7ms)[0m  [1m[34mSELECT COUNT(*) AS "count_all", "requests"."status" AS "requests_status" FROM "requests" WHERE "requests"."tenant_id" = 'aa29ef8c-86bf-413d-9ea9-ed2c4360c3a5' GROUP BY "requests"."status" /*action='summary',application='ApprovalEngine',controller='reports'*/[0m
  ↳ app/controllers/api/v1/admin/reports_controller.rb:26:in 'Api::V1::Admin::ReportsController#status_breakdown'
  [1m[36mRequest Load (1.0ms)[0m  [1m[34mSELECT "requests".* FROM "requests" WHERE "requests"."tenant_id" = 'aa29ef8c-86bf-413d-9ea9-ed2c4360c3a5' ORDER BY "requests"."created_at" DESC LIMIT 10 OFFSET 0 /*action='index',application='ApprovalEngine',controller='requests'*/[0m
  ↳ app/controllers/api/v1/requests_controller.rb:22:in 'Api::V1::RequestsController#index'
  [1m[36mRequest Count (1.5ms)[0m  [1m[34mSELECT COUNT(*) AS "count_all", "request_types"."name" AS "request_types_name" FROM "requests" INNER JOIN "request_types" ON "request_types"."deleted_at" IS NULL AND "request_types"."id" = "requests"."request_type_id" WHERE "requests"."tenant_id" = 'aa29ef8c-86bf-413d-9ea9-ed2c4360c3a5' GROUP BY "request_types"."name" /*action='summary',application='ApprovalEngine',controller='reports'*/[0m
  ↳ app/controllers/api/v1/admin/reports_controller.rb:33:in 'Api::V1::Admin::ReportsController#request_type_breakdown'
  [1m[36mUser Load (0.8ms)[0m  [1m[34mSELECT "users".* FROM "users" WHERE "users"."deleted_at" IS NULL AND "users"."id" IN ('37ec41c9-c494-4128-bb94-07c2b87ad9e6', 'e3143983-a8ea-40e8-b2e5-399b41d73282', '24c0e984-3d03-44c6-bdb3-9e397ba9d8c2') /*action='index',application='ApprovalEngine',controller='requests'*/[0m
  ↳ app/controllers/api/v1/requests_controller.rb:22:in 'Api::V1::RequestsController#index'
  [1m[36mApproval Count (1.0ms)[0m  [1m[34mSELECT COUNT(*) AS "count_all", "approvals"."action" AS "approvals_action" FROM "approvals" WHERE "approvals"."tenant_id" = 'aa29ef8c-86bf-413d-9ea9-ed2c4360c3a5' GROUP BY "approvals"."action" /*action='summary',application='ApprovalEngine',controller='reports'*/[0m
  ↳ app/controllers/api/v1/admin/reports_controller.rb:37:in 'Api::V1::Admin::ReportsController#decision_breakdown'
  [1m[36mRequestType Load (0.6ms)[0m  [1m[34mSELECT "request_types".* FROM "request_types" WHERE "request_types"."deleted_at" IS NULL AND "request_types"."id" IN ('dbc4ad97-8696-4a00-9423-3d4df65dbd59', '1f5dd956-b4d1-456e-a5ea-d3c63ebde7b8') /*action='index',application='ApprovalEngine',controller='requests'*/[0m
  ↳ app/controllers/api/v1/requests_controller.rb:22:in 'Api::V1::RequestsController#index'
  [1m[36mApproval Count (0.8ms)[0m  [1m[34mSELECT COUNT(*) AS "count_all", "approvals"."rule_id" AS "approvals_rule_id" FROM "approvals" WHERE "approvals"."tenant_id" = 'aa29ef8c-86bf-413d-9ea9-ed2c4360c3a5' AND "approvals"."rule_id" IS NOT NULL GROUP BY "approvals"."rule_id" /*action='summary',application='ApprovalEngine',controller='reports'*/[0m
  ↳ app/controllers/api/v1/admin/reports_controller.rb:44:in 'Api::V1::Admin::ReportsController#rule_hit_counts'
Completed 200 OK in 13ms (Views: 0.1ms | ActiveRecord: 6.1ms (7 queries, 0 cached) | GC: 1.0ms)


  [1m[36mApproval Load (1.0ms)[0m  [1m[34mSELECT "approvals".* FROM "approvals" WHERE "approvals"."request_id" IN ('8749cef5-817e-4f15-9a5a-e21cce1ffc0b', '0b14874d-75a2-49ac-af54-7025e87f2935', 'c2684ab9-fafc-4bfa-9ee7-4b7c41662145', '475229ab-84b6-40bf-abb0-c6ce911f67be', '5baae476-eb1d-407f-9cf0-a4addb60c542', '337744f0-b2c2-4474-8a70-3c3e2a1e5cca', '40873ba3-35c3-4506-82e6-4f595ba5634c', '4953134c-7c5c-4a29-8132-50bd579fcec8', '174d6d3c-993e-47b4-a309-3e63cb94c137', '185afc40-3aa9-4a26-8177-8d7bca45870c') /*action='index',application='ApprovalEngine',controller='requests'*/[0m
  ↳ app/controllers/api/v1/requests_controller.rb:22:in 'Api::V1::RequestsController#index'
  [1m[36mUser Load (0.3ms)[0m  [1m[34mSELECT "users".* FROM "users" INNER JOIN "request_type_approvers" ON "users"."id" = "request_type_approvers"."user_id" WHERE "users"."deleted_at" IS NULL AND "request_type_approvers"."request_type_id" = 'dbc4ad97-8696-4a00-9423-3d4df65dbd59' /*action='index',application='ApprovalEngine',controller='requests'*/[0m
  ↳ app/controllers/api/v1/requests_controller.rb:22:in 'Api::V1::RequestsController#index'
  [1m[36mCACHE User Load (0.0ms)[0m  [1m[34mSELECT "users".* FROM "users" WHERE "users"."deleted_at" IS NULL AND "users"."id" = 'a8b58455-32ed-4b42-af48-3bb969d2c5b8' LIMIT 1[0m
  ↳ app/controllers/api/v1/requests_controller.rb:22:in 'Api::V1::RequestsController#index'
  [1m[36mRule Load (0.2ms)[0m  [1m[34mSELECT "rules".* FROM "rules" WHERE "rules"."deleted_at" IS NULL AND "rules"."id" = '6d9b88af-a02d-4d3c-8099-8cb7fb3a2d4a' LIMIT 1 /*action='index',application='ApprovalEngine',controller='requests'*/[0m
  ↳ app/controllers/api/v1/requests_controller.rb:22:in 'Api::V1::RequestsController#index'
  [1m[36mRequestType Load (0.1ms)[0m  [1m[34mSELECT "request_types".* FROM "request_types" WHERE "request_types"."deleted_at" IS NULL AND "request_types"."id" = 'dbc4ad97-8696-4a00-9423-3d4df65dbd59' LIMIT 1 /*action='index',application='ApprovalEngine',controller='requests'*/[0m
  ↳ app/controllers/api/v1/requests_controller.rb:22:in 'Api::V1::RequestsController#index'
  [1m[36mCACHE User Load (0.0ms)[0m  [1m[34mSELECT "users".* FROM "users" INNER JOIN "request_type_approvers" ON "users"."id" = "request_type_approvers"."user_id" WHERE "users"."deleted_at" IS NULL AND "request_type_approvers"."request_type_id" = 'dbc4ad97-8696-4a00-9423-3d4df65dbd59'[0m
  ↳ app/controllers/api/v1/requests_controller.rb:22:in 'Api::V1::RequestsController#index'
  [1m[36mRule Load (0.2ms)[0m  [1m[34mSELECT "rules".* FROM "rules" WHERE "rules"."deleted_at" IS NULL AND "rules"."id" = '48a78e3e-3f71-41f5-a9b5-01ff3306a6d0' LIMIT 1 /*action='index',application='ApprovalEngine',controller='requests'*/[0m
  ↳ app/controllers/api/v1/requests_controller.rb:22:in 'Api::V1::RequestsController#index'
  [1m[36mCACHE RequestType Load (0.0ms)[0m  [1m[34mSELECT "request_types".* FROM "request_types" WHERE "request_types"."deleted_at" IS NULL AND "request_types"."id" = 'dbc4ad97-8696-4a00-9423-3d4df65dbd59' LIMIT 1[0m
  ↳ app/controllers/api/v1/requests_controller.rb:22:in 'Api::V1::RequestsController#index'
  [1m[36mCACHE User Load (0.0ms)[0m  [1m[34mSELECT "users".* FROM "users" INNER JOIN "request_type_approvers" ON "users"."id" = "request_type_approvers"."user_id" WHERE "users"."deleted_at" IS NULL AND "request_type_approvers"."request_type_id" = 'dbc4ad97-8696-4a00-9423-3d4df65dbd59'[0m
  ↳ app/controllers/api/v1/requests_controller.rb:22:in 'Api::V1::RequestsController#index'
  [1m[36mCACHE User Load (0.0ms)[0m  [1m[34mSELECT "users".* FROM "users" WHERE "users"."deleted_at" IS NULL AND "users"."id" = 'a8b58455-32ed-4b42-af48-3bb969d2c5b8' LIMIT 1[0m
  ↳ app/controllers/api/v1/requests_controller.rb:22:in 'Api::V1::RequestsController#index'
  [1m[36mCACHE Rule Load (0.0ms)[0m  [1m[34mSELECT "rules".* FROM "rules" WHERE "rules"."deleted_at" IS NULL AND "rules"."id" = '6d9b88af-a02d-4d3c-8099-8cb7fb3a2d4a' LIMIT 1[0m
  ↳ app/controllers/api/v1/requests_controller.rb:22:in 'Api::V1::RequestsController#index'
  [1m[36mCACHE RequestType Load (0.0ms)[0m  [1m[34mSELECT "request_types".* FROM "request_types" WHERE "request_types"."deleted_at" IS NULL AND "request_types"."id" = 'dbc4ad97-8696-4a00-9423-3d4df65dbd59' LIMIT 1[0m
  ↳ app/controllers/api/v1/requests_controller.rb:22:in 'Api::V1::RequestsController#index'
  [1m[36mCACHE User Load (0.0ms)[0m  [1m[34mSELECT "users".* FROM "users" INNER JOIN "request_type_approvers" ON "users"."id" = "request_type_approvers"."user_id" WHERE "users"."deleted_at" IS NULL AND "request_type_approvers"."request_type_id" = 'dbc4ad97-8696-4a00-9423-3d4df65dbd59'[0m
  ↳ app/controllers/api/v1/requests_controller.rb:22:in 'Api::V1::RequestsController#index'
  [1m[36mCACHE User Load (0.0ms)[0m  [1m[34mSELECT "users".* FROM "users" WHERE "users"."deleted_at" IS NULL AND "users"."id" = 'a8b58455-32ed-4b42-af48-3bb969d2c5b8' LIMIT 1[0m
  ↳ app/controllers/api/v1/requests_controller.rb:22:in 'Api::V1::RequestsController#index'
  [1m[36mCACHE Rule Load (0.0ms)[0m  [1m[34mSELECT "rules".* FROM "rules" WHERE "rules"."deleted_at" IS NULL AND "rules"."id" = '48a78e3e-3f71-41f5-a9b5-01ff3306a6d0' LIMIT 1[0m
  ↳ app/controllers/api/v1/requests_controller.rb:22:in 'Api::V1::RequestsController#index'
  [1m[36mCACHE RequestType Load (0.0ms)[0m  [1m[34mSELECT "request_types".* FROM "request_types" WHERE "request_types"."deleted_at" IS NULL AND "request_types"."id" = 'dbc4ad97-8696-4a00-9423-3d4df65dbd59' LIMIT 1[0m
  ↳ app/controllers/api/v1/requests_controller.rb:22:in 'Api::V1::RequestsController#index'
  [1m[36mCACHE User Load (0.0ms)[0m  [1m[34mSELECT "users".* FROM "users" INNER JOIN "request_type_approvers" ON "users"."id" = "request_type_approvers"."user_id" WHERE "users"."deleted_at" IS NULL AND "request_type_approvers"."request_type_id" = 'dbc4ad97-8696-4a00-9423-3d4df65dbd59'[0m
  ↳ app/controllers/api/v1/requests_controller.rb:22:in 'Api::V1::RequestsController#index'
  [1m[36mUser Load (0.4ms)[0m  [1m[34mSELECT "users".* FROM "users" INNER JOIN "request_type_approvers" ON "users"."id" = "request_type_approvers"."user_id" WHERE "users"."deleted_at" IS NULL AND "request_type_approvers"."request_type_id" = '1f5dd956-b4d1-456e-a5ea-d3c63ebde7b8' /*action='index',application='ApprovalEngine',controller='requests'*/[0m
  ↳ app/controllers/api/v1/requests_controller.rb:22:in 'Api::V1::RequestsController#index'
  [1m[36mRule Load (0.2ms)[0m  [1m[34mSELECT "rules".* FROM "rules" WHERE "rules"."deleted_at" IS NULL AND "rules"."id" = 'bf0d0cb8-758c-434f-beb1-e73dee813eec' LIMIT 1 /*action='index',application='ApprovalEngine',controller='requests'*/[0m
  ↳ app/controllers/api/v1/requests_controller.rb:22:in 'Api::V1::RequestsController#index'
  [1m[36mRequestType Load (0.2ms)[0m  [1m[34mSELECT "request_types".* FROM "request_types" WHERE "request_types"."deleted_at" IS NULL AND "request_types"."id" = '1f5dd956-b4d1-456e-a5ea-d3c63ebde7b8' LIMIT 1 /*action='index',application='ApprovalEngine',controller='requests'*/[0m
  ↳ app/controllers/api/v1/requests_controller.rb:22:in 'Api::V1::RequestsController#index'
  [1m[36mCACHE User Load (0.0ms)[0m  [1m[34mSELECT "users".* FROM "users" INNER JOIN "request_type_approvers" ON "users"."id" = "request_type_approvers"."user_id" WHERE "users"."deleted_at" IS NULL AND "request_type_approvers"."request_type_id" = '1f5dd956-b4d1-456e-a5ea-d3c63ebde7b8'[0m
  ↳ app/controllers/api/v1/requests_controller.rb:22:in 'Api::V1::RequestsController#index'
  [1m[36mCACHE User Load (0.0ms)[0m  [1m[34mSELECT "users".* FROM "users" WHERE "users"."deleted_at" IS NULL AND "users"."id" = 'a8b58455-32ed-4b42-af48-3bb969d2c5b8' LIMIT 1[0m
  ↳ app/controllers/api/v1/requests_controller.rb:22:in 'Api::V1::RequestsController#index'
  [1m[36mRule Load (0.2ms)[0m  [1m[34mSELECT "rules".* FROM "rules" WHERE "rules"."deleted_at" IS NULL AND "rules"."id" = '1080d429-9d8c-4294-bf05-4b56efcf7824' LIMIT 1 /*action='index',application='ApprovalEngine',controller='requests'*/[0m
  ↳ app/controllers/api/v1/requests_controller.rb:22:in 'Api::V1::RequestsController#index'
  [1m[36mCACHE RequestType Load (0.0ms)[0m  [1m[34mSELECT "request_types".* FROM "request_types" WHERE "request_types"."deleted_at" IS NULL AND "request_types"."id" = '1f5dd956-b4d1-456e-a5ea-d3c63ebde7b8' LIMIT 1[0m
  ↳ app/controllers/api/v1/requests_controller.rb:22:in 'Api::V1::RequestsController#index'
  [1m[36mCACHE User Load (0.0ms)[0m  [1m[34mSELECT "users".* FROM "users" INNER JOIN "request_type_approvers" ON "users"."id" = "request_type_approvers"."user_id" WHERE "users"."deleted_at" IS NULL AND "request_type_approvers"."request_type_id" = '1f5dd956-b4d1-456e-a5ea-d3c63ebde7b8'[0m
  ↳ app/controllers/api/v1/requests_controller.rb:22:in 'Api::V1::RequestsController#index'
  [1m[36mCACHE Rule Load (0.0ms)[0m  [1m[34mSELECT "rules".* FROM "rules" WHERE "rules"."deleted_at" IS NULL AND "rules"."id" = 'bf0d0cb8-758c-434f-beb1-e73dee813eec' LIMIT 1[0m
  ↳ app/controllers/api/v1/requests_controller.rb:22:in 'Api::V1::RequestsController#index'
  [1m[36mCACHE RequestType Load (0.0ms)[0m  [1m[34mSELECT "request_types".* FROM "request_types" WHERE "request_types"."deleted_at" IS NULL AND "request_types"."id" = '1f5dd956-b4d1-456e-a5ea-d3c63ebde7b8' LIMIT 1[0m
  ↳ app/controllers/api/v1/requests_controller.rb:22:in 'Api::V1::RequestsController#index'
  [1m[36mCACHE User Load (0.0ms)[0m  [1m[34mSELECT "users".* FROM "users" INNER JOIN "request_type_approvers" ON "users"."id" = "request_type_approvers"."user_id" WHERE "users"."deleted_at" IS NULL AND "request_type_approvers"."request_type_id" = '1f5dd956-b4d1-456e-a5ea-d3c63ebde7b8'[0m
  ↳ app/controllers/api/v1/requests_controller.rb:22:in 'Api::V1::RequestsController#index'
  [1m[36mCACHE User Load (0.0ms)[0m  [1m[34mSELECT "users".* FROM "users" WHERE "users"."deleted_at" IS NULL AND "users"."id" = 'a8b58455-32ed-4b42-af48-3bb969d2c5b8' LIMIT 1[0m
  ↳ app/controllers/api/v1/requests_controller.rb:22:in 'Api::V1::RequestsController#index'
  [1m[36mCACHE Rule Load (0.0ms)[0m  [1m[34mSELECT "rules".* FROM "rules" WHERE "rules"."deleted_at" IS NULL AND "rules"."id" = 'bf0d0cb8-758c-434f-beb1-e73dee813eec' LIMIT 1[0m
  ↳ app/controllers/api/v1/requests_controller.rb:22:in 'Api::V1::RequestsController#index'
  [1m[36mCACHE RequestType Load (0.0ms)[0m  [1m[34mSELECT "request_types".* FROM "request_types" WHERE "request_types"."deleted_at" IS NULL AND "request_types"."id" = '1f5dd956-b4d1-456e-a5ea-d3c63ebde7b8' LIMIT 1[0m
  ↳ app/controllers/api/v1/requests_controller.rb:22:in 'Api::V1::RequestsController#index'
  [1m[36mCACHE User Load (0.0ms)[0m  [1m[34mSELECT "users".* FROM "users" INNER JOIN "request_type_approvers" ON "users"."id" = "request_type_approvers"."user_id" WHERE "users"."deleted_at" IS NULL AND "request_type_approvers"."request_type_id" = '1f5dd956-b4d1-456e-a5ea-d3c63ebde7b8'[0m
  ↳ app/controllers/api/v1/requests_controller.rb:22:in 'Api::V1::RequestsController#index'
  [1m[36mCACHE User Load (0.0ms)[0m  [1m[34mSELECT "users".* FROM "users" WHERE "users"."deleted_at" IS NULL AND "users"."id" = 'a8b58455-32ed-4b42-af48-3bb969d2c5b8' LIMIT 1[0m
  ↳ app/controllers/api/v1/requests_controller.rb:22:in 'Api::V1::RequestsController#index'
  [1m[36mCACHE Rule Load (0.0ms)[0m  [1m[34mSELECT "rules".* FROM "rules" WHERE "rules"."deleted_at" IS NULL AND "rules"."id" = '48a78e3e-3f71-41f5-a9b5-01ff3306a6d0' LIMIT 1[0m
  ↳ app/controllers/api/v1/requests_controller.rb:22:in 'Api::V1::RequestsController#index'
  [1m[36mCACHE RequestType Load (0.0ms)[0m  [1m[34mSELECT "request_types".* FROM "request_types" WHERE "request_types"."deleted_at" IS NULL AND "request_types"."id" = 'dbc4ad97-8696-4a00-9423-3d4df65dbd59' LIMIT 1[0m
  ↳ app/controllers/api/v1/requests_controller.rb:22:in 'Api::V1::RequestsController#index'
  [1m[36mCACHE User Load (0.0ms)[0m  [1m[34mSELECT "users".* FROM "users" INNER JOIN "request_type_approvers" ON "users"."id" = "request_type_approvers"."user_id" WHERE "users"."deleted_at" IS NULL AND "request_type_approvers"."request_type_id" = 'dbc4ad97-8696-4a00-9423-3d4df65dbd59'[0m
  ↳ app/controllers/api/v1/requests_controller.rb:22:in 'Api::V1::RequestsController#index'
  [1m[36mCACHE User Load (0.0ms)[0m  [1m[34mSELECT "users".* FROM "users" WHERE "users"."deleted_at" IS NULL AND "users"."id" = 'a8b58455-32ed-4b42-af48-3bb969d2c5b8' LIMIT 1[0m
  ↳ app/controllers/api/v1/requests_controller.rb:22:in 'Api::V1::RequestsController#index'
  [1m[36mCACHE Rule Load (0.0ms)[0m  [1m[34mSELECT "rules".* FROM "rules" WHERE "rules"."deleted_at" IS NULL AND "rules"."id" = '48a78e3e-3f71-41f5-a9b5-01ff3306a6d0' LIMIT 1[0m
  ↳ app/controllers/api/v1/requests_controller.rb:22:in 'Api::V1::RequestsController#index'
  [1m[36mCACHE RequestType Load (0.0ms)[0m  [1m[34mSELECT "request_types".* FROM "request_types" WHERE "request_types"."deleted_at" IS NULL AND "request_types"."id" = 'dbc4ad97-8696-4a00-9423-3d4df65dbd59' LIMIT 1[0m
  ↳ app/controllers/api/v1/requests_controller.rb:22:in 'Api::V1::RequestsController#index'
  [1m[36mCACHE User Load (0.0ms)[0m  [1m[34mSELECT "users".* FROM "users" INNER JOIN "request_type_approvers" ON "users"."id" = "request_type_approvers"."user_id" WHERE "users"."deleted_at" IS NULL AND "request_type_approvers"."request_type_id" = 'dbc4ad97-8696-4a00-9423-3d4df65dbd59'[0m
  ↳ app/controllers/api/v1/requests_controller.rb:22:in 'Api::V1::RequestsController#index'
Completed 200 OK in 42ms (Views: 0.1ms | ActiveRecord: 8.4ms (46 queries, 31 cached) | GC: 4.1ms)


Started POST "/api/v1/login" for ::1 at 2026-02-09 10:38:50 +0530
Processing by Api::V1::AuthController#login as HTML
  Parameters: {"email" => "[FILTERED]", "password" => "[FILTERED]", "auth" => {"email" => "[FILTERED]", "password" => "[FILTERED]"}}
  [1m[36mUser Load (0.6ms)[0m  [1m[34mSELECT "users".* FROM "users" WHERE "users"."deleted_at" IS NULL AND "users"."email" = 'ishaan@example.com' LIMIT 1 /*action='login',application='ApprovalEngine',controller='auth'*/[0m
  ↳ app/controllers/api/v1/auth_controller.rb:7:in 'Api::V1::AuthController#login'
Completed 200 OK in 181ms (Views: 0.1ms | ActiveRecord: 0.6ms (1 query, 0 cached) | GC: 0.0ms)


Started GET "/api/v1/approver/requests?page=1" for ::1 at 2026-02-09 10:38:50 +0530
Processing by Api::V1::Approver::RequestsController#index as HTML
  Parameters: {"page" => "1"}
  [1m[36mUser Load (0.4ms)[0m  [1m[34mSELECT "users".* FROM "users" WHERE "users"."deleted_at" IS NULL AND "users"."id" = '37ec41c9-c494-4128-bb94-07c2b87ad9e6' LIMIT 1 /*action='index',application='ApprovalEngine',controller='requests'*/[0m
  ↳ app/controllers/concerns/authenticatable.rb:20:in 'Authenticatable#authenticate_user'
  [1m[36mRequest Count (0.5ms)[0m  [1m[34mSELECT COUNT(*) FROM "requests" INNER JOIN "request_types" ON "request_types"."deleted_at" IS NULL AND "request_types"."id" = "requests"."request_type_id" INNER JOIN "request_type_approvers" ON "request_type_approvers"."request_type_id" = "request_types"."id" WHERE "requests"."status" = 'pending_approval' AND "request_type_approvers"."user_id" = '37ec41c9-c494-4128-bb94-07c2b87ad9e6' /*action='index',application='ApprovalEngine',controller='requests'*/[0m
  ↳ app/controllers/api/v1/approver/requests_controller.rb:24:in 'Api::V1::Approver::RequestsController#index'
  [1m[36mRequest Load (0.4ms)[0m  [1m[34mSELECT "requests".* FROM "requests" INNER JOIN "request_types" ON "request_types"."deleted_at" IS NULL AND "request_types"."id" = "requests"."request_type_id" INNER JOIN "request_type_approvers" ON "request_type_approvers"."request_type_id" = "request_types"."id" WHERE "requests"."status" = 'pending_approval' AND "request_type_approvers"."user_id" = '37ec41c9-c494-4128-bb94-07c2b87ad9e6' LIMIT 10 OFFSET 0 /*action='index',application='ApprovalEngine',controller='requests'*/[0m
  ↳ app/controllers/api/v1/approver/requests_controller.rb:30:in 'Api::V1::Approver::RequestsController#index'
Completed 200 OK in 6ms (Views: 0.1ms | ActiveRecord: 1.3ms (3 queries, 0 cached) | GC: 0.0ms)


Started GET "/api/v1/reports/me" for ::1 at 2026-02-09 10:38:51 +0530
Processing by Api::V1::ReportsController#me as HTML
  [1m[36mUser Load (0.4ms)[0m  [1m[34mSELECT "users".* FROM "users" WHERE "users"."deleted_at" IS NULL AND "users"."id" = '37ec41c9-c494-4128-bb94-07c2b87ad9e6' LIMIT 1 /*action='me',application='ApprovalEngine',controller='reports'*/[0m
  ↳ app/controllers/concerns/authenticatable.rb:20:in 'Authenticatable#authenticate_user'
  [1m[36mTenant Load (0.3ms)[0m  [1m[34mSELECT "tenants".* FROM "tenants" WHERE "tenants"."deleted_at" IS NULL AND "tenants"."id" = 'aa29ef8c-86bf-413d-9ea9-ed2c4360c3a5' LIMIT 1 /*action='me',application='ApprovalEngine',controller='reports'*/[0m
  ↳ app/controllers/api/v1/reports_controller.rb:11:in 'Api::V1::ReportsController#me'
  [1m[36mApproval Count (0.4ms)[0m  [1m[34mSELECT COUNT(*) AS "count_all", "approvals"."action" AS "approvals_action" FROM "approvals" WHERE "approvals"."approver_id" = '37ec41c9-c494-4128-bb94-07c2b87ad9e6' AND "approvals"."tenant_id" = 'aa29ef8c-86bf-413d-9ea9-ed2c4360c3a5' GROUP BY "approvals"."action" /*action='me',application='ApprovalEngine',controller='reports'*/[0m
  ↳ app/services/my_report_calculator.rb:55:in 'MyReportCalculator#approver_report'
  [1m[36mRequest Count (0.3ms)[0m  [1m[34mSELECT COUNT(*) FROM "requests" INNER JOIN "request_types" ON "request_types"."deleted_at" IS NULL AND "request_types"."id" = "requests"."request_type_id" INNER JOIN "request_type_approvers" ON "request_type_approvers"."request_type_id" = "request_types"."id" WHERE "requests"."status" = 'pending_approval' AND "request_type_approvers"."user_id" = '37ec41c9-c494-4128-bb94-07c2b87ad9e6' /*action='me',application='ApprovalEngine',controller='reports'*/[0m
  ↳ app/services/my_report_calculator.rb:62:in 'MyReportCalculator#approver_report'
  [1m[36mRequest Count (0.2ms)[0m  [1m[34mSELECT COUNT(*) AS "count_all", "requests"."status" AS "requests_status" FROM "requests" WHERE "requests"."tenant_id" = 'aa29ef8c-86bf-413d-9ea9-ed2c4360c3a5' AND "requests"."requester_id" = '37ec41c9-c494-4128-bb94-07c2b87ad9e6' GROUP BY "requests"."status" /*action='me',application='ApprovalEngine',controller='reports'*/[0m
  ↳ app/services/my_report_calculator.rb:68:in 'MyReportCalculator#approver_report'
Completed 200 OK in 8ms (Views: 0.1ms | ActiveRecord: 1.6ms (5 queries, 0 cached) | GC: 0.0ms)


Started GET "/api/v1/requests?page=1" for ::1 at 2026-02-09 10:39:06 +0530
Processing by Api::V1::RequestsController#index as HTML
  Parameters: {"page" => "1"}
  [1m[36mUser Load (0.6ms)[0m  [1m[34mSELECT "users".* FROM "users" WHERE "users"."deleted_at" IS NULL AND "users"."id" = '37ec41c9-c494-4128-bb94-07c2b87ad9e6' LIMIT 1 /*action='index',application='ApprovalEngine',controller='requests'*/[0m
  ↳ app/controllers/concerns/authenticatable.rb:20:in 'Authenticatable#authenticate_user'
  [1m[36mTenant Load (0.2ms)[0m  [1m[34mSELECT "tenants".* FROM "tenants" WHERE "tenants"."deleted_at" IS NULL AND "tenants"."id" = 'aa29ef8c-86bf-413d-9ea9-ed2c4360c3a5' LIMIT 1 /*action='index',application='ApprovalEngine',controller='requests'*/[0m
  ↳ app/controllers/api/v1/requests_controller.rb:12:in 'Api::V1::RequestsController#index'
  [1m[36mRequest Count (0.2ms)[0m  [1m[34mSELECT COUNT(*) FROM "requests" WHERE "requests"."tenant_id" = 'aa29ef8c-86bf-413d-9ea9-ed2c4360c3a5' AND "requests"."requester_id" = '37ec41c9-c494-4128-bb94-07c2b87ad9e6' /*action='index',application='ApprovalEngine',controller='requests'*/[0m
  ↳ app/controllers/api/v1/requests_controller.rb:16:in 'Api::V1::RequestsController#index'
  [1m[36mRequest Load (0.3ms)[0m  [1m[34mSELECT "requests".* FROM "requests" WHERE "requests"."tenant_id" = 'aa29ef8c-86bf-413d-9ea9-ed2c4360c3a5' AND "requests"."requester_id" = '37ec41c9-c494-4128-bb94-07c2b87ad9e6' ORDER BY "requests"."created_at" DESC LIMIT 10 OFFSET 0 /*action='index',application='ApprovalEngine',controller='requests'*/[0m
  ↳ app/controllers/api/v1/requests_controller.rb:22:in 'Api::V1::RequestsController#index'
  [1m[36mUser Load (0.2ms)[0m  [1m[34mSELECT "users".* FROM "users" WHERE "users"."deleted_at" IS NULL AND "users"."id" = '37ec41c9-c494-4128-bb94-07c2b87ad9e6' /*action='index',application='ApprovalEngine',controller='requests'*/[0m
  ↳ app/controllers/api/v1/requests_controller.rb:22:in 'Api::V1::RequestsController#index'
  [1m[36mRequestType Load (0.2ms)[0m  [1m[34mSELECT "request_types".* FROM "request_types" WHERE "request_types"."deleted_at" IS NULL AND "request_types"."id" IN ('dbc4ad97-8696-4a00-9423-3d4df65dbd59', '1f5dd956-b4d1-456e-a5ea-d3c63ebde7b8') /*action='index',application='ApprovalEngine',controller='requests'*/[0m
  ↳ app/controllers/api/v1/requests_controller.rb:22:in 'Api::V1::RequestsController#index'
  [1m[36mApproval Load (0.2ms)[0m  [1m[34mSELECT "approvals".* FROM "approvals" WHERE "approvals"."request_id" IN ('8749cef5-817e-4f15-9a5a-e21cce1ffc0b', 'c2684ab9-fafc-4bfa-9ee7-4b7c41662145', '337744f0-b2c2-4474-8a70-3c3e2a1e5cca', '59504973-a39c-45b4-8944-2caf42d8b290', '145440e7-7ef4-4652-ae0e-e79515aac035', 'f4b90444-bf2f-41a1-9ac4-c1925813404b', '98dec99d-ce2c-4268-97d7-ebc7d5a6b62d', 'e19d56e8-6d6c-4ac1-b939-e50ecdf6cdcb') /*action='index',application='ApprovalEngine',controller='requests'*/[0m
  ↳ app/controllers/api/v1/requests_controller.rb:22:in 'Api::V1::RequestsController#index'
  [1m[36mUser Load (0.2ms)[0m  [1m[34mSELECT "users".* FROM "users" INNER JOIN "request_type_approvers" ON "users"."id" = "request_type_approvers"."user_id" WHERE "users"."deleted_at" IS NULL AND "request_type_approvers"."request_type_id" = 'dbc4ad97-8696-4a00-9423-3d4df65dbd59' /*action='index',application='ApprovalEngine',controller='requests'*/[0m
  ↳ app/controllers/api/v1/requests_controller.rb:22:in 'Api::V1::RequestsController#index'
  [1m[36mUser Load (0.2ms)[0m  [1m[34mSELECT "users".* FROM "users" WHERE "users"."deleted_at" IS NULL AND "users"."id" = 'a8b58455-32ed-4b42-af48-3bb969d2c5b8' LIMIT 1 /*action='index',application='ApprovalEngine',controller='requests'*/[0m
  ↳ app/controllers/api/v1/requests_controller.rb:22:in 'Api::V1::RequestsController#index'
  [1m[36mRule Load (0.2ms)[0m  [1m[34mSELECT "rules".* FROM "rules" WHERE "rules"."deleted_at" IS NULL AND "rules"."id" = '6d9b88af-a02d-4d3c-8099-8cb7fb3a2d4a' LIMIT 1 /*action='index',application='ApprovalEngine',controller='requests'*/[0m
  ↳ app/controllers/api/v1/requests_controller.rb:22:in 'Api::V1::RequestsController#index'
  [1m[36mRequestType Load (0.2ms)[0m  [1m[34mSELECT "request_types".* FROM "request_types" WHERE "request_types"."deleted_at" IS NULL AND "request_types"."id" = 'dbc4ad97-8696-4a00-9423-3d4df65dbd59' LIMIT 1 /*action='index',application='ApprovalEngine',controller='requests'*/[0m
  ↳ app/controllers/api/v1/requests_controller.rb:22:in 'Api::V1::RequestsController#index'
  [1m[36mCACHE User Load (0.0ms)[0m  [1m[34mSELECT "users".* FROM "users" INNER JOIN "request_type_approvers" ON "users"."id" = "request_type_approvers"."user_id" WHERE "users"."deleted_at" IS NULL AND "request_type_approvers"."request_type_id" = 'dbc4ad97-8696-4a00-9423-3d4df65dbd59'[0m
  ↳ app/controllers/api/v1/requests_controller.rb:22:in 'Api::V1::RequestsController#index'
  [1m[36mCACHE User Load (0.0ms)[0m  [1m[34mSELECT "users".* FROM "users" WHERE "users"."deleted_at" IS NULL AND "users"."id" = 'a8b58455-32ed-4b42-af48-3bb969d2c5b8' LIMIT 1[0m
  ↳ app/controllers/api/v1/requests_controller.rb:22:in 'Api::V1::RequestsController#index'
  [1m[36mCACHE Rule Load (0.0ms)[0m  [1m[34mSELECT "rules".* FROM "rules" WHERE "rules"."deleted_at" IS NULL AND "rules"."id" = '6d9b88af-a02d-4d3c-8099-8cb7fb3a2d4a' LIMIT 1[0m
  ↳ app/controllers/api/v1/requests_controller.rb:22:in 'Api::V1::RequestsController#index'
  [1m[36mCACHE RequestType Load (0.0ms)[0m  [1m[34mSELECT "request_types".* FROM "request_types" WHERE "request_types"."deleted_at" IS NULL AND "request_types"."id" = 'dbc4ad97-8696-4a00-9423-3d4df65dbd59' LIMIT 1[0m
  ↳ app/controllers/api/v1/requests_controller.rb:22:in 'Api::V1::RequestsController#index'
  [1m[36mCACHE User Load (0.0ms)[0m  [1m[34mSELECT "users".* FROM "users" INNER JOIN "request_type_approvers" ON "users"."id" = "request_type_approvers"."user_id" WHERE "users"."deleted_at" IS NULL AND "request_type_approvers"."request_type_id" = 'dbc4ad97-8696-4a00-9423-3d4df65dbd59'[0m
  ↳ app/controllers/api/v1/requests_controller.rb:22:in 'Api::V1::RequestsController#index'
  [1m[36mUser Load (0.2ms)[0m  [1m[34mSELECT "users".* FROM "users" INNER JOIN "request_type_approvers" ON "users"."id" = "request_type_approvers"."user_id" WHERE "users"."deleted_at" IS NULL AND "request_type_approvers"."request_type_id" = '1f5dd956-b4d1-456e-a5ea-d3c63ebde7b8' /*action='index',application='ApprovalEngine',controller='requests'*/[0m
  ↳ app/controllers/api/v1/requests_controller.rb:22:in 'Api::V1::RequestsController#index'
  [1m[36mCACHE User Load (0.0ms)[0m  [1m[34mSELECT "users".* FROM "users" WHERE "users"."deleted_at" IS NULL AND "users"."id" = 'a8b58455-32ed-4b42-af48-3bb969d2c5b8' LIMIT 1[0m
  ↳ app/controllers/api/v1/requests_controller.rb:22:in 'Api::V1::RequestsController#index'
  [1m[36mRule Load (0.2ms)[0m  [1m[34mSELECT "rules".* FROM "rules" WHERE "rules"."deleted_at" IS NULL AND "rules"."id" = '1080d429-9d8c-4294-bf05-4b56efcf7824' LIMIT 1 /*action='index',application='ApprovalEngine',controller='requests'*/[0m
  ↳ app/controllers/api/v1/requests_controller.rb:22:in 'Api::V1::RequestsController#index'
  [1m[36mRequestType Load (0.1ms)[0m  [1m[34mSELECT "request_types".* FROM "request_types" WHERE "request_types"."deleted_at" IS NULL AND "request_types"."id" = '1f5dd956-b4d1-456e-a5ea-d3c63ebde7b8' LIMIT 1 /*action='index',application='ApprovalEngine',controller='requests'*/[0m
  ↳ app/controllers/api/v1/requests_controller.rb:22:in 'Api::V1::RequestsController#index'
  [1m[36mCACHE User Load (0.0ms)[0m  [1m[34mSELECT "users".* FROM "users" INNER JOIN "request_type_approvers" ON "users"."id" = "request_type_approvers"."user_id" WHERE "users"."deleted_at" IS NULL AND "request_type_approvers"."request_type_id" = '1f5dd956-b4d1-456e-a5ea-d3c63ebde7b8'[0m
  ↳ app/controllers/api/v1/requests_controller.rb:22:in 'Api::V1::RequestsController#index'
  [1m[36mRule Load (0.2ms)[0m  [1m[34mSELECT "rules".* FROM "rules" WHERE "rules"."deleted_at" IS NULL AND "rules"."id" = '8a1dd6be-6d3e-43cb-86c0-7b9c09bb6f91' LIMIT 1 /*action='index',application='ApprovalEngine',controller='requests'*/[0m
  ↳ app/controllers/api/v1/requests_controller.rb:22:in 'Api::V1::RequestsController#index'
  [1m[36mCACHE User Load (0.0ms)[0m  [1m[34mSELECT "users".* FROM "users" WHERE "users"."deleted_at" IS NULL AND "users"."id" = 'a8b58455-32ed-4b42-af48-3bb969d2c5b8' LIMIT 1[0m
  ↳ app/controllers/api/v1/requests_controller.rb:22:in 'Api::V1::RequestsController#index'
  [1m[36mCACHE Rule Load (0.0ms)[0m  [1m[34mSELECT "rules".* FROM "rules" WHERE "rules"."deleted_at" IS NULL AND "rules"."id" = '8a1dd6be-6d3e-43cb-86c0-7b9c09bb6f91' LIMIT 1[0m
  ↳ app/controllers/api/v1/requests_controller.rb:22:in 'Api::V1::RequestsController#index'
  [1m[36mCACHE Rule Load (0.0ms)[0m  [1m[34mSELECT "rules".* FROM "rules" WHERE "rules"."deleted_at" IS NULL AND "rules"."id" = '6d9b88af-a02d-4d3c-8099-8cb7fb3a2d4a' LIMIT 1[0m
  ↳ app/controllers/api/v1/requests_controller.rb:22:in 'Api::V1::RequestsController#index'
  [1m[36mCACHE RequestType Load (0.0ms)[0m  [1m[34mSELECT "request_types".* FROM "request_types" WHERE "request_types"."deleted_at" IS NULL AND "request_types"."id" = 'dbc4ad97-8696-4a00-9423-3d4df65dbd59' LIMIT 1[0m
  ↳ app/controllers/api/v1/requests_controller.rb:22:in 'Api::V1::RequestsController#index'
  [1m[36mCACHE User Load (0.0ms)[0m  [1m[34mSELECT "users".* FROM "users" INNER JOIN "request_type_approvers" ON "users"."id" = "request_type_approvers"."user_id" WHERE "users"."deleted_at" IS NULL AND "request_type_approvers"."request_type_id" = 'dbc4ad97-8696-4a00-9423-3d4df65dbd59'[0m
  ↳ app/controllers/api/v1/requests_controller.rb:22:in 'Api::V1::RequestsController#index'
  [1m[36mCACHE User Load (0.0ms)[0m  [1m[34mSELECT "users".* FROM "users" WHERE "users"."deleted_at" IS NULL AND "users"."id" = 'a8b58455-32ed-4b42-af48-3bb969d2c5b8' LIMIT 1[0m
  ↳ app/controllers/api/v1/requests_controller.rb:22:in 'Api::V1::RequestsController#index'
  [1m[36mCACHE Rule Load (0.0ms)[0m  [1m[34mSELECT "rules".* FROM "rules" WHERE "rules"."deleted_at" IS NULL AND "rules"."id" = '6d9b88af-a02d-4d3c-8099-8cb7fb3a2d4a' LIMIT 1[0m
  ↳ app/controllers/api/v1/requests_controller.rb:22:in 'Api::V1::RequestsController#index'
  [1m[36mCACHE RequestType Load (0.0ms)[0m  [1m[34mSELECT "request_types".* FROM "request_types" WHERE "request_types"."deleted_at" IS NULL AND "request_types"."id" = 'dbc4ad97-8696-4a00-9423-3d4df65dbd59' LIMIT 1[0m
  ↳ app/controllers/api/v1/requests_controller.rb:22:in 'Api::V1::RequestsController#index'
  [1m[36mCACHE User Load (0.0ms)[0m  [1m[34mSELECT "users".* FROM "users" INNER JOIN "request_type_approvers" ON "users"."id" = "request_type_approvers"."user_id" WHERE "users"."deleted_at" IS NULL AND "request_type_approvers"."request_type_id" = 'dbc4ad97-8696-4a00-9423-3d4df65dbd59'[0m
  ↳ app/controllers/api/v1/requests_controller.rb:22:in 'Api::V1::RequestsController#index'
  [1m[36mCACHE Rule Load (0.0ms)[0m  [1m[34mSELECT "rules".* FROM "rules" WHERE "rules"."deleted_at" IS NULL AND "rules"."id" = '6d9b88af-a02d-4d3c-8099-8cb7fb3a2d4a' LIMIT 1[0m
  ↳ app/controllers/api/v1/requests_controller.rb:22:in 'Api::V1::RequestsController#index'
  [1m[36mCACHE RequestType Load (0.0ms)[0m  [1m[34mSELECT "request_types".* FROM "request_types" WHERE "request_types"."deleted_at" IS NULL AND "request_types"."id" = 'dbc4ad97-8696-4a00-9423-3d4df65dbd59' LIMIT 1[0m
  ↳ app/controllers/api/v1/requests_controller.rb:22:in 'Api::V1::RequestsController#index'
  [1m[36mCACHE User Load (0.0ms)[0m  [1m[34mSELECT "users".* FROM "users" INNER JOIN "request_type_approvers" ON "users"."id" = "request_type_approvers"."user_id" WHERE "users"."deleted_at" IS NULL AND "request_type_approvers"."request_type_id" = 'dbc4ad97-8696-4a00-9423-3d4df65dbd59'[0m
  ↳ app/controllers/api/v1/requests_controller.rb:22:in 'Api::V1::RequestsController#index'
Completed 200 OK in 36ms (Views: 0.1ms | ActiveRecord: 3.3ms (34 queries, 19 cached) | GC: 9.4ms)


Started GET "/api/v1/reports/me" for ::1 at 2026-02-09 10:39:19 +0530
Started GET "/api/v1/approver/requests?page=1" for ::1 at 2026-02-09 10:39:19 +0530
Processing by Api::V1::Approver::RequestsController#index as HTML
  Parameters: {"page" => "1"}
Processing by Api::V1::ReportsController#me as HTML
  [1m[36mUser Load (1.9ms)[0m  [1m[34mSELECT "users".* FROM "users" WHERE "users"."deleted_at" IS NULL AND "users"."id" = '37ec41c9-c494-4128-bb94-07c2b87ad9e6' LIMIT 1 /*action='index',application='ApprovalEngine',controller='requests'*/[0m
  ↳ app/controllers/concerns/authenticatable.rb:20:in 'Authenticatable#authenticate_user'
  [1m[36mUser Load (2.0ms)[0m  [1m[34mSELECT "users".* FROM "users" WHERE "users"."deleted_at" IS NULL AND "users"."id" = '37ec41c9-c494-4128-bb94-07c2b87ad9e6' LIMIT 1 /*action='me',application='ApprovalEngine',controller='reports'*/[0m
  ↳ app/controllers/concerns/authenticatable.rb:20:in 'Authenticatable#authenticate_user'
  [1m[36mRequest Count (1.8ms)[0m  [1m[34mSELECT COUNT(*) FROM "requests" INNER JOIN "request_types" ON "request_types"."deleted_at" IS NULL AND "request_types"."id" = "requests"."request_type_id" INNER JOIN "request_type_approvers" ON "request_type_approvers"."request_type_id" = "request_types"."id" WHERE "requests"."status" = 'pending_approval' AND "request_type_approvers"."user_id" = '37ec41c9-c494-4128-bb94-07c2b87ad9e6' /*action='index',application='ApprovalEngine',controller='requests'*/[0m
  ↳ app/controllers/api/v1/approver/requests_controller.rb:24:in 'Api::V1::Approver::RequestsController#index'
  [1m[36mTenant Load (1.1ms)[0m  [1m[34mSELECT "tenants".* FROM "tenants" WHERE "tenants"."deleted_at" IS NULL AND "tenants"."id" = 'aa29ef8c-86bf-413d-9ea9-ed2c4360c3a5' LIMIT 1 /*action='me',application='ApprovalEngine',controller='reports'*/[0m
  ↳ app/controllers/api/v1/reports_controller.rb:11:in 'Api::V1::ReportsController#me'
  [1m[36mRequest Load (1.0ms)[0m  [1m[34mSELECT "requests".* FROM "requests" INNER JOIN "request_types" ON "request_types"."deleted_at" IS NULL AND "request_types"."id" = "requests"."request_type_id" INNER JOIN "request_type_approvers" ON "request_type_approvers"."request_type_id" = "request_types"."id" WHERE "requests"."status" = 'pending_approval' AND "request_type_approvers"."user_id" = '37ec41c9-c494-4128-bb94-07c2b87ad9e6' LIMIT 10 OFFSET 0 /*action='index',application='ApprovalEngine',controller='requests'*/[0m
  ↳ app/controllers/api/v1/approver/requests_controller.rb:30:in 'Api::V1::Approver::RequestsController#index'
Completed 200 OK in 9ms (Views: 0.1ms | ActiveRecord: 4.7ms (3 queries, 0 cached) | GC: 0.8ms)


  [1m[36mApproval Count (2.0ms)[0m  [1m[34mSELECT COUNT(*) AS "count_all", "approvals"."action" AS "approvals_action" FROM "approvals" WHERE "approvals"."approver_id" = '37ec41c9-c494-4128-bb94-07c2b87ad9e6' AND "approvals"."tenant_id" = 'aa29ef8c-86bf-413d-9ea9-ed2c4360c3a5' GROUP BY "approvals"."action" /*action='me',application='ApprovalEngine',controller='reports'*/[0m
  ↳ app/services/my_report_calculator.rb:55:in 'MyReportCalculator#approver_report'
  [1m[36mRequest Count (0.5ms)[0m  [1m[34mSELECT COUNT(*) FROM "requests" INNER JOIN "request_types" ON "request_types"."deleted_at" IS NULL AND "request_types"."id" = "requests"."request_type_id" INNER JOIN "request_type_approvers" ON "request_type_approvers"."request_type_id" = "request_types"."id" WHERE "requests"."status" = 'pending_approval' AND "request_type_approvers"."user_id" = '37ec41c9-c494-4128-bb94-07c2b87ad9e6' /*action='me',application='ApprovalEngine',controller='reports'*/[0m
  ↳ app/services/my_report_calculator.rb:62:in 'MyReportCalculator#approver_report'
  [1m[36mRequest Count (0.3ms)[0m  [1m[34mSELECT COUNT(*) AS "count_all", "requests"."status" AS "requests_status" FROM "requests" WHERE "requests"."tenant_id" = 'aa29ef8c-86bf-413d-9ea9-ed2c4360c3a5' AND "requests"."requester_id" = '37ec41c9-c494-4128-bb94-07c2b87ad9e6' GROUP BY "requests"."status" /*action='me',application='ApprovalEngine',controller='reports'*/[0m
  ↳ app/services/my_report_calculator.rb:68:in 'MyReportCalculator#approver_report'
Completed 200 OK in 12ms (Views: 0.1ms | ActiveRecord: 5.9ms (5 queries, 0 cached) | GC: 0.6ms)


Started GET "/api/v1/reports/me" for ::1 at 2026-02-09 10:40:45 +0530
Started GET "/api/v1/requests?page=1" for ::1 at 2026-02-09 10:40:45 +0530
Processing by Api::V1::ReportsController#me as HTML
Processing by Api::V1::RequestsController#index as HTML
  Parameters: {"page" => "1"}
  [1m[36mUser Load (1.3ms)[0m  [1m[34mSELECT "users".* FROM "users" WHERE "users"."deleted_at" IS NULL AND "users"."id" = '37ec41c9-c494-4128-bb94-07c2b87ad9e6' LIMIT 1 /*action='me',application='ApprovalEngine',controller='reports'*/[0m
  ↳ app/controllers/concerns/authenticatable.rb:20:in 'Authenticatable#authenticate_user'
  [1m[36mUser Load (2.2ms)[0m  [1m[34mSELECT "users".* FROM "users" WHERE "users"."deleted_at" IS NULL AND "users"."id" = '37ec41c9-c494-4128-bb94-07c2b87ad9e6' LIMIT 1 /*action='index',application='ApprovalEngine',controller='requests'*/[0m
  ↳ app/controllers/concerns/authenticatable.rb:20:in 'Authenticatable#authenticate_user'
  [1m[36mTenant Load (1.1ms)[0m  [1m[34mSELECT "tenants".* FROM "tenants" WHERE "tenants"."deleted_at" IS NULL AND "tenants"."id" = 'aa29ef8c-86bf-413d-9ea9-ed2c4360c3a5' LIMIT 1 /*action='me',application='ApprovalEngine',controller='reports'*/[0m
  ↳ app/controllers/api/v1/reports_controller.rb:11:in 'Api::V1::ReportsController#me'
  [1m[36mTenant Load (0.9ms)[0m  [1m[34mSELECT "tenants".* FROM "tenants" WHERE "tenants"."deleted_at" IS NULL AND "tenants"."id" = 'aa29ef8c-86bf-413d-9ea9-ed2c4360c3a5' LIMIT 1 /*action='index',application='ApprovalEngine',controller='requests'*/[0m
  ↳ app/controllers/api/v1/requests_controller.rb:12:in 'Api::V1::RequestsController#index'
  [1m[36mApproval Count (1.0ms)[0m  [1m[34mSELECT COUNT(*) AS "count_all", "approvals"."action" AS "approvals_action" FROM "approvals" WHERE "approvals"."approver_id" = '37ec41c9-c494-4128-bb94-07c2b87ad9e6' AND "approvals"."tenant_id" = 'aa29ef8c-86bf-413d-9ea9-ed2c4360c3a5' GROUP BY "approvals"."action" /*action='me',application='ApprovalEngine',controller='reports'*/[0m
  ↳ app/services/my_report_calculator.rb:55:in 'MyReportCalculator#approver_report'
  [1m[36mRequest Count (1.0ms)[0m  [1m[34mSELECT COUNT(*) FROM "requests" WHERE "requests"."tenant_id" = 'aa29ef8c-86bf-413d-9ea9-ed2c4360c3a5' AND "requests"."requester_id" = '37ec41c9-c494-4128-bb94-07c2b87ad9e6' /*action='index',application='ApprovalEngine',controller='requests'*/[0m
  ↳ app/controllers/api/v1/requests_controller.rb:16:in 'Api::V1::RequestsController#index'
  [1m[36mRequest Count (0.7ms)[0m  [1m[34mSELECT COUNT(*) FROM "requests" INNER JOIN "request_types" ON "request_types"."deleted_at" IS NULL AND "request_types"."id" = "requests"."request_type_id" INNER JOIN "request_type_approvers" ON "request_type_approvers"."request_type_id" = "request_types"."id" WHERE "requests"."status" = 'pending_approval' AND "request_type_approvers"."user_id" = '37ec41c9-c494-4128-bb94-07c2b87ad9e6' /*action='me',application='ApprovalEngine',controller='reports'*/[0m
  ↳ app/services/my_report_calculator.rb:62:in 'MyReportCalculator#approver_report'
  [1m[36mRequest Load (1.0ms)[0m  [1m[34mSELECT "requests".* FROM "requests" WHERE "requests"."tenant_id" = 'aa29ef8c-86bf-413d-9ea9-ed2c4360c3a5' AND "requests"."requester_id" = '37ec41c9-c494-4128-bb94-07c2b87ad9e6' ORDER BY "requests"."created_at" DESC LIMIT 10 OFFSET 0 /*action='index',application='ApprovalEngine',controller='requests'*/[0m
  ↳ app/controllers/api/v1/requests_controller.rb:22:in 'Api::V1::RequestsController#index'
  [1m[36mRequest Count (1.7ms)[0m  [1m[34mSELECT COUNT(*) AS "count_all", "requests"."status" AS "requests_status" FROM "requests" WHERE "requests"."tenant_id" = 'aa29ef8c-86bf-413d-9ea9-ed2c4360c3a5' AND "requests"."requester_id" = '37ec41c9-c494-4128-bb94-07c2b87ad9e6' GROUP BY "requests"."status" /*action='me',application='ApprovalEngine',controller='reports'*/[0m
  ↳ app/services/my_report_calculator.rb:68:in 'MyReportCalculator#approver_report'
Completed 200 OK in 12ms (Views: 0.1ms | ActiveRecord: 5.8ms (5 queries, 0 cached) | GC: 0.4ms)


  [1m[36mUser Load (1.1ms)[0m  [1m[34mSELECT "users".* FROM "users" WHERE "users"."deleted_at" IS NULL AND "users"."id" = '37ec41c9-c494-4128-bb94-07c2b87ad9e6' /*action='index',application='ApprovalEngine',controller='requests'*/[0m
  ↳ app/controllers/api/v1/requests_controller.rb:22:in 'Api::V1::RequestsController#index'
  [1m[36mRequestType Load (0.3ms)[0m  [1m[34mSELECT "request_types".* FROM "request_types" WHERE "request_types"."deleted_at" IS NULL AND "request_types"."id" IN ('dbc4ad97-8696-4a00-9423-3d4df65dbd59', '1f5dd956-b4d1-456e-a5ea-d3c63ebde7b8') /*action='index',application='ApprovalEngine',controller='requests'*/[0m
  ↳ app/controllers/api/v1/requests_controller.rb:22:in 'Api::V1::RequestsController#index'
  [1m[36mApproval Load (0.3ms)[0m  [1m[34mSELECT "approvals".* FROM "approvals" WHERE "approvals"."request_id" IN ('8749cef5-817e-4f15-9a5a-e21cce1ffc0b', 'c2684ab9-fafc-4bfa-9ee7-4b7c41662145', '337744f0-b2c2-4474-8a70-3c3e2a1e5cca', '59504973-a39c-45b4-8944-2caf42d8b290', '145440e7-7ef4-4652-ae0e-e79515aac035', 'f4b90444-bf2f-41a1-9ac4-c1925813404b', '98dec99d-ce2c-4268-97d7-ebc7d5a6b62d', 'e19d56e8-6d6c-4ac1-b939-e50ecdf6cdcb') /*action='index',application='ApprovalEngine',controller='requests'*/[0m
  ↳ app/controllers/api/v1/requests_controller.rb:22:in 'Api::V1::RequestsController#index'
  [1m[36mUser Load (0.4ms)[0m  [1m[34mSELECT "users".* FROM "users" INNER JOIN "request_type_approvers" ON "users"."id" = "request_type_approvers"."user_id" WHERE "users"."deleted_at" IS NULL AND "request_type_approvers"."request_type_id" = 'dbc4ad97-8696-4a00-9423-3d4df65dbd59' /*action='index',application='ApprovalEngine',controller='requests'*/[0m
  ↳ app/controllers/api/v1/requests_controller.rb:22:in 'Api::V1::RequestsController#index'
  [1m[36mUser Load (0.2ms)[0m  [1m[34mSELECT "users".* FROM "users" WHERE "users"."deleted_at" IS NULL AND "users"."id" = 'a8b58455-32ed-4b42-af48-3bb969d2c5b8' LIMIT 1 /*action='index',application='ApprovalEngine',controller='requests'*/[0m
  ↳ app/controllers/api/v1/requests_controller.rb:22:in 'Api::V1::RequestsController#index'
  [1m[36mRule Load (0.2ms)[0m  [1m[34mSELECT "rules".* FROM "rules" WHERE "rules"."deleted_at" IS NULL AND "rules"."id" = '6d9b88af-a02d-4d3c-8099-8cb7fb3a2d4a' LIMIT 1 /*action='index',application='ApprovalEngine',controller='requests'*/[0m
  ↳ app/controllers/api/v1/requests_controller.rb:22:in 'Api::V1::RequestsController#index'
  [1m[36mRequestType Load (0.2ms)[0m  [1m[34mSELECT "request_types".* FROM "request_types" WHERE "request_types"."deleted_at" IS NULL AND "request_types"."id" = 'dbc4ad97-8696-4a00-9423-3d4df65dbd59' LIMIT 1 /*action='index',application='ApprovalEngine',controller='requests'*/[0m
  ↳ app/controllers/api/v1/requests_controller.rb:22:in 'Api::V1::RequestsController#index'
  [1m[36mCACHE User Load (0.0ms)[0m  [1m[34mSELECT "users".* FROM "users" INNER JOIN "request_type_approvers" ON "users"."id" = "request_type_approvers"."user_id" WHERE "users"."deleted_at" IS NULL AND "request_type_approvers"."request_type_id" = 'dbc4ad97-8696-4a00-9423-3d4df65dbd59'[0m
  ↳ app/controllers/api/v1/requests_controller.rb:22:in 'Api::V1::RequestsController#index'
  [1m[36mCACHE User Load (0.0ms)[0m  [1m[34mSELECT "users".* FROM "users" WHERE "users"."deleted_at" IS NULL AND "users"."id" = 'a8b58455-32ed-4b42-af48-3bb969d2c5b8' LIMIT 1[0m
  ↳ app/controllers/api/v1/requests_controller.rb:22:in 'Api::V1::RequestsController#index'
  [1m[36mCACHE Rule Load (0.0ms)[0m  [1m[34mSELECT "rules".* FROM "rules" WHERE "rules"."deleted_at" IS NULL AND "rules"."id" = '6d9b88af-a02d-4d3c-8099-8cb7fb3a2d4a' LIMIT 1[0m
  ↳ app/controllers/api/v1/requests_controller.rb:22:in 'Api::V1::RequestsController#index'
  [1m[36mCACHE RequestType Load (0.0ms)[0m  [1m[34mSELECT "request_types".* FROM "request_types" WHERE "request_types"."deleted_at" IS NULL AND "request_types"."id" = 'dbc4ad97-8696-4a00-9423-3d4df65dbd59' LIMIT 1[0m
  ↳ app/controllers/api/v1/requests_controller.rb:22:in 'Api::V1::RequestsController#index'
  [1m[36mCACHE User Load (0.0ms)[0m  [1m[34mSELECT "users".* FROM "users" INNER JOIN "request_type_approvers" ON "users"."id" = "request_type_approvers"."user_id" WHERE "users"."deleted_at" IS NULL AND "request_type_approvers"."request_type_id" = 'dbc4ad97-8696-4a00-9423-3d4df65dbd59'[0m
  ↳ app/controllers/api/v1/requests_controller.rb:22:in 'Api::V1::RequestsController#index'
  [1m[36mUser Load (0.6ms)[0m  [1m[34mSELECT "users".* FROM "users" INNER JOIN "request_type_approvers" ON "users"."id" = "request_type_approvers"."user_id" WHERE "users"."deleted_at" IS NULL AND "request_type_approvers"."request_type_id" = '1f5dd956-b4d1-456e-a5ea-d3c63ebde7b8' /*action='index',application='ApprovalEngine',controller='requests'*/[0m
  ↳ app/controllers/api/v1/requests_controller.rb:22:in 'Api::V1::RequestsController#index'
  [1m[36mCACHE User Load (0.0ms)[0m  [1m[34mSELECT "users".* FROM "users" WHERE "users"."deleted_at" IS NULL AND "users"."id" = 'a8b58455-32ed-4b42-af48-3bb969d2c5b8' LIMIT 1[0m
  ↳ app/controllers/api/v1/requests_controller.rb:22:in 'Api::V1::RequestsController#index'
  [1m[36mRule Load (0.2ms)[0m  [1m[34mSELECT "rules".* FROM "rules" WHERE "rules"."deleted_at" IS NULL AND "rules"."id" = '1080d429-9d8c-4294-bf05-4b56efcf7824' LIMIT 1 /*action='index',application='ApprovalEngine',controller='requests'*/[0m
  ↳ app/controllers/api/v1/requests_controller.rb:22:in 'Api::V1::RequestsController#index'
  [1m[36mRequestType Load (0.2ms)[0m  [1m[34mSELECT "request_types".* FROM "request_types" WHERE "request_types"."deleted_at" IS NULL AND "request_types"."id" = '1f5dd956-b4d1-456e-a5ea-d3c63ebde7b8' LIMIT 1 /*action='index',application='ApprovalEngine',controller='requests'*/[0m
  ↳ app/controllers/api/v1/requests_controller.rb:22:in 'Api::V1::RequestsController#index'
  [1m[36mCACHE User Load (0.0ms)[0m  [1m[34mSELECT "users".* FROM "users" INNER JOIN "request_type_approvers" ON "users"."id" = "request_type_approvers"."user_id" WHERE "users"."deleted_at" IS NULL AND "request_type_approvers"."request_type_id" = '1f5dd956-b4d1-456e-a5ea-d3c63ebde7b8'[0m
  ↳ app/controllers/api/v1/requests_controller.rb:22:in 'Api::V1::RequestsController#index'
  [1m[36mRule Load (0.2ms)[0m  [1m[34mSELECT "rules".* FROM "rules" WHERE "rules"."deleted_at" IS NULL AND "rules"."id" = '8a1dd6be-6d3e-43cb-86c0-7b9c09bb6f91' LIMIT 1 /*action='index',application='ApprovalEngine',controller='requests'*/[0m
  ↳ app/controllers/api/v1/requests_controller.rb:22:in 'Api::V1::RequestsController#index'
  [1m[36mCACHE User Load (0.0ms)[0m  [1m[34mSELECT "users".* FROM "users" WHERE "users"."deleted_at" IS NULL AND "users"."id" = 'a8b58455-32ed-4b42-af48-3bb969d2c5b8' LIMIT 1[0m
  ↳ app/controllers/api/v1/requests_controller.rb:22:in 'Api::V1::RequestsController#index'
  [1m[36mCACHE Rule Load (0.0ms)[0m  [1m[34mSELECT "rules".* FROM "rules" WHERE "rules"."deleted_at" IS NULL AND "rules"."id" = '8a1dd6be-6d3e-43cb-86c0-7b9c09bb6f91' LIMIT 1[0m
  ↳ app/controllers/api/v1/requests_controller.rb:22:in 'Api::V1::RequestsController#index'
  [1m[36mCACHE Rule Load (0.0ms)[0m  [1m[34mSELECT "rules".* FROM "rules" WHERE "rules"."deleted_at" IS NULL AND "rules"."id" = '6d9b88af-a02d-4d3c-8099-8cb7fb3a2d4a' LIMIT 1[0m
  ↳ app/controllers/api/v1/requests_controller.rb:22:in 'Api::V1::RequestsController#index'
  [1m[36mCACHE RequestType Load (0.0ms)[0m  [1m[34mSELECT "request_types".* FROM "request_types" WHERE "request_types"."deleted_at" IS NULL AND "request_types"."id" = 'dbc4ad97-8696-4a00-9423-3d4df65dbd59' LIMIT 1[0m
  ↳ app/controllers/api/v1/requests_controller.rb:22:in 'Api::V1::RequestsController#index'
  [1m[36mCACHE User Load (0.0ms)[0m  [1m[34mSELECT "users".* FROM "users" INNER JOIN "request_type_approvers" ON "users"."id" = "request_type_approvers"."user_id" WHERE "users"."deleted_at" IS NULL AND "request_type_approvers"."request_type_id" = 'dbc4ad97-8696-4a00-9423-3d4df65dbd59'[0m
  ↳ app/controllers/api/v1/requests_controller.rb:22:in 'Api::V1::RequestsController#index'
  [1m[36mCACHE User Load (0.0ms)[0m  [1m[34mSELECT "users".* FROM "users" WHERE "users"."deleted_at" IS NULL AND "users"."id" = 'a8b58455-32ed-4b42-af48-3bb969d2c5b8' LIMIT 1[0m
  ↳ app/controllers/api/v1/requests_controller.rb:22:in 'Api::V1::RequestsController#index'
  [1m[36mCACHE Rule Load (0.0ms)[0m  [1m[34mSELECT "rules".* FROM "rules" WHERE "rules"."deleted_at" IS NULL AND "rules"."id" = '6d9b88af-a02d-4d3c-8099-8cb7fb3a2d4a' LIMIT 1[0m
  ↳ app/controllers/api/v1/requests_controller.rb:22:in 'Api::V1::RequestsController#index'
  [1m[36mCACHE RequestType Load (0.0ms)[0m  [1m[34mSELECT "request_types".* FROM "request_types" WHERE "request_types"."deleted_at" IS NULL AND "request_types"."id" = 'dbc4ad97-8696-4a00-9423-3d4df65dbd59' LIMIT 1[0m
  ↳ app/controllers/api/v1/requests_controller.rb:22:in 'Api::V1::RequestsController#index'
  [1m[36mCACHE User Load (0.0ms)[0m  [1m[34mSELECT "users".* FROM "users" INNER JOIN "request_type_approvers" ON "users"."id" = "request_type_approvers"."user_id" WHERE "users"."deleted_at" IS NULL AND "request_type_approvers"."request_type_id" = 'dbc4ad97-8696-4a00-9423-3d4df65dbd59'[0m
  ↳ app/controllers/api/v1/requests_controller.rb:22:in 'Api::V1::RequestsController#index'
  [1m[36mCACHE Rule Load (0.0ms)[0m  [1m[34mSELECT "rules".* FROM "rules" WHERE "rules"."deleted_at" IS NULL AND "rules"."id" = '6d9b88af-a02d-4d3c-8099-8cb7fb3a2d4a' LIMIT 1[0m
  ↳ app/controllers/api/v1/requests_controller.rb:22:in 'Api::V1::RequestsController#index'
  [1m[36mCACHE RequestType Load (0.0ms)[0m  [1m[34mSELECT "request_types".* FROM "request_types" WHERE "request_types"."deleted_at" IS NULL AND "request_types"."id" = 'dbc4ad97-8696-4a00-9423-3d4df65dbd59' LIMIT 1[0m
  ↳ app/controllers/api/v1/requests_controller.rb:22:in 'Api::V1::RequestsController#index'
  [1m[36mCACHE User Load (0.0ms)[0m  [1m[34mSELECT "users".* FROM "users" INNER JOIN "request_type_approvers" ON "users"."id" = "request_type_approvers"."user_id" WHERE "users"."deleted_at" IS NULL AND "request_type_approvers"."request_type_id" = 'dbc4ad97-8696-4a00-9423-3d4df65dbd59'[0m
  ↳ app/controllers/api/v1/requests_controller.rb:22:in 'Api::V1::RequestsController#index'
Completed 200 OK in 40ms (Views: 0.3ms | ActiveRecord: 9.0ms (34 queries, 19 cached) | GC: 1.8ms)


Started HEAD "/up" for ::1 at 2026-02-09 10:42:08 +0530
Processing by Rails::HealthController#show as */*
  Rendering html template
  Rendered html template (Duration: 0.0ms | GC: 0.0ms)
Completed 200 OK in 3ms (Views: 1.4ms | ActiveRecord: 0.0ms (0 queries, 0 cached) | GC: 0.0ms)


Started GET "/api/v1/reports/me" for ::1 at 2026-02-09 10:43:20 +0530
Started GET "/api/v1/requests?page=1" for ::1 at 2026-02-09 10:43:20 +0530
Processing by Api::V1::RequestsController#index as HTML
  Parameters: {"page" => "1"}
  [1m[36mUser Load (0.4ms)[0m  [1m[34mSELECT "users".* FROM "users" WHERE "users"."deleted_at" IS NULL AND "users"."id" = '37ec41c9-c494-4128-bb94-07c2b87ad9e6' LIMIT 1 /*action='index',application='ApprovalEngine',controller='requests'*/[0m
  ↳ app/controllers/concerns/authenticatable.rb:20:in 'Authenticatable#authenticate_user'
  [1m[36mTenant Load (0.3ms)[0m  [1m[34mSELECT "tenants".* FROM "tenants" WHERE "tenants"."deleted_at" IS NULL AND "tenants"."id" = 'aa29ef8c-86bf-413d-9ea9-ed2c4360c3a5' LIMIT 1 /*action='index',application='ApprovalEngine',controller='requests'*/[0m
  ↳ app/controllers/api/v1/requests_controller.rb:12:in 'Api::V1::RequestsController#index'
Processing by Api::V1::ReportsController#me as HTML
  [1m[36mUser Load (0.8ms)[0m  [1m[34mSELECT "users".* FROM "users" WHERE "users"."deleted_at" IS NULL AND "users"."id" = '37ec41c9-c494-4128-bb94-07c2b87ad9e6' LIMIT 1 /*action='me',application='ApprovalEngine',controller='reports'*/[0m
  ↳ app/controllers/concerns/authenticatable.rb:20:in 'Authenticatable#authenticate_user'
  [1m[36mRequest Count (0.8ms)[0m  [1m[34mSELECT COUNT(*) FROM "requests" WHERE "requests"."tenant_id" = 'aa29ef8c-86bf-413d-9ea9-ed2c4360c3a5' AND "requests"."requester_id" = '37ec41c9-c494-4128-bb94-07c2b87ad9e6' /*action='index',application='ApprovalEngine',controller='requests'*/[0m
  ↳ app/controllers/api/v1/requests_controller.rb:16:in 'Api::V1::RequestsController#index'
  [1m[36mTenant Load (0.8ms)[0m  [1m[34mSELECT "tenants".* FROM "tenants" WHERE "tenants"."deleted_at" IS NULL AND "tenants"."id" = 'aa29ef8c-86bf-413d-9ea9-ed2c4360c3a5' LIMIT 1 /*action='me',application='ApprovalEngine',controller='reports'*/[0m
  ↳ app/controllers/api/v1/reports_controller.rb:11:in 'Api::V1::ReportsController#me'
  [1m[36mRequest Load (2.2ms)[0m  [1m[34mSELECT "requests".* FROM "requests" WHERE "requests"."tenant_id" = 'aa29ef8c-86bf-413d-9ea9-ed2c4360c3a5' AND "requests"."requester_id" = '37ec41c9-c494-4128-bb94-07c2b87ad9e6' ORDER BY "requests"."created_at" DESC LIMIT 10 OFFSET 0 /*action='index',application='ApprovalEngine',controller='requests'*/[0m
  ↳ app/controllers/api/v1/requests_controller.rb:22:in 'Api::V1::RequestsController#index'
  [1m[36mUser Load (1.0ms)[0m  [1m[34mSELECT "users".* FROM "users" WHERE "users"."deleted_at" IS NULL AND "users"."id" = '37ec41c9-c494-4128-bb94-07c2b87ad9e6' /*action='index',application='ApprovalEngine',controller='requests'*/[0m
  ↳ app/controllers/api/v1/requests_controller.rb:22:in 'Api::V1::RequestsController#index'
  [1m[36mApproval Count (1.3ms)[0m  [1m[34mSELECT COUNT(*) AS "count_all", "approvals"."action" AS "approvals_action" FROM "approvals" WHERE "approvals"."approver_id" = '37ec41c9-c494-4128-bb94-07c2b87ad9e6' AND "approvals"."tenant_id" = 'aa29ef8c-86bf-413d-9ea9-ed2c4360c3a5' GROUP BY "approvals"."action" /*action='me',application='ApprovalEngine',controller='reports'*/[0m
  ↳ app/services/my_report_calculator.rb:55:in 'MyReportCalculator#approver_report'
  [1m[36mRequestType Load (0.3ms)[0m  [1m[34mSELECT "request_types".* FROM "request_types" WHERE "request_types"."deleted_at" IS NULL AND "request_types"."id" IN ('dbc4ad97-8696-4a00-9423-3d4df65dbd59', '1f5dd956-b4d1-456e-a5ea-d3c63ebde7b8') /*action='index',application='ApprovalEngine',controller='requests'*/[0m
  ↳ app/controllers/api/v1/requests_controller.rb:22:in 'Api::V1::RequestsController#index'
  [1m[36mRequest Count (0.4ms)[0m  [1m[34mSELECT COUNT(*) FROM "requests" INNER JOIN "request_types" ON "request_types"."deleted_at" IS NULL AND "request_types"."id" = "requests"."request_type_id" INNER JOIN "request_type_approvers" ON "request_type_approvers"."request_type_id" = "request_types"."id" WHERE "requests"."status" = 'pending_approval' AND "request_type_approvers"."user_id" = '37ec41c9-c494-4128-bb94-07c2b87ad9e6' /*action='me',application='ApprovalEngine',controller='reports'*/[0m
  ↳ app/services/my_report_calculator.rb:62:in 'MyReportCalculator#approver_report'
  [1m[36mApproval Load (0.8ms)[0m  [1m[34mSELECT "approvals".* FROM "approvals" WHERE "approvals"."request_id" IN ('8749cef5-817e-4f15-9a5a-e21cce1ffc0b', 'c2684ab9-fafc-4bfa-9ee7-4b7c41662145', '337744f0-b2c2-4474-8a70-3c3e2a1e5cca', '59504973-a39c-45b4-8944-2caf42d8b290', '145440e7-7ef4-4652-ae0e-e79515aac035', 'f4b90444-bf2f-41a1-9ac4-c1925813404b', '98dec99d-ce2c-4268-97d7-ebc7d5a6b62d', 'e19d56e8-6d6c-4ac1-b939-e50ecdf6cdcb') /*action='index',application='ApprovalEngine',controller='requests'*/[0m
  ↳ app/controllers/api/v1/requests_controller.rb:22:in 'Api::V1::RequestsController#index'
  [1m[36mRequest Count (4.0ms)[0m  [1m[34mSELECT COUNT(*) AS "count_all", "requests"."status" AS "requests_status" FROM "requests" WHERE "requests"."tenant_id" = 'aa29ef8c-86bf-413d-9ea9-ed2c4360c3a5' AND "requests"."requester_id" = '37ec41c9-c494-4128-bb94-07c2b87ad9e6' GROUP BY "requests"."status" /*action='me',application='ApprovalEngine',controller='reports'*/[0m
  ↳ app/services/my_report_calculator.rb:68:in 'MyReportCalculator#approver_report'
Completed 200 OK in 33ms (Views: 0.1ms | ActiveRecord: 14.3ms (5 queries, 0 cached) | GC: 9.1ms)


  [1m[36mUser Load (0.8ms)[0m  [1m[34mSELECT "users".* FROM "users" INNER JOIN "request_type_approvers" ON "users"."id" = "request_type_approvers"."user_id" WHERE "users"."deleted_at" IS NULL AND "request_type_approvers"."request_type_id" = 'dbc4ad97-8696-4a00-9423-3d4df65dbd59' /*action='index',application='ApprovalEngine',controller='requests'*/[0m
  ↳ app/controllers/api/v1/requests_controller.rb:22:in 'Api::V1::RequestsController#index'
  [1m[36mUser Load (0.2ms)[0m  [1m[34mSELECT "users".* FROM "users" WHERE "users"."deleted_at" IS NULL AND "users"."id" = 'a8b58455-32ed-4b42-af48-3bb969d2c5b8' LIMIT 1 /*action='index',application='ApprovalEngine',controller='requests'*/[0m
  ↳ app/controllers/api/v1/requests_controller.rb:22:in 'Api::V1::RequestsController#index'
  [1m[36mRule Load (0.2ms)[0m  [1m[34mSELECT "rules".* FROM "rules" WHERE "rules"."deleted_at" IS NULL AND "rules"."id" = '6d9b88af-a02d-4d3c-8099-8cb7fb3a2d4a' LIMIT 1 /*action='index',application='ApprovalEngine',controller='requests'*/[0m
  ↳ app/controllers/api/v1/requests_controller.rb:22:in 'Api::V1::RequestsController#index'
  [1m[36mRequestType Load (0.2ms)[0m  [1m[34mSELECT "request_types".* FROM "request_types" WHERE "request_types"."deleted_at" IS NULL AND "request_types"."id" = 'dbc4ad97-8696-4a00-9423-3d4df65dbd59' LIMIT 1 /*action='index',application='ApprovalEngine',controller='requests'*/[0m
  ↳ app/controllers/api/v1/requests_controller.rb:22:in 'Api::V1::RequestsController#index'
  [1m[36mCACHE User Load (0.0ms)[0m  [1m[34mSELECT "users".* FROM "users" INNER JOIN "request_type_approvers" ON "users"."id" = "request_type_approvers"."user_id" WHERE "users"."deleted_at" IS NULL AND "request_type_approvers"."request_type_id" = 'dbc4ad97-8696-4a00-9423-3d4df65dbd59'[0m
  ↳ app/controllers/api/v1/requests_controller.rb:22:in 'Api::V1::RequestsController#index'
  [1m[36mCACHE User Load (0.0ms)[0m  [1m[34mSELECT "users".* FROM "users" WHERE "users"."deleted_at" IS NULL AND "users"."id" = 'a8b58455-32ed-4b42-af48-3bb969d2c5b8' LIMIT 1[0m
  ↳ app/controllers/api/v1/requests_controller.rb:22:in 'Api::V1::RequestsController#index'
  [1m[36mCACHE Rule Load (0.0ms)[0m  [1m[34mSELECT "rules".* FROM "rules" WHERE "rules"."deleted_at" IS NULL AND "rules"."id" = '6d9b88af-a02d-4d3c-8099-8cb7fb3a2d4a' LIMIT 1[0m
  ↳ app/controllers/api/v1/requests_controller.rb:22:in 'Api::V1::RequestsController#index'
  [1m[36mCACHE RequestType Load (0.0ms)[0m  [1m[34mSELECT "request_types".* FROM "request_types" WHERE "request_types"."deleted_at" IS NULL AND "request_types"."id" = 'dbc4ad97-8696-4a00-9423-3d4df65dbd59' LIMIT 1[0m
  ↳ app/controllers/api/v1/requests_controller.rb:22:in 'Api::V1::RequestsController#index'
  [1m[36mCACHE User Load (0.0ms)[0m  [1m[34mSELECT "users".* FROM "users" INNER JOIN "request_type_approvers" ON "users"."id" = "request_type_approvers"."user_id" WHERE "users"."deleted_at" IS NULL AND "request_type_approvers"."request_type_id" = 'dbc4ad97-8696-4a00-9423-3d4df65dbd59'[0m
  ↳ app/controllers/api/v1/requests_controller.rb:22:in 'Api::V1::RequestsController#index'
  [1m[36mUser Load (0.3ms)[0m  [1m[34mSELECT "users".* FROM "users" INNER JOIN "request_type_approvers" ON "users"."id" = "request_type_approvers"."user_id" WHERE "users"."deleted_at" IS NULL AND "request_type_approvers"."request_type_id" = '1f5dd956-b4d1-456e-a5ea-d3c63ebde7b8' /*action='index',application='ApprovalEngine',controller='requests'*/[0m
  ↳ app/controllers/api/v1/requests_controller.rb:22:in 'Api::V1::RequestsController#index'
  [1m[36mCACHE User Load (0.0ms)[0m  [1m[34mSELECT "users".* FROM "users" WHERE "users"."deleted_at" IS NULL AND "users"."id" = 'a8b58455-32ed-4b42-af48-3bb969d2c5b8' LIMIT 1[0m
  ↳ app/controllers/api/v1/requests_controller.rb:22:in 'Api::V1::RequestsController#index'
  [1m[36mRule Load (0.2ms)[0m  [1m[34mSELECT "rules".* FROM "rules" WHERE "rules"."deleted_at" IS NULL AND "rules"."id" = '1080d429-9d8c-4294-bf05-4b56efcf7824' LIMIT 1 /*action='index',application='ApprovalEngine',controller='requests'*/[0m
  ↳ app/controllers/api/v1/requests_controller.rb:22:in 'Api::V1::RequestsController#index'
  [1m[36mRequestType Load (0.2ms)[0m  [1m[34mSELECT "request_types".* FROM "request_types" WHERE "request_types"."deleted_at" IS NULL AND "request_types"."id" = '1f5dd956-b4d1-456e-a5ea-d3c63ebde7b8' LIMIT 1 /*action='index',application='ApprovalEngine',controller='requests'*/[0m
  ↳ app/controllers/api/v1/requests_controller.rb:22:in 'Api::V1::RequestsController#index'
  [1m[36mCACHE User Load (0.0ms)[0m  [1m[34mSELECT "users".* FROM "users" INNER JOIN "request_type_approvers" ON "users"."id" = "request_type_approvers"."user_id" WHERE "users"."deleted_at" IS NULL AND "request_type_approvers"."request_type_id" = '1f5dd956-b4d1-456e-a5ea-d3c63ebde7b8'[0m
  ↳ app/controllers/api/v1/requests_controller.rb:22:in 'Api::V1::RequestsController#index'
  [1m[36mRule Load (0.2ms)[0m  [1m[34mSELECT "rules".* FROM "rules" WHERE "rules"."deleted_at" IS NULL AND "rules"."id" = '8a1dd6be-6d3e-43cb-86c0-7b9c09bb6f91' LIMIT 1 /*action='index',application='ApprovalEngine',controller='requests'*/[0m
  ↳ app/controllers/api/v1/requests_controller.rb:22:in 'Api::V1::RequestsController#index'
  [1m[36mCACHE User Load (0.0ms)[0m  [1m[34mSELECT "users".* FROM "users" WHERE "users"."deleted_at" IS NULL AND "users"."id" = 'a8b58455-32ed-4b42-af48-3bb969d2c5b8' LIMIT 1[0m
  ↳ app/controllers/api/v1/requests_controller.rb:22:in 'Api::V1::RequestsController#index'
  [1m[36mCACHE Rule Load (0.0ms)[0m  [1m[34mSELECT "rules".* FROM "rules" WHERE "rules"."deleted_at" IS NULL AND "rules"."id" = '8a1dd6be-6d3e-43cb-86c0-7b9c09bb6f91' LIMIT 1[0m
  ↳ app/controllers/api/v1/requests_controller.rb:22:in 'Api::V1::RequestsController#index'
  [1m[36mCACHE Rule Load (0.0ms)[0m  [1m[34mSELECT "rules".* FROM "rules" WHERE "rules"."deleted_at" IS NULL AND "rules"."id" = '6d9b88af-a02d-4d3c-8099-8cb7fb3a2d4a' LIMIT 1[0m
  ↳ app/controllers/api/v1/requests_controller.rb:22:in 'Api::V1::RequestsController#index'
  [1m[36mCACHE RequestType Load (0.0ms)[0m  [1m[34mSELECT "request_types".* FROM "request_types" WHERE "request_types"."deleted_at" IS NULL AND "request_types"."id" = 'dbc4ad97-8696-4a00-9423-3d4df65dbd59' LIMIT 1[0m
  ↳ app/controllers/api/v1/requests_controller.rb:22:in 'Api::V1::RequestsController#index'
  [1m[36mCACHE User Load (0.0ms)[0m  [1m[34mSELECT "users".* FROM "users" INNER JOIN "request_type_approvers" ON "users"."id" = "request_type_approvers"."user_id" WHERE "users"."deleted_at" IS NULL AND "request_type_approvers"."request_type_id" = 'dbc4ad97-8696-4a00-9423-3d4df65dbd59'[0m
  ↳ app/controllers/api/v1/requests_controller.rb:22:in 'Api::V1::RequestsController#index'
  [1m[36mCACHE User Load (0.0ms)[0m  [1m[34mSELECT "users".* FROM "users" WHERE "users"."deleted_at" IS NULL AND "users"."id" = 'a8b58455-32ed-4b42-af48-3bb969d2c5b8' LIMIT 1[0m
  ↳ app/controllers/api/v1/requests_controller.rb:22:in 'Api::V1::RequestsController#index'
  [1m[36mCACHE Rule Load (0.0ms)[0m  [1m[34mSELECT "rules".* FROM "rules" WHERE "rules"."deleted_at" IS NULL AND "rules"."id" = '6d9b88af-a02d-4d3c-8099-8cb7fb3a2d4a' LIMIT 1[0m
  ↳ app/controllers/api/v1/requests_controller.rb:22:in 'Api::V1::RequestsController#index'
  [1m[36mCACHE RequestType Load (0.0ms)[0m  [1m[34mSELECT "request_types".* FROM "request_types" WHERE "request_types"."deleted_at" IS NULL AND "request_types"."id" = 'dbc4ad97-8696-4a00-9423-3d4df65dbd59' LIMIT 1[0m
  ↳ app/controllers/api/v1/requests_controller.rb:22:in 'Api::V1::RequestsController#index'
  [1m[36mCACHE User Load (0.0ms)[0m  [1m[34mSELECT "users".* FROM "users" INNER JOIN "request_type_approvers" ON "users"."id" = "request_type_approvers"."user_id" WHERE "users"."deleted_at" IS NULL AND "request_type_approvers"."request_type_id" = 'dbc4ad97-8696-4a00-9423-3d4df65dbd59'[0m
  ↳ app/controllers/api/v1/requests_controller.rb:22:in 'Api::V1::RequestsController#index'
  [1m[36mCACHE Rule Load (0.0ms)[0m  [1m[34mSELECT "rules".* FROM "rules" WHERE "rules"."deleted_at" IS NULL AND "rules"."id" = '6d9b88af-a02d-4d3c-8099-8cb7fb3a2d4a' LIMIT 1[0m
  ↳ app/controllers/api/v1/requests_controller.rb:22:in 'Api::V1::RequestsController#index'
  [1m[36mCACHE RequestType Load (0.0ms)[0m  [1m[34mSELECT "request_types".* FROM "request_types" WHERE "request_types"."deleted_at" IS NULL AND "request_types"."id" = 'dbc4ad97-8696-4a00-9423-3d4df65dbd59' LIMIT 1[0m
  ↳ app/controllers/api/v1/requests_controller.rb:22:in 'Api::V1::RequestsController#index'
  [1m[36mCACHE User Load (0.0ms)[0m  [1m[34mSELECT "users".* FROM "users" INNER JOIN "request_type_approvers" ON "users"."id" = "request_type_approvers"."user_id" WHERE "users"."deleted_at" IS NULL AND "request_type_approvers"."request_type_id" = 'dbc4ad97-8696-4a00-9423-3d4df65dbd59'[0m
  ↳ app/controllers/api/v1/requests_controller.rb:22:in 'Api::V1::RequestsController#index'
Completed 200 OK in 81ms (Views: 0.1ms | ActiveRecord: 27.1ms (34 queries, 19 cached) | GC: 12.0ms)


Started GET "/api/v1/approver/requests?page=1" for ::1 at 2026-02-09 10:49:57 +0530
Processing by Api::V1::Approver::RequestsController#index as HTML
  Parameters: {"page" => "1"}
  [1m[36mUser Load (0.3ms)[0m  [1m[34mSELECT "users".* FROM "users" WHERE "users"."deleted_at" IS NULL AND "users"."id" = '37ec41c9-c494-4128-bb94-07c2b87ad9e6' LIMIT 1 /*action='index',application='ApprovalEngine',controller='requests'*/[0m
  ↳ app/controllers/concerns/authenticatable.rb:20:in 'Authenticatable#authenticate_user'
  [1m[36mRequest Count (0.6ms)[0m  [1m[34mSELECT COUNT(*) FROM "requests" INNER JOIN "request_types" ON "request_types"."deleted_at" IS NULL AND "request_types"."id" = "requests"."request_type_id" INNER JOIN "request_type_approvers" ON "request_type_approvers"."request_type_id" = "request_types"."id" WHERE "requests"."status" = 'pending_approval' AND "request_type_approvers"."user_id" = '37ec41c9-c494-4128-bb94-07c2b87ad9e6' /*action='index',application='ApprovalEngine',controller='requests'*/[0m
  ↳ app/controllers/api/v1/approver/requests_controller.rb:24:in 'Api::V1::Approver::RequestsController#index'
  [1m[36mRequest Load (0.2ms)[0m  [1m[34mSELECT "requests".* FROM "requests" INNER JOIN "request_types" ON "request_types"."deleted_at" IS NULL AND "request_types"."id" = "requests"."request_type_id" INNER JOIN "request_type_approvers" ON "request_type_approvers"."request_type_id" = "request_types"."id" WHERE "requests"."status" = 'pending_approval' AND "request_type_approvers"."user_id" = '37ec41c9-c494-4128-bb94-07c2b87ad9e6' LIMIT 10 OFFSET 0 /*action='index',application='ApprovalEngine',controller='requests'*/[0m
  ↳ app/controllers/api/v1/approver/requests_controller.rb:30:in 'Api::V1::Approver::RequestsController#index'
Completed 200 OK in 16ms (Views: 0.1ms | ActiveRecord: 3.3ms (3 queries, 0 cached) | GC: 0.2ms)


Started GET "/api/v1/requests?page=1" for ::1 at 2026-02-09 10:49:58 +0530
Processing by Api::V1::RequestsController#index as HTML
  Parameters: {"page" => "1"}
  [1m[36mUser Load (0.5ms)[0m  [1m[34mSELECT "users".* FROM "users" WHERE "users"."deleted_at" IS NULL AND "users"."id" = '37ec41c9-c494-4128-bb94-07c2b87ad9e6' LIMIT 1 /*action='index',application='ApprovalEngine',controller='requests'*/[0m
  ↳ app/controllers/concerns/authenticatable.rb:20:in 'Authenticatable#authenticate_user'
  [1m[36mTenant Load (0.3ms)[0m  [1m[34mSELECT "tenants".* FROM "tenants" WHERE "tenants"."deleted_at" IS NULL AND "tenants"."id" = 'aa29ef8c-86bf-413d-9ea9-ed2c4360c3a5' LIMIT 1 /*action='index',application='ApprovalEngine',controller='requests'*/[0m
  ↳ app/controllers/api/v1/requests_controller.rb:12:in 'Api::V1::RequestsController#index'
  [1m[36mRequest Count (0.2ms)[0m  [1m[34mSELECT COUNT(*) FROM "requests" WHERE "requests"."tenant_id" = 'aa29ef8c-86bf-413d-9ea9-ed2c4360c3a5' AND "requests"."requester_id" = '37ec41c9-c494-4128-bb94-07c2b87ad9e6' /*action='index',application='ApprovalEngine',controller='requests'*/[0m
  ↳ app/controllers/api/v1/requests_controller.rb:16:in 'Api::V1::RequestsController#index'
  [1m[36mRequest Load (0.3ms)[0m  [1m[34mSELECT "requests".* FROM "requests" WHERE "requests"."tenant_id" = 'aa29ef8c-86bf-413d-9ea9-ed2c4360c3a5' AND "requests"."requester_id" = '37ec41c9-c494-4128-bb94-07c2b87ad9e6' ORDER BY "requests"."created_at" DESC LIMIT 10 OFFSET 0 /*action='index',application='ApprovalEngine',controller='requests'*/[0m
  ↳ app/controllers/api/v1/requests_controller.rb:22:in 'Api::V1::RequestsController#index'
  [1m[36mUser Load (0.1ms)[0m  [1m[34mSELECT "users".* FROM "users" WHERE "users"."deleted_at" IS NULL AND "users"."id" = '37ec41c9-c494-4128-bb94-07c2b87ad9e6' /*action='index',application='ApprovalEngine',controller='requests'*/[0m
  ↳ app/controllers/api/v1/requests_controller.rb:22:in 'Api::V1::RequestsController#index'
  [1m[36mRequestType Load (0.2ms)[0m  [1m[34mSELECT "request_types".* FROM "request_types" WHERE "request_types"."deleted_at" IS NULL AND "request_types"."id" IN ('dbc4ad97-8696-4a00-9423-3d4df65dbd59', '1f5dd956-b4d1-456e-a5ea-d3c63ebde7b8') /*action='index',application='ApprovalEngine',controller='requests'*/[0m
  ↳ app/controllers/api/v1/requests_controller.rb:22:in 'Api::V1::RequestsController#index'
  [1m[36mApproval Load (0.3ms)[0m  [1m[34mSELECT "approvals".* FROM "approvals" WHERE "approvals"."request_id" IN ('8749cef5-817e-4f15-9a5a-e21cce1ffc0b', 'c2684ab9-fafc-4bfa-9ee7-4b7c41662145', '337744f0-b2c2-4474-8a70-3c3e2a1e5cca', '59504973-a39c-45b4-8944-2caf42d8b290', '145440e7-7ef4-4652-ae0e-e79515aac035', 'f4b90444-bf2f-41a1-9ac4-c1925813404b', '98dec99d-ce2c-4268-97d7-ebc7d5a6b62d', 'e19d56e8-6d6c-4ac1-b939-e50ecdf6cdcb') /*action='index',application='ApprovalEngine',controller='requests'*/[0m
  ↳ app/controllers/api/v1/requests_controller.rb:22:in 'Api::V1::RequestsController#index'
  [1m[36mUser Load (0.2ms)[0m  [1m[34mSELECT "users".* FROM "users" INNER JOIN "request_type_approvers" ON "users"."id" = "request_type_approvers"."user_id" WHERE "users"."deleted_at" IS NULL AND "request_type_approvers"."request_type_id" = 'dbc4ad97-8696-4a00-9423-3d4df65dbd59' /*action='index',application='ApprovalEngine',controller='requests'*/[0m
  ↳ app/controllers/api/v1/requests_controller.rb:22:in 'Api::V1::RequestsController#index'
  [1m[36mUser Load (0.2ms)[0m  [1m[34mSELECT "users".* FROM "users" WHERE "users"."deleted_at" IS NULL AND "users"."id" = 'a8b58455-32ed-4b42-af48-3bb969d2c5b8' LIMIT 1 /*action='index',application='ApprovalEngine',controller='requests'*/[0m
  ↳ app/controllers/api/v1/requests_controller.rb:22:in 'Api::V1::RequestsController#index'
  [1m[36mRule Load (0.3ms)[0m  [1m[34mSELECT "rules".* FROM "rules" WHERE "rules"."deleted_at" IS NULL AND "rules"."id" = '6d9b88af-a02d-4d3c-8099-8cb7fb3a2d4a' LIMIT 1 /*action='index',application='ApprovalEngine',controller='requests'*/[0m
  ↳ app/controllers/api/v1/requests_controller.rb:22:in 'Api::V1::RequestsController#index'
  [1m[36mRequestType Load (0.1ms)[0m  [1m[34mSELECT "request_types".* FROM "request_types" WHERE "request_types"."deleted_at" IS NULL AND "request_types"."id" = 'dbc4ad97-8696-4a00-9423-3d4df65dbd59' LIMIT 1 /*action='index',application='ApprovalEngine',controller='requests'*/[0m
  ↳ app/controllers/api/v1/requests_controller.rb:22:in 'Api::V1::RequestsController#index'
  [1m[36mCACHE User Load (0.0ms)[0m  [1m[34mSELECT "users".* FROM "users" INNER JOIN "request_type_approvers" ON "users"."id" = "request_type_approvers"."user_id" WHERE "users"."deleted_at" IS NULL AND "request_type_approvers"."request_type_id" = 'dbc4ad97-8696-4a00-9423-3d4df65dbd59'[0m
  ↳ app/controllers/api/v1/requests_controller.rb:22:in 'Api::V1::RequestsController#index'
  [1m[36mCACHE User Load (0.0ms)[0m  [1m[34mSELECT "users".* FROM "users" WHERE "users"."deleted_at" IS NULL AND "users"."id" = 'a8b58455-32ed-4b42-af48-3bb969d2c5b8' LIMIT 1[0m
  ↳ app/controllers/api/v1/requests_controller.rb:22:in 'Api::V1::RequestsController#index'
  [1m[36mCACHE Rule Load (0.0ms)[0m  [1m[34mSELECT "rules".* FROM "rules" WHERE "rules"."deleted_at" IS NULL AND "rules"."id" = '6d9b88af-a02d-4d3c-8099-8cb7fb3a2d4a' LIMIT 1[0m
  ↳ app/controllers/api/v1/requests_controller.rb:22:in 'Api::V1::RequestsController#index'
  [1m[36mCACHE RequestType Load (0.0ms)[0m  [1m[34mSELECT "request_types".* FROM "request_types" WHERE "request_types"."deleted_at" IS NULL AND "request_types"."id" = 'dbc4ad97-8696-4a00-9423-3d4df65dbd59' LIMIT 1[0m
  ↳ app/controllers/api/v1/requests_controller.rb:22:in 'Api::V1::RequestsController#index'
  [1m[36mCACHE User Load (0.0ms)[0m  [1m[34mSELECT "users".* FROM "users" INNER JOIN "request_type_approvers" ON "users"."id" = "request_type_approvers"."user_id" WHERE "users"."deleted_at" IS NULL AND "request_type_approvers"."request_type_id" = 'dbc4ad97-8696-4a00-9423-3d4df65dbd59'[0m
  ↳ app/controllers/api/v1/requests_controller.rb:22:in 'Api::V1::RequestsController#index'
  [1m[36mUser Load (0.2ms)[0m  [1m[34mSELECT "users".* FROM "users" INNER JOIN "request_type_approvers" ON "users"."id" = "request_type_approvers"."user_id" WHERE "users"."deleted_at" IS NULL AND "request_type_approvers"."request_type_id" = '1f5dd956-b4d1-456e-a5ea-d3c63ebde7b8' /*action='index',application='ApprovalEngine',controller='requests'*/[0m
  ↳ app/controllers/api/v1/requests_controller.rb:22:in 'Api::V1::RequestsController#index'
  [1m[36mCACHE User Load (0.0ms)[0m  [1m[34mSELECT "users".* FROM "users" WHERE "users"."deleted_at" IS NULL AND "users"."id" = 'a8b58455-32ed-4b42-af48-3bb969d2c5b8' LIMIT 1[0m
  ↳ app/controllers/api/v1/requests_controller.rb:22:in 'Api::V1::RequestsController#index'
  [1m[36mRule Load (0.1ms)[0m  [1m[34mSELECT "rules".* FROM "rules" WHERE "rules"."deleted_at" IS NULL AND "rules"."id" = '1080d429-9d8c-4294-bf05-4b56efcf7824' LIMIT 1 /*action='index',application='ApprovalEngine',controller='requests'*/[0m
  ↳ app/controllers/api/v1/requests_controller.rb:22:in 'Api::V1::RequestsController#index'
  [1m[36mRequestType Load (0.1ms)[0m  [1m[34mSELECT "request_types".* FROM "request_types" WHERE "request_types"."deleted_at" IS NULL AND "request_types"."id" = '1f5dd956-b4d1-456e-a5ea-d3c63ebde7b8' LIMIT 1 /*action='index',application='ApprovalEngine',controller='requests'*/[0m
  ↳ app/controllers/api/v1/requests_controller.rb:22:in 'Api::V1::RequestsController#index'
  [1m[36mCACHE User Load (0.0ms)[0m  [1m[34mSELECT "users".* FROM "users" INNER JOIN "request_type_approvers" ON "users"."id" = "request_type_approvers"."user_id" WHERE "users"."deleted_at" IS NULL AND "request_type_approvers"."request_type_id" = '1f5dd956-b4d1-456e-a5ea-d3c63ebde7b8'[0m
  ↳ app/controllers/api/v1/requests_controller.rb:22:in 'Api::V1::RequestsController#index'
  [1m[36mRule Load (0.1ms)[0m  [1m[34mSELECT "rules".* FROM "rules" WHERE "rules"."deleted_at" IS NULL AND "rules"."id" = '8a1dd6be-6d3e-43cb-86c0-7b9c09bb6f91' LIMIT 1 /*action='index',application='ApprovalEngine',controller='requests'*/[0m
  ↳ app/controllers/api/v1/requests_controller.rb:22:in 'Api::V1::RequestsController#index'
  [1m[36mCACHE User Load (0.0ms)[0m  [1m[34mSELECT "users".* FROM "users" WHERE "users"."deleted_at" IS NULL AND "users"."id" = 'a8b58455-32ed-4b42-af48-3bb969d2c5b8' LIMIT 1[0m
  ↳ app/controllers/api/v1/requests_controller.rb:22:in 'Api::V1::RequestsController#index'
  [1m[36mCACHE Rule Load (0.0ms)[0m  [1m[34mSELECT "rules".* FROM "rules" WHERE "rules"."deleted_at" IS NULL AND "rules"."id" = '8a1dd6be-6d3e-43cb-86c0-7b9c09bb6f91' LIMIT 1[0m
  ↳ app/controllers/api/v1/requests_controller.rb:22:in 'Api::V1::RequestsController#index'
  [1m[36mCACHE Rule Load (0.0ms)[0m  [1m[34mSELECT "rules".* FROM "rules" WHERE "rules"."deleted_at" IS NULL AND "rules"."id" = '6d9b88af-a02d-4d3c-8099-8cb7fb3a2d4a' LIMIT 1[0m
  ↳ app/controllers/api/v1/requests_controller.rb:22:in 'Api::V1::RequestsController#index'
  [1m[36mCACHE RequestType Load (0.0ms)[0m  [1m[34mSELECT "request_types".* FROM "request_types" WHERE "request_types"."deleted_at" IS NULL AND "request_types"."id" = 'dbc4ad97-8696-4a00-9423-3d4df65dbd59' LIMIT 1[0m
  ↳ app/controllers/api/v1/requests_controller.rb:22:in 'Api::V1::RequestsController#index'
  [1m[36mCACHE User Load (0.0ms)[0m  [1m[34mSELECT "users".* FROM "users" INNER JOIN "request_type_approvers" ON "users"."id" = "request_type_approvers"."user_id" WHERE "users"."deleted_at" IS NULL AND "request_type_approvers"."request_type_id" = 'dbc4ad97-8696-4a00-9423-3d4df65dbd59'[0m
  ↳ app/controllers/api/v1/requests_controller.rb:22:in 'Api::V1::RequestsController#index'
  [1m[36mCACHE User Load (0.0ms)[0m  [1m[34mSELECT "users".* FROM "users" WHERE "users"."deleted_at" IS NULL AND "users"."id" = 'a8b58455-32ed-4b42-af48-3bb969d2c5b8' LIMIT 1[0m
  ↳ app/controllers/api/v1/requests_controller.rb:22:in 'Api::V1::RequestsController#index'
  [1m[36mCACHE Rule Load (0.0ms)[0m  [1m[34mSELECT "rules".* FROM "rules" WHERE "rules"."deleted_at" IS NULL AND "rules"."id" = '6d9b88af-a02d-4d3c-8099-8cb7fb3a2d4a' LIMIT 1[0m
  ↳ app/controllers/api/v1/requests_controller.rb:22:in 'Api::V1::RequestsController#index'
  [1m[36mCACHE RequestType Load (0.0ms)[0m  [1m[34mSELECT "request_types".* FROM "request_types" WHERE "request_types"."deleted_at" IS NULL AND "request_types"."id" = 'dbc4ad97-8696-4a00-9423-3d4df65dbd59' LIMIT 1[0m
  ↳ app/controllers/api/v1/requests_controller.rb:22:in 'Api::V1::RequestsController#index'
  [1m[36mCACHE User Load (0.0ms)[0m  [1m[34mSELECT "users".* FROM "users" INNER JOIN "request_type_approvers" ON "users"."id" = "request_type_approvers"."user_id" WHERE "users"."deleted_at" IS NULL AND "request_type_approvers"."request_type_id" = 'dbc4ad97-8696-4a00-9423-3d4df65dbd59'[0m
  ↳ app/controllers/api/v1/requests_controller.rb:22:in 'Api::V1::RequestsController#index'
  [1m[36mCACHE Rule Load (0.0ms)[0m  [1m[34mSELECT "rules".* FROM "rules" WHERE "rules"."deleted_at" IS NULL AND "rules"."id" = '6d9b88af-a02d-4d3c-8099-8cb7fb3a2d4a' LIMIT 1[0m
  ↳ app/controllers/api/v1/requests_controller.rb:22:in 'Api::V1::RequestsController#index'
  [1m[36mCACHE RequestType Load (0.0ms)[0m  [1m[34mSELECT "request_types".* FROM "request_types" WHERE "request_types"."deleted_at" IS NULL AND "request_types"."id" = 'dbc4ad97-8696-4a00-9423-3d4df65dbd59' LIMIT 1[0m
  ↳ app/controllers/api/v1/requests_controller.rb:22:in 'Api::V1::RequestsController#index'
  [1m[36mCACHE User Load (0.0ms)[0m  [1m[34mSELECT "users".* FROM "users" INNER JOIN "request_type_approvers" ON "users"."id" = "request_type_approvers"."user_id" WHERE "users"."deleted_at" IS NULL AND "request_type_approvers"."request_type_id" = 'dbc4ad97-8696-4a00-9423-3d4df65dbd59'[0m
  ↳ app/controllers/api/v1/requests_controller.rb:22:in 'Api::V1::RequestsController#index'
Completed 200 OK in 28ms (Views: 0.1ms | ActiveRecord: 3.4ms (34 queries, 19 cached) | GC: 1.7ms)


Started GET "/api/v1/rules?page=1" for ::1 at 2026-02-09 10:51:45 +0530
Processing by Api::V1::RulesController#index as HTML
  Parameters: {"page" => "1"}
  [1m[36mUser Load (0.6ms)[0m  [1m[34mSELECT "users".* FROM "users" WHERE "users"."deleted_at" IS NULL AND "users"."id" = '37ec41c9-c494-4128-bb94-07c2b87ad9e6' LIMIT 1 /*action='index',application='ApprovalEngine',controller='rules'*/[0m
  ↳ app/controllers/concerns/authenticatable.rb:20:in 'Authenticatable#authenticate_user'
  [1m[36mTenant Load (0.2ms)[0m  [1m[34mSELECT "tenants".* FROM "tenants" WHERE "tenants"."deleted_at" IS NULL AND "tenants"."id" = 'aa29ef8c-86bf-413d-9ea9-ed2c4360c3a5' LIMIT 1 /*action='index',application='ApprovalEngine',controller='rules'*/[0m
  ↳ app/controllers/api/v1/rules_controller.rb:6:in 'Api::V1::RulesController#index'
  [1m[36mRule Count (0.2ms)[0m  [1m[34mSELECT COUNT(*) FROM "rules" WHERE "rules"."deleted_at" IS NULL AND "rules"."tenant_id" = 'aa29ef8c-86bf-413d-9ea9-ed2c4360c3a5' /*action='index',application='ApprovalEngine',controller='rules'*/[0m
  ↳ app/controllers/api/v1/rules_controller.rb:7:in 'Api::V1::RulesController#index'
  [1m[36mRule Load (0.2ms)[0m  [1m[34mSELECT "rules".* FROM "rules" WHERE "rules"."deleted_at" IS NULL AND "rules"."tenant_id" = 'aa29ef8c-86bf-413d-9ea9-ed2c4360c3a5' LIMIT 10 OFFSET 0 /*action='index',application='ApprovalEngine',controller='rules'*/[0m
  ↳ app/controllers/api/v1/rules_controller.rb:13:in 'Api::V1::RulesController#index'
  [1m[36mRequestType Load (0.3ms)[0m  [1m[34mSELECT "request_types".* FROM "request_types" WHERE "request_types"."deleted_at" IS NULL AND "request_types"."id" IN ('dbc4ad97-8696-4a00-9423-3d4df65dbd59', '1f5dd956-b4d1-456e-a5ea-d3c63ebde7b8') /*action='index',application='ApprovalEngine',controller='rules'*/[0m
  ↳ app/controllers/api/v1/rules_controller.rb:13:in 'Api::V1::RulesController#index'
  [1m[36mUser Load (0.4ms)[0m  [1m[34mSELECT "users".* FROM "users" INNER JOIN "request_type_approvers" ON "users"."id" = "request_type_approvers"."user_id" WHERE "users"."deleted_at" IS NULL AND "request_type_approvers"."request_type_id" = 'dbc4ad97-8696-4a00-9423-3d4df65dbd59' /*action='index',application='ApprovalEngine',controller='rules'*/[0m
  ↳ app/controllers/api/v1/rules_controller.rb:13:in 'Api::V1::RulesController#index'
  [1m[36mUser Load (0.2ms)[0m  [1m[34mSELECT "users".* FROM "users" INNER JOIN "request_type_approvers" ON "users"."id" = "request_type_approvers"."user_id" WHERE "users"."deleted_at" IS NULL AND "request_type_approvers"."request_type_id" = '1f5dd956-b4d1-456e-a5ea-d3c63ebde7b8' /*action='index',application='ApprovalEngine',controller='rules'*/[0m
  ↳ app/controllers/api/v1/rules_controller.rb:13:in 'Api::V1::RulesController#index'
Completed 200 OK in 11ms (Views: 0.1ms | ActiveRecord: 2.2ms (7 queries, 0 cached) | GC: 0.0ms)


[dotenv] Set [36mJWT_SECRET[0m, [36mJWT_EXPIRY[0m
[dotenv] Loaded [33m.env[0m
  [1m[35m (0.2ms)[0m  [1m[34mSELECT pg_try_advisory_lock(1219215388655053755) /*application='ApprovalEngine'*/[0m
  [1m[36mActiveRecord::SchemaMigration Load (0.7ms)[0m  [1m[34mSELECT "schema_migrations"."version" FROM "schema_migrations" ORDER BY "schema_migrations"."version" ASC /*application='ApprovalEngine'*/[0m
  [1m[36mActiveRecord::InternalMetadata Load (0.8ms)[0m  [1m[34mSELECT * FROM "ar_internal_metadata" WHERE "ar_internal_metadata"."key" = 'environment' ORDER BY "ar_internal_metadata"."key" ASC LIMIT 1 /*application='ApprovalEngine'*/[0m
  [1m[35m (0.1ms)[0m  [1m[34mSELECT pg_advisory_unlock(1219215388655053755) /*application='ApprovalEngine'*/[0m
  [1m[36mActiveRecord::SchemaMigration Load (0.2ms)[0m  [1m[34mSELECT "schema_migrations"."version" FROM "schema_migrations" ORDER BY "schema_migrations"."version" ASC /*application='ApprovalEngine'*/[0m
  [1m[35mSQL (0.1ms)[0m  [1m[35mSET search_path TO public /*application='ApprovalEngine'*/[0m
  [1m[35mSQL (0.1ms)[0m  [1m[35mSET search_path TO "$user", public /*application='ApprovalEngine'*/[0m
  [1m[35mSQL (0.1ms)[0m  [1m[35mSET search_path TO public /*application='ApprovalEngine'*/[0m
  [1m[35mSQL (0.1ms)[0m  [1m[35mSET search_path TO "$user", public /*application='ApprovalEngine'*/[0m
[dotenv] Set [36mJWT_SECRET[0m, [36mJWT_EXPIRY[0m
[dotenv] Loaded [33m.env[0m
  [1m[35m (0.1ms)[0m  [1m[34mSELECT pg_try_advisory_lock(1219215388655053755) /*application='ApprovalEngine'*/[0m
  [1m[36mActiveRecord::SchemaMigration Load (0.3ms)[0m  [1m[34mSELECT "schema_migrations"."version" FROM "schema_migrations" ORDER BY "schema_migrations"."version" ASC /*application='ApprovalEngine'*/[0m
  [1m[36mActiveRecord::InternalMetadata Load (0.3ms)[0m  [1m[34mSELECT * FROM "ar_internal_metadata" WHERE "ar_internal_metadata"."key" = 'environment' ORDER BY "ar_internal_metadata"."key" ASC LIMIT 1 /*application='ApprovalEngine'*/[0m
  [1m[35m (0.1ms)[0m  [1m[34mSELECT pg_advisory_unlock(1219215388655053755) /*application='ApprovalEngine'*/[0m
  [1m[36mActiveRecord::SchemaMigration Load (0.1ms)[0m  [1m[34mSELECT "schema_migrations"."version" FROM "schema_migrations" ORDER BY "schema_migrations"."version" ASC /*application='ApprovalEngine'*/[0m
  [1m[35mSQL (0.1ms)[0m  [1m[35mSET search_path TO public /*application='ApprovalEngine'*/[0m
  [1m[35mSQL (0.1ms)[0m  [1m[35mSET search_path TO "$user", public /*application='ApprovalEngine'*/[0m
  [1m[35mSQL (0.1ms)[0m  [1m[35mSET search_path TO public /*application='ApprovalEngine'*/[0m
  [1m[35mSQL (0.1ms)[0m  [1m[35mSET search_path TO "$user", public /*application='ApprovalEngine'*/[0m
[dotenv] Set [36mJWT_SECRET[0m, [36mJWT_EXPIRY[0m
[dotenv] Loaded [33m.env[0m
Started POST "/api/v1/login" for ::1 at 2026-02-09 11:10:04 +0530
  [1m[36mActiveRecord::SchemaMigration Load (0.3ms)[0m  [1m[34mSELECT "schema_migrations"."version" FROM "schema_migrations" ORDER BY "schema_migrations"."version" ASC /*application='ApprovalEngine'*/[0m
Processing by Api::V1::AuthController#login as HTML
  Parameters: {"email" => "[FILTERED]", "password" => "[FILTERED]", "auth" => {"email" => "[FILTERED]", "password" => "[FILTERED]"}}
  [1m[36mUser Load (1.2ms)[0m  [1m[34mSELECT "users".* FROM "users" WHERE "users"."deleted_at" IS NULL AND "users"."email" = 'admin@example.com' LIMIT 1 /*action='login',application='ApprovalEngine',controller='auth'*/[0m
  ↳ app/controllers/api/v1/auth_controller.rb:7:in 'Api::V1::AuthController#login'
Completed 200 OK in 254ms (Views: 0.2ms | ActiveRecord: 6.4ms (1 query, 0 cached) | GC: 0.7ms)


Started GET "/api/v1/admin/reports/summary" for ::1 at 2026-02-09 11:10:04 +0530
Started GET "/api/v1/requests?page=1" for ::1 at 2026-02-09 11:10:04 +0530
Processing by Api::V1::Admin::ReportsController#summary as HTML
Processing by Api::V1::RequestsController#index as HTML
  Parameters: {"page" => "1"}
  [1m[36mUser Load (2.2ms)[0m  [1m[34mSELECT "users".* FROM "users" WHERE "users"."deleted_at" IS NULL AND "users"."id" = 'a8b58455-32ed-4b42-af48-3bb969d2c5b8' LIMIT 1 /*action='summary',application='ApprovalEngine',controller='reports'*/[0m
  ↳ app/controllers/concerns/authenticatable.rb:20:in 'Authenticatable#authenticate_user'
  [1m[36mTenant Load (0.7ms)[0m  [1m[34mSELECT "tenants".* FROM "tenants" WHERE "tenants"."deleted_at" IS NULL AND "tenants"."id" = 'aa29ef8c-86bf-413d-9ea9-ed2c4360c3a5' LIMIT 1 /*action='summary',application='ApprovalEngine',controller='reports'*/[0m
  ↳ app/controllers/api/v1/admin/reports_controller.rb:8:in 'Api::V1::Admin::ReportsController#summary'
  [1m[36mRequest Count (1.0ms)[0m  [1m[34mSELECT COUNT(*) FROM "requests" WHERE "requests"."tenant_id" = 'aa29ef8c-86bf-413d-9ea9-ed2c4360c3a5' /*action='summary',application='ApprovalEngine',controller='reports'*/[0m
  ↳ app/controllers/api/v1/admin/reports_controller.rb:22:in 'Api::V1::Admin::ReportsController#total_requests'
  [1m[36mRequest Count (0.3ms)[0m  [1m[34mSELECT COUNT(*) AS "count_all", "requests"."status" AS "requests_status" FROM "requests" WHERE "requests"."tenant_id" = 'aa29ef8c-86bf-413d-9ea9-ed2c4360c3a5' GROUP BY "requests"."status" /*action='summary',application='ApprovalEngine',controller='reports'*/[0m
  ↳ app/controllers/api/v1/admin/reports_controller.rb:26:in 'Api::V1::Admin::ReportsController#status_breakdown'
  [1m[36mUser Load (0.6ms)[0m  [1m[34mSELECT "users".* FROM "users" WHERE "users"."deleted_at" IS NULL AND "users"."id" = 'a8b58455-32ed-4b42-af48-3bb969d2c5b8' LIMIT 1 /*action='index',application='ApprovalEngine',controller='requests'*/[0m
  ↳ app/controllers/concerns/authenticatable.rb:20:in 'Authenticatable#authenticate_user'
  [1m[36mTenant Load (0.2ms)[0m  [1m[34mSELECT "tenants".* FROM "tenants" WHERE "tenants"."deleted_at" IS NULL AND "tenants"."id" = 'aa29ef8c-86bf-413d-9ea9-ed2c4360c3a5' LIMIT 1 /*action='index',application='ApprovalEngine',controller='requests'*/[0m
  ↳ app/controllers/api/v1/requests_controller.rb:9:in 'Api::V1::RequestsController#index'
  [1m[36mRequest Count (2.1ms)[0m  [1m[34mSELECT COUNT(*) AS "count_all", "request_types"."name" AS "request_types_name" FROM "requests" INNER JOIN "request_types" ON "request_types"."deleted_at" IS NULL AND "request_types"."id" = "requests"."request_type_id" WHERE "requests"."tenant_id" = 'aa29ef8c-86bf-413d-9ea9-ed2c4360c3a5' GROUP BY "request_types"."name" /*action='summary',application='ApprovalEngine',controller='reports'*/[0m
  ↳ app/controllers/api/v1/admin/reports_controller.rb:33:in 'Api::V1::Admin::ReportsController#request_type_breakdown'
  [1m[36mRequest Count (2.1ms)[0m  [1m[34mSELECT COUNT(*) FROM "requests" WHERE "requests"."tenant_id" = 'aa29ef8c-86bf-413d-9ea9-ed2c4360c3a5' /*action='index',application='ApprovalEngine',controller='requests'*/[0m
  ↳ app/controllers/api/v1/requests_controller.rb:16:in 'Api::V1::RequestsController#index'
  [1m[36mRequest Load (0.7ms)[0m  [1m[34mSELECT "requests".* FROM "requests" WHERE "requests"."tenant_id" = 'aa29ef8c-86bf-413d-9ea9-ed2c4360c3a5' ORDER BY "requests"."created_at" DESC LIMIT 10 OFFSET 0 /*action='index',application='ApprovalEngine',controller='requests'*/[0m
  ↳ app/controllers/api/v1/requests_controller.rb:22:in 'Api::V1::RequestsController#index'
  [1m[36mApproval Count (5.1ms)[0m  [1m[34mSELECT COUNT(*) AS "count_all", "approvals"."action" AS "approvals_action" FROM "approvals" WHERE "approvals"."tenant_id" = 'aa29ef8c-86bf-413d-9ea9-ed2c4360c3a5' GROUP BY "approvals"."action" /*action='summary',application='ApprovalEngine',controller='reports'*/[0m
  ↳ app/controllers/api/v1/admin/reports_controller.rb:37:in 'Api::V1::Admin::ReportsController#decision_breakdown'
  [1m[36mUser Load (0.8ms)[0m  [1m[34mSELECT "users".* FROM "users" WHERE "users"."deleted_at" IS NULL AND "users"."id" IN ('37ec41c9-c494-4128-bb94-07c2b87ad9e6', 'e3143983-a8ea-40e8-b2e5-399b41d73282', '24c0e984-3d03-44c6-bdb3-9e397ba9d8c2') /*action='index',application='ApprovalEngine',controller='requests'*/[0m
  ↳ app/controllers/api/v1/requests_controller.rb:22:in 'Api::V1::RequestsController#index'
  [1m[36mApproval Count (1.2ms)[0m  [1m[34mSELECT COUNT(*) AS "count_all", "approvals"."rule_id" AS "approvals_rule_id" FROM "approvals" WHERE "approvals"."tenant_id" = 'aa29ef8c-86bf-413d-9ea9-ed2c4360c3a5' AND "approvals"."rule_id" IS NOT NULL GROUP BY "approvals"."rule_id" /*action='summary',application='ApprovalEngine',controller='reports'*/[0m
  ↳ app/controllers/api/v1/admin/reports_controller.rb:44:in 'Api::V1::Admin::ReportsController#rule_hit_counts'
Completed 200 OK in 45ms (Views: 0.1ms | ActiveRecord: 19.5ms (7 queries, 0 cached) | GC: 0.0ms)


  [1m[36mRequestType Load (1.2ms)[0m  [1m[34mSELECT "request_types".* FROM "request_types" WHERE "request_types"."deleted_at" IS NULL AND "request_types"."id" IN ('dbc4ad97-8696-4a00-9423-3d4df65dbd59', '1f5dd956-b4d1-456e-a5ea-d3c63ebde7b8') /*action='index',application='ApprovalEngine',controller='requests'*/[0m
  ↳ app/controllers/api/v1/requests_controller.rb:22:in 'Api::V1::RequestsController#index'
  [1m[36mApproval Load (0.4ms)[0m  [1m[34mSELECT "approvals".* FROM "approvals" WHERE "approvals"."request_id" IN ('8749cef5-817e-4f15-9a5a-e21cce1ffc0b', '0b14874d-75a2-49ac-af54-7025e87f2935', 'c2684ab9-fafc-4bfa-9ee7-4b7c41662145', '475229ab-84b6-40bf-abb0-c6ce911f67be', '5baae476-eb1d-407f-9cf0-a4addb60c542', '337744f0-b2c2-4474-8a70-3c3e2a1e5cca', '40873ba3-35c3-4506-82e6-4f595ba5634c', '4953134c-7c5c-4a29-8132-50bd579fcec8', '174d6d3c-993e-47b4-a309-3e63cb94c137', '185afc40-3aa9-4a26-8177-8d7bca45870c') /*action='index',application='ApprovalEngine',controller='requests'*/[0m
  ↳ app/controllers/api/v1/requests_controller.rb:22:in 'Api::V1::RequestsController#index'
  [1m[36mUser Load (0.8ms)[0m  [1m[34mSELECT "users".* FROM "users" INNER JOIN "request_type_approvers" ON "users"."id" = "request_type_approvers"."user_id" WHERE "users"."deleted_at" IS NULL AND "request_type_approvers"."request_type_id" = 'dbc4ad97-8696-4a00-9423-3d4df65dbd59' /*action='index',application='ApprovalEngine',controller='requests'*/[0m
  ↳ app/controllers/api/v1/requests_controller.rb:22:in 'Api::V1::RequestsController#index'
  [1m[36mCACHE User Load (0.0ms)[0m  [1m[34mSELECT "users".* FROM "users" WHERE "users"."deleted_at" IS NULL AND "users"."id" = 'a8b58455-32ed-4b42-af48-3bb969d2c5b8' LIMIT 1[0m
  ↳ app/controllers/api/v1/requests_controller.rb:22:in 'Api::V1::RequestsController#index'
  [1m[36mRule Load (1.2ms)[0m  [1m[34mSELECT "rules".* FROM "rules" WHERE "rules"."deleted_at" IS NULL AND "rules"."id" = '6d9b88af-a02d-4d3c-8099-8cb7fb3a2d4a' LIMIT 1 /*action='index',application='ApprovalEngine',controller='requests'*/[0m
  ↳ app/controllers/api/v1/requests_controller.rb:22:in 'Api::V1::RequestsController#index'
  [1m[36mRequestType Load (0.2ms)[0m  [1m[34mSELECT "request_types".* FROM "request_types" WHERE "request_types"."deleted_at" IS NULL AND "request_types"."id" = 'dbc4ad97-8696-4a00-9423-3d4df65dbd59' LIMIT 1 /*action='index',application='ApprovalEngine',controller='requests'*/[0m
  ↳ app/controllers/api/v1/requests_controller.rb:22:in 'Api::V1::RequestsController#index'
  [1m[36mCACHE User Load (0.0ms)[0m  [1m[34mSELECT "users".* FROM "users" INNER JOIN "request_type_approvers" ON "users"."id" = "request_type_approvers"."user_id" WHERE "users"."deleted_at" IS NULL AND "request_type_approvers"."request_type_id" = 'dbc4ad97-8696-4a00-9423-3d4df65dbd59'[0m
  ↳ app/controllers/api/v1/requests_controller.rb:22:in 'Api::V1::RequestsController#index'
  [1m[36mRule Load (0.2ms)[0m  [1m[34mSELECT "rules".* FROM "rules" WHERE "rules"."deleted_at" IS NULL AND "rules"."id" = '48a78e3e-3f71-41f5-a9b5-01ff3306a6d0' LIMIT 1 /*action='index',application='ApprovalEngine',controller='requests'*/[0m
  ↳ app/controllers/api/v1/requests_controller.rb:22:in 'Api::V1::RequestsController#index'
  [1m[36mCACHE RequestType Load (0.0ms)[0m  [1m[34mSELECT "request_types".* FROM "request_types" WHERE "request_types"."deleted_at" IS NULL AND "request_types"."id" = 'dbc4ad97-8696-4a00-9423-3d4df65dbd59' LIMIT 1[0m
  ↳ app/controllers/api/v1/requests_controller.rb:22:in 'Api::V1::RequestsController#index'
  [1m[36mCACHE User Load (0.0ms)[0m  [1m[34mSELECT "users".* FROM "users" INNER JOIN "request_type_approvers" ON "users"."id" = "request_type_approvers"."user_id" WHERE "users"."deleted_at" IS NULL AND "request_type_approvers"."request_type_id" = 'dbc4ad97-8696-4a00-9423-3d4df65dbd59'[0m
  ↳ app/controllers/api/v1/requests_controller.rb:22:in 'Api::V1::RequestsController#index'
  [1m[36mCACHE User Load (0.0ms)[0m  [1m[34mSELECT "users".* FROM "users" WHERE "users"."deleted_at" IS NULL AND "users"."id" = 'a8b58455-32ed-4b42-af48-3bb969d2c5b8' LIMIT 1[0m
  ↳ app/controllers/api/v1/requests_controller.rb:22:in 'Api::V1::RequestsController#index'
  [1m[36mCACHE Rule Load (0.0ms)[0m  [1m[34mSELECT "rules".* FROM "rules" WHERE "rules"."deleted_at" IS NULL AND "rules"."id" = '6d9b88af-a02d-4d3c-8099-8cb7fb3a2d4a' LIMIT 1[0m
  ↳ app/controllers/api/v1/requests_controller.rb:22:in 'Api::V1::RequestsController#index'
  [1m[36mCACHE RequestType Load (0.0ms)[0m  [1m[34mSELECT "request_types".* FROM "request_types" WHERE "request_types"."deleted_at" IS NULL AND "request_types"."id" = 'dbc4ad97-8696-4a00-9423-3d4df65dbd59' LIMIT 1[0m
  ↳ app/controllers/api/v1/requests_controller.rb:22:in 'Api::V1::RequestsController#index'
  [1m[36mCACHE User Load (0.0ms)[0m  [1m[34mSELECT "users".* FROM "users" INNER JOIN "request_type_approvers" ON "users"."id" = "request_type_approvers"."user_id" WHERE "users"."deleted_at" IS NULL AND "request_type_approvers"."request_type_id" = 'dbc4ad97-8696-4a00-9423-3d4df65dbd59'[0m
  ↳ app/controllers/api/v1/requests_controller.rb:22:in 'Api::V1::RequestsController#index'
  [1m[36mCACHE User Load (0.0ms)[0m  [1m[34mSELECT "users".* FROM "users" WHERE "users"."deleted_at" IS NULL AND "users"."id" = 'a8b58455-32ed-4b42-af48-3bb969d2c5b8' LIMIT 1[0m
  ↳ app/controllers/api/v1/requests_controller.rb:22:in 'Api::V1::RequestsController#index'
  [1m[36mCACHE Rule Load (0.0ms)[0m  [1m[34mSELECT "rules".* FROM "rules" WHERE "rules"."deleted_at" IS NULL AND "rules"."id" = '48a78e3e-3f71-41f5-a9b5-01ff3306a6d0' LIMIT 1[0m
  ↳ app/controllers/api/v1/requests_controller.rb:22:in 'Api::V1::RequestsController#index'
  [1m[36mCACHE RequestType Load (0.0ms)[0m  [1m[34mSELECT "request_types".* FROM "request_types" WHERE "request_types"."deleted_at" IS NULL AND "request_types"."id" = 'dbc4ad97-8696-4a00-9423-3d4df65dbd59' LIMIT 1[0m
  ↳ app/controllers/api/v1/requests_controller.rb:22:in 'Api::V1::RequestsController#index'
  [1m[36mCACHE User Load (0.0ms)[0m  [1m[34mSELECT "users".* FROM "users" INNER JOIN "request_type_approvers" ON "users"."id" = "request_type_approvers"."user_id" WHERE "users"."deleted_at" IS NULL AND "request_type_approvers"."request_type_id" = 'dbc4ad97-8696-4a00-9423-3d4df65dbd59'[0m
  ↳ app/controllers/api/v1/requests_controller.rb:22:in 'Api::V1::RequestsController#index'
  [1m[36mUser Load (0.3ms)[0m  [1m[34mSELECT "users".* FROM "users" INNER JOIN "request_type_approvers" ON "users"."id" = "request_type_approvers"."user_id" WHERE "users"."deleted_at" IS NULL AND "request_type_approvers"."request_type_id" = '1f5dd956-b4d1-456e-a5ea-d3c63ebde7b8' /*action='index',application='ApprovalEngine',controller='requests'*/[0m
  ↳ app/controllers/api/v1/requests_controller.rb:22:in 'Api::V1::RequestsController#index'
  [1m[36mRule Load (0.2ms)[0m  [1m[34mSELECT "rules".* FROM "rules" WHERE "rules"."deleted_at" IS NULL AND "rules"."id" = 'bf0d0cb8-758c-434f-beb1-e73dee813eec' LIMIT 1 /*action='index',application='ApprovalEngine',controller='requests'*/[0m
  ↳ app/controllers/api/v1/requests_controller.rb:22:in 'Api::V1::RequestsController#index'
  [1m[36mRequestType Load (0.2ms)[0m  [1m[34mSELECT "request_types".* FROM "request_types" WHERE "request_types"."deleted_at" IS NULL AND "request_types"."id" = '1f5dd956-b4d1-456e-a5ea-d3c63ebde7b8' LIMIT 1 /*action='index',application='ApprovalEngine',controller='requests'*/[0m
  ↳ app/controllers/api/v1/requests_controller.rb:22:in 'Api::V1::RequestsController#index'
  [1m[36mCACHE User Load (0.0ms)[0m  [1m[34mSELECT "users".* FROM "users" INNER JOIN "request_type_approvers" ON "users"."id" = "request_type_approvers"."user_id" WHERE "users"."deleted_at" IS NULL AND "request_type_approvers"."request_type_id" = '1f5dd956-b4d1-456e-a5ea-d3c63ebde7b8'[0m
  ↳ app/controllers/api/v1/requests_controller.rb:22:in 'Api::V1::RequestsController#index'
  [1m[36mCACHE User Load (0.0ms)[0m  [1m[34mSELECT "users".* FROM "users" WHERE "users"."deleted_at" IS NULL AND "users"."id" = 'a8b58455-32ed-4b42-af48-3bb969d2c5b8' LIMIT 1[0m
  ↳ app/controllers/api/v1/requests_controller.rb:22:in 'Api::V1::RequestsController#index'
  [1m[36mRule Load (0.2ms)[0m  [1m[34mSELECT "rules".* FROM "rules" WHERE "rules"."deleted_at" IS NULL AND "rules"."id" = '1080d429-9d8c-4294-bf05-4b56efcf7824' LIMIT 1 /*action='index',application='ApprovalEngine',controller='requests'*/[0m
  ↳ app/controllers/api/v1/requests_controller.rb:22:in 'Api::V1::RequestsController#index'
  [1m[36mCACHE RequestType Load (0.0ms)[0m  [1m[34mSELECT "request_types".* FROM "request_types" WHERE "request_types"."deleted_at" IS NULL AND "request_types"."id" = '1f5dd956-b4d1-456e-a5ea-d3c63ebde7b8' LIMIT 1[0m
  ↳ app/controllers/api/v1/requests_controller.rb:22:in 'Api::V1::RequestsController#index'
  [1m[36mCACHE User Load (0.0ms)[0m  [1m[34mSELECT "users".* FROM "users" INNER JOIN "request_type_approvers" ON "users"."id" = "request_type_approvers"."user_id" WHERE "users"."deleted_at" IS NULL AND "request_type_approvers"."request_type_id" = '1f5dd956-b4d1-456e-a5ea-d3c63ebde7b8'[0m
  ↳ app/controllers/api/v1/requests_controller.rb:22:in 'Api::V1::RequestsController#index'
  [1m[36mCACHE Rule Load (0.0ms)[0m  [1m[34mSELECT "rules".* FROM "rules" WHERE "rules"."deleted_at" IS NULL AND "rules"."id" = 'bf0d0cb8-758c-434f-beb1-e73dee813eec' LIMIT 1[0m
  ↳ app/controllers/api/v1/requests_controller.rb:22:in 'Api::V1::RequestsController#index'
  [1m[36mCACHE RequestType Load (0.0ms)[0m  [1m[34mSELECT "request_types".* FROM "request_types" WHERE "request_types"."deleted_at" IS NULL AND "request_types"."id" = '1f5dd956-b4d1-456e-a5ea-d3c63ebde7b8' LIMIT 1[0m
  ↳ app/controllers/api/v1/requests_controller.rb:22:in 'Api::V1::RequestsController#index'
  [1m[36mCACHE User Load (0.0ms)[0m  [1m[34mSELECT "users".* FROM "users" INNER JOIN "request_type_approvers" ON "users"."id" = "request_type_approvers"."user_id" WHERE "users"."deleted_at" IS NULL AND "request_type_approvers"."request_type_id" = '1f5dd956-b4d1-456e-a5ea-d3c63ebde7b8'[0m
  ↳ app/controllers/api/v1/requests_controller.rb:22:in 'Api::V1::RequestsController#index'
  [1m[36mCACHE User Load (0.0ms)[0m  [1m[34mSELECT "users".* FROM "users" WHERE "users"."deleted_at" IS NULL AND "users"."id" = 'a8b58455-32ed-4b42-af48-3bb969d2c5b8' LIMIT 1[0m
  ↳ app/controllers/api/v1/requests_controller.rb:22:in 'Api::V1::RequestsController#index'
  [1m[36mCACHE Rule Load (0.0ms)[0m  [1m[34mSELECT "rules".* FROM "rules" WHERE "rules"."deleted_at" IS NULL AND "rules"."id" = 'bf0d0cb8-758c-434f-beb1-e73dee813eec' LIMIT 1[0m
  ↳ app/controllers/api/v1/requests_controller.rb:22:in 'Api::V1::RequestsController#index'
  [1m[36mCACHE RequestType Load (0.0ms)[0m  [1m[34mSELECT "request_types".* FROM "request_types" WHERE "request_types"."deleted_at" IS NULL AND "request_types"."id" = '1f5dd956-b4d1-456e-a5ea-d3c63ebde7b8' LIMIT 1[0m
  ↳ app/controllers/api/v1/requests_controller.rb:22:in 'Api::V1::RequestsController#index'
  [1m[36mCACHE User Load (0.0ms)[0m  [1m[34mSELECT "users".* FROM "users" INNER JOIN "request_type_approvers" ON "users"."id" = "request_type_approvers"."user_id" WHERE "users"."deleted_at" IS NULL AND "request_type_approvers"."request_type_id" = '1f5dd956-b4d1-456e-a5ea-d3c63ebde7b8'[0m
  ↳ app/controllers/api/v1/requests_controller.rb:22:in 'Api::V1::RequestsController#index'
  [1m[36mCACHE User Load (0.0ms)[0m  [1m[34mSELECT "users".* FROM "users" WHERE "users"."deleted_at" IS NULL AND "users"."id" = 'a8b58455-32ed-4b42-af48-3bb969d2c5b8' LIMIT 1[0m
  ↳ app/controllers/api/v1/requests_controller.rb:22:in 'Api::V1::RequestsController#index'
  [1m[36mCACHE Rule Load (0.0ms)[0m  [1m[34mSELECT "rules".* FROM "rules" WHERE "rules"."deleted_at" IS NULL AND "rules"."id" = '48a78e3e-3f71-41f5-a9b5-01ff3306a6d0' LIMIT 1[0m
  ↳ app/controllers/api/v1/requests_controller.rb:22:in 'Api::V1::RequestsController#index'
  [1m[36mCACHE RequestType Load (0.0ms)[0m  [1m[34mSELECT "request_types".* FROM "request_types" WHERE "request_types"."deleted_at" IS NULL AND "request_types"."id" = 'dbc4ad97-8696-4a00-9423-3d4df65dbd59' LIMIT 1[0m
  ↳ app/controllers/api/v1/requests_controller.rb:22:in 'Api::V1::RequestsController#index'
  [1m[36mCACHE User Load (0.0ms)[0m  [1m[34mSELECT "users".* FROM "users" INNER JOIN "request_type_approvers" ON "users"."id" = "request_type_approvers"."user_id" WHERE "users"."deleted_at" IS NULL AND "request_type_approvers"."request_type_id" = 'dbc4ad97-8696-4a00-9423-3d4df65dbd59'[0m
  ↳ app/controllers/api/v1/requests_controller.rb:22:in 'Api::V1::RequestsController#index'
  [1m[36mCACHE User Load (0.0ms)[0m  [1m[34mSELECT "users".* FROM "users" WHERE "users"."deleted_at" IS NULL AND "users"."id" = 'a8b58455-32ed-4b42-af48-3bb969d2c5b8' LIMIT 1[0m
  ↳ app/controllers/api/v1/requests_controller.rb:22:in 'Api::V1::RequestsController#index'
  [1m[36mCACHE Rule Load (0.0ms)[0m  [1m[34mSELECT "rules".* FROM "rules" WHERE "rules"."deleted_at" IS NULL AND "rules"."id" = '48a78e3e-3f71-41f5-a9b5-01ff3306a6d0' LIMIT 1[0m
  ↳ app/controllers/api/v1/requests_controller.rb:22:in 'Api::V1::RequestsController#index'
  [1m[36mCACHE RequestType Load (0.0ms)[0m  [1m[34mSELECT "request_types".* FROM "request_types" WHERE "request_types"."deleted_at" IS NULL AND "request_types"."id" = 'dbc4ad97-8696-4a00-9423-3d4df65dbd59' LIMIT 1[0m
  ↳ app/controllers/api/v1/requests_controller.rb:22:in 'Api::V1::RequestsController#index'
  [1m[36mCACHE User Load (0.0ms)[0m  [1m[34mSELECT "users".* FROM "users" INNER JOIN "request_type_approvers" ON "users"."id" = "request_type_approvers"."user_id" WHERE "users"."deleted_at" IS NULL AND "request_type_approvers"."request_type_id" = 'dbc4ad97-8696-4a00-9423-3d4df65dbd59'[0m
  ↳ app/controllers/api/v1/requests_controller.rb:22:in 'Api::V1::RequestsController#index'
Completed 200 OK in 93ms (Views: 0.2ms | ActiveRecord: 20.5ms (46 queries, 31 cached) | GC: 0.0ms)


Started GET "/api/v1/rules?page=1" for ::1 at 2026-02-09 11:10:23 +0530
Processing by Api::V1::RulesController#index as HTML
  Parameters: {"page" => "1"}
  [1m[36mUser Load (0.4ms)[0m  [1m[34mSELECT "users".* FROM "users" WHERE "users"."deleted_at" IS NULL AND "users"."id" = 'a8b58455-32ed-4b42-af48-3bb969d2c5b8' LIMIT 1 /*action='index',application='ApprovalEngine',controller='rules'*/[0m
  ↳ app/controllers/concerns/authenticatable.rb:20:in 'Authenticatable#authenticate_user'
  [1m[36mTenant Load (0.2ms)[0m  [1m[34mSELECT "tenants".* FROM "tenants" WHERE "tenants"."deleted_at" IS NULL AND "tenants"."id" = 'aa29ef8c-86bf-413d-9ea9-ed2c4360c3a5' LIMIT 1 /*action='index',application='ApprovalEngine',controller='rules'*/[0m
  ↳ app/controllers/api/v1/rules_controller.rb:6:in 'Api::V1::RulesController#index'
  [1m[36mRule Count (0.2ms)[0m  [1m[34mSELECT COUNT(*) FROM "rules" WHERE "rules"."deleted_at" IS NULL AND "rules"."tenant_id" = 'aa29ef8c-86bf-413d-9ea9-ed2c4360c3a5' /*action='index',application='ApprovalEngine',controller='rules'*/[0m
  ↳ app/controllers/api/v1/rules_controller.rb:7:in 'Api::V1::RulesController#index'
  [1m[36mRule Load (0.2ms)[0m  [1m[34mSELECT "rules".* FROM "rules" WHERE "rules"."deleted_at" IS NULL AND "rules"."tenant_id" = 'aa29ef8c-86bf-413d-9ea9-ed2c4360c3a5' LIMIT 10 OFFSET 0 /*action='index',application='ApprovalEngine',controller='rules'*/[0m
  ↳ app/controllers/api/v1/rules_controller.rb:13:in 'Api::V1::RulesController#index'
  [1m[36mRequestType Load (0.2ms)[0m  [1m[34mSELECT "request_types".* FROM "request_types" WHERE "request_types"."deleted_at" IS NULL AND "request_types"."id" IN ('dbc4ad97-8696-4a00-9423-3d4df65dbd59', '1f5dd956-b4d1-456e-a5ea-d3c63ebde7b8') /*action='index',application='ApprovalEngine',controller='rules'*/[0m
  ↳ app/controllers/api/v1/rules_controller.rb:13:in 'Api::V1::RulesController#index'
  [1m[36mUser Load (0.3ms)[0m  [1m[34mSELECT "users".* FROM "users" INNER JOIN "request_type_approvers" ON "users"."id" = "request_type_approvers"."user_id" WHERE "users"."deleted_at" IS NULL AND "request_type_approvers"."request_type_id" = 'dbc4ad97-8696-4a00-9423-3d4df65dbd59' /*action='index',application='ApprovalEngine',controller='rules'*/[0m
  ↳ app/controllers/api/v1/rules_controller.rb:13:in 'Api::V1::RulesController#index'
  [1m[36mUser Load (0.2ms)[0m  [1m[34mSELECT "users".* FROM "users" INNER JOIN "request_type_approvers" ON "users"."id" = "request_type_approvers"."user_id" WHERE "users"."deleted_at" IS NULL AND "request_type_approvers"."request_type_id" = '1f5dd956-b4d1-456e-a5ea-d3c63ebde7b8' /*action='index',application='ApprovalEngine',controller='rules'*/[0m
  ↳ app/controllers/api/v1/rules_controller.rb:13:in 'Api::V1::RulesController#index'
Completed 200 OK in 10ms (Views: 0.1ms | ActiveRecord: 1.8ms (7 queries, 0 cached) | GC: 0.0ms)


Started GET "/api/v1/admin/reports/summary" for ::1 at 2026-02-09 11:10:31 +0530
Started GET "/api/v1/requests?page=1" for ::1 at 2026-02-09 11:10:31 +0530
Processing by Api::V1::Admin::ReportsController#summary as HTML
Processing by Api::V1::RequestsController#index as HTML
  Parameters: {"page" => "1"}
  [1m[36mUser Load (1.7ms)[0m  [1m[34mSELECT "users".* FROM "users" WHERE "users"."deleted_at" IS NULL AND "users"."id" = 'a8b58455-32ed-4b42-af48-3bb969d2c5b8' LIMIT 1 /*action='summary',application='ApprovalEngine',controller='reports'*/[0m
  ↳ app/controllers/concerns/authenticatable.rb:20:in 'Authenticatable#authenticate_user'
  [1m[36mUser Load (1.6ms)[0m  [1m[34mSELECT "users".* FROM "users" WHERE "users"."deleted_at" IS NULL AND "users"."id" = 'a8b58455-32ed-4b42-af48-3bb969d2c5b8' LIMIT 1 /*action='index',application='ApprovalEngine',controller='requests'*/[0m
  ↳ app/controllers/concerns/authenticatable.rb:20:in 'Authenticatable#authenticate_user'
  [1m[36mTenant Load (1.1ms)[0m  [1m[34mSELECT "tenants".* FROM "tenants" WHERE "tenants"."deleted_at" IS NULL AND "tenants"."id" = 'aa29ef8c-86bf-413d-9ea9-ed2c4360c3a5' LIMIT 1 /*action='summary',application='ApprovalEngine',controller='reports'*/[0m
  ↳ app/controllers/api/v1/admin/reports_controller.rb:8:in 'Api::V1::Admin::ReportsController#summary'
  [1m[36mTenant Load (1.5ms)[0m  [1m[34mSELECT "tenants".* FROM "tenants" WHERE "tenants"."deleted_at" IS NULL AND "tenants"."id" = 'aa29ef8c-86bf-413d-9ea9-ed2c4360c3a5' LIMIT 1 /*action='index',application='ApprovalEngine',controller='requests'*/[0m
  ↳ app/controllers/api/v1/requests_controller.rb:9:in 'Api::V1::RequestsController#index'
  [1m[36mRequest Count (1.3ms)[0m  [1m[34mSELECT COUNT(*) FROM "requests" WHERE "requests"."tenant_id" = 'aa29ef8c-86bf-413d-9ea9-ed2c4360c3a5' /*action='summary',application='ApprovalEngine',controller='reports'*/[0m
  ↳ app/controllers/api/v1/admin/reports_controller.rb:22:in 'Api::V1::Admin::ReportsController#total_requests'
  [1m[36mRequest Count (1.1ms)[0m  [1m[34mSELECT COUNT(*) FROM "requests" WHERE "requests"."tenant_id" = 'aa29ef8c-86bf-413d-9ea9-ed2c4360c3a5' /*action='index',application='ApprovalEngine',controller='requests'*/[0m
  ↳ app/controllers/api/v1/requests_controller.rb:16:in 'Api::V1::RequestsController#index'
  [1m[36mRequest Count (1.0ms)[0m  [1m[34mSELECT COUNT(*) AS "count_all", "requests"."status" AS "requests_status" FROM "requests" WHERE "requests"."tenant_id" = 'aa29ef8c-86bf-413d-9ea9-ed2c4360c3a5' GROUP BY "requests"."status" /*action='summary',application='ApprovalEngine',controller='reports'*/[0m
  ↳ app/controllers/api/v1/admin/reports_controller.rb:26:in 'Api::V1::Admin::ReportsController#status_breakdown'
  [1m[36mRequest Load (1.3ms)[0m  [1m[34mSELECT "requests".* FROM "requests" WHERE "requests"."tenant_id" = 'aa29ef8c-86bf-413d-9ea9-ed2c4360c3a5' ORDER BY "requests"."created_at" DESC LIMIT 10 OFFSET 0 /*action='index',application='ApprovalEngine',controller='requests'*/[0m
  ↳ app/controllers/api/v1/requests_controller.rb:22:in 'Api::V1::RequestsController#index'
  [1m[36mRequest Count (2.0ms)[0m  [1m[34mSELECT COUNT(*) AS "count_all", "request_types"."name" AS "request_types_name" FROM "requests" INNER JOIN "request_types" ON "request_types"."deleted_at" IS NULL AND "request_types"."id" = "requests"."request_type_id" WHERE "requests"."tenant_id" = 'aa29ef8c-86bf-413d-9ea9-ed2c4360c3a5' GROUP BY "request_types"."name" /*action='summary',application='ApprovalEngine',controller='reports'*/[0m
  ↳ app/controllers/api/v1/admin/reports_controller.rb:33:in 'Api::V1::Admin::ReportsController#request_type_breakdown'
  [1m[36mUser Load (1.6ms)[0m  [1m[34mSELECT "users".* FROM "users" WHERE "users"."deleted_at" IS NULL AND "users"."id" IN ('37ec41c9-c494-4128-bb94-07c2b87ad9e6', 'e3143983-a8ea-40e8-b2e5-399b41d73282', '24c0e984-3d03-44c6-bdb3-9e397ba9d8c2') /*action='index',application='ApprovalEngine',controller='requests'*/[0m
  ↳ app/controllers/api/v1/requests_controller.rb:22:in 'Api::V1::RequestsController#index'
  [1m[36mApproval Count (1.3ms)[0m  [1m[34mSELECT COUNT(*) AS "count_all", "approvals"."action" AS "approvals_action" FROM "approvals" WHERE "approvals"."tenant_id" = 'aa29ef8c-86bf-413d-9ea9-ed2c4360c3a5' GROUP BY "approvals"."action" /*action='summary',application='ApprovalEngine',controller='reports'*/[0m
  ↳ app/controllers/api/v1/admin/reports_controller.rb:37:in 'Api::V1::Admin::ReportsController#decision_breakdown'
  [1m[36mRequestType Load (0.9ms)[0m  [1m[34mSELECT "request_types".* FROM "request_types" WHERE "request_types"."deleted_at" IS NULL AND "request_types"."id" IN ('dbc4ad97-8696-4a00-9423-3d4df65dbd59', '1f5dd956-b4d1-456e-a5ea-d3c63ebde7b8') /*action='index',application='ApprovalEngine',controller='requests'*/[0m
  ↳ app/controllers/api/v1/requests_controller.rb:22:in 'Api::V1::RequestsController#index'
  [1m[36mApproval Count (1.2ms)[0m  [1m[34mSELECT COUNT(*) AS "count_all", "approvals"."rule_id" AS "approvals_rule_id" FROM "approvals" WHERE "approvals"."tenant_id" = 'aa29ef8c-86bf-413d-9ea9-ed2c4360c3a5' AND "approvals"."rule_id" IS NOT NULL GROUP BY "approvals"."rule_id" /*action='summary',application='ApprovalEngine',controller='reports'*/[0m
  ↳ app/controllers/api/v1/admin/reports_controller.rb:44:in 'Api::V1::Admin::ReportsController#rule_hit_counts'
Completed 200 OK in 19ms (Views: 0.2ms | ActiveRecord: 9.4ms (7 queries, 0 cached) | GC: 0.0ms)


  [1m[36mApproval Load (1.7ms)[0m  [1m[34mSELECT "approvals".* FROM "approvals" WHERE "approvals"."request_id" IN ('8749cef5-817e-4f15-9a5a-e21cce1ffc0b', '0b14874d-75a2-49ac-af54-7025e87f2935', 'c2684ab9-fafc-4bfa-9ee7-4b7c41662145', '475229ab-84b6-40bf-abb0-c6ce911f67be', '5baae476-eb1d-407f-9cf0-a4addb60c542', '337744f0-b2c2-4474-8a70-3c3e2a1e5cca', '40873ba3-35c3-4506-82e6-4f595ba5634c', '4953134c-7c5c-4a29-8132-50bd579fcec8', '174d6d3c-993e-47b4-a309-3e63cb94c137', '185afc40-3aa9-4a26-8177-8d7bca45870c') /*action='index',application='ApprovalEngine',controller='requests'*/[0m
  ↳ app/controllers/api/v1/requests_controller.rb:22:in 'Api::V1::RequestsController#index'
  [1m[36mUser Load (0.8ms)[0m  [1m[34mSELECT "users".* FROM "users" INNER JOIN "request_type_approvers" ON "users"."id" = "request_type_approvers"."user_id" WHERE "users"."deleted_at" IS NULL AND "request_type_approvers"."request_type_id" = 'dbc4ad97-8696-4a00-9423-3d4df65dbd59' /*action='index',application='ApprovalEngine',controller='requests'*/[0m
  ↳ app/controllers/api/v1/requests_controller.rb:22:in 'Api::V1::RequestsController#index'
  [1m[36mCACHE User Load (0.0ms)[0m  [1m[34mSELECT "users".* FROM "users" WHERE "users"."deleted_at" IS NULL AND "users"."id" = 'a8b58455-32ed-4b42-af48-3bb969d2c5b8' LIMIT 1[0m
  ↳ app/controllers/api/v1/requests_controller.rb:22:in 'Api::V1::RequestsController#index'
  [1m[36mRule Load (0.4ms)[0m  [1m[34mSELECT "rules".* FROM "rules" WHERE "rules"."deleted_at" IS NULL AND "rules"."id" = '6d9b88af-a02d-4d3c-8099-8cb7fb3a2d4a' LIMIT 1 /*action='index',application='ApprovalEngine',controller='requests'*/[0m
  ↳ app/controllers/api/v1/requests_controller.rb:22:in 'Api::V1::RequestsController#index'
  [1m[36mRequestType Load (0.2ms)[0m  [1m[34mSELECT "request_types".* FROM "request_types" WHERE "request_types"."deleted_at" IS NULL AND "request_types"."id" = 'dbc4ad97-8696-4a00-9423-3d4df65dbd59' LIMIT 1 /*action='index',application='ApprovalEngine',controller='requests'*/[0m
  ↳ app/controllers/api/v1/requests_controller.rb:22:in 'Api::V1::RequestsController#index'
  [1m[36mCACHE User Load (0.0ms)[0m  [1m[34mSELECT "users".* FROM "users" INNER JOIN "request_type_approvers" ON "users"."id" = "request_type_approvers"."user_id" WHERE "users"."deleted_at" IS NULL AND "request_type_approvers"."request_type_id" = 'dbc4ad97-8696-4a00-9423-3d4df65dbd59'[0m
  ↳ app/controllers/api/v1/requests_controller.rb:22:in 'Api::V1::RequestsController#index'
  [1m[36mRule Load (0.2ms)[0m  [1m[34mSELECT "rules".* FROM "rules" WHERE "rules"."deleted_at" IS NULL AND "rules"."id" = '48a78e3e-3f71-41f5-a9b5-01ff3306a6d0' LIMIT 1 /*action='index',application='ApprovalEngine',controller='requests'*/[0m
  ↳ app/controllers/api/v1/requests_controller.rb:22:in 'Api::V1::RequestsController#index'
  [1m[36mCACHE RequestType Load (0.0ms)[0m  [1m[34mSELECT "request_types".* FROM "request_types" WHERE "request_types"."deleted_at" IS NULL AND "request_types"."id" = 'dbc4ad97-8696-4a00-9423-3d4df65dbd59' LIMIT 1[0m
  ↳ app/controllers/api/v1/requests_controller.rb:22:in 'Api::V1::RequestsController#index'
  [1m[36mCACHE User Load (0.0ms)[0m  [1m[34mSELECT "users".* FROM "users" INNER JOIN "request_type_approvers" ON "users"."id" = "request_type_approvers"."user_id" WHERE "users"."deleted_at" IS NULL AND "request_type_approvers"."request_type_id" = 'dbc4ad97-8696-4a00-9423-3d4df65dbd59'[0m
  ↳ app/controllers/api/v1/requests_controller.rb:22:in 'Api::V1::RequestsController#index'
  [1m[36mCACHE User Load (0.0ms)[0m  [1m[34mSELECT "users".* FROM "users" WHERE "users"."deleted_at" IS NULL AND "users"."id" = 'a8b58455-32ed-4b42-af48-3bb969d2c5b8' LIMIT 1[0m
  ↳ app/controllers/api/v1/requests_controller.rb:22:in 'Api::V1::RequestsController#index'
  [1m[36mCACHE Rule Load (0.0ms)[0m  [1m[34mSELECT "rules".* FROM "rules" WHERE "rules"."deleted_at" IS NULL AND "rules"."id" = '6d9b88af-a02d-4d3c-8099-8cb7fb3a2d4a' LIMIT 1[0m
  ↳ app/controllers/api/v1/requests_controller.rb:22:in 'Api::V1::RequestsController#index'
  [1m[36mCACHE RequestType Load (0.0ms)[0m  [1m[34mSELECT "request_types".* FROM "request_types" WHERE "request_types"."deleted_at" IS NULL AND "request_types"."id" = 'dbc4ad97-8696-4a00-9423-3d4df65dbd59' LIMIT 1[0m
  ↳ app/controllers/api/v1/requests_controller.rb:22:in 'Api::V1::RequestsController#index'
  [1m[36mCACHE User Load (0.0ms)[0m  [1m[34mSELECT "users".* FROM "users" INNER JOIN "request_type_approvers" ON "users"."id" = "request_type_approvers"."user_id" WHERE "users"."deleted_at" IS NULL AND "request_type_approvers"."request_type_id" = 'dbc4ad97-8696-4a00-9423-3d4df65dbd59'[0m
  ↳ app/controllers/api/v1/requests_controller.rb:22:in 'Api::V1::RequestsController#index'
  [1m[36mCACHE User Load (0.0ms)[0m  [1m[34mSELECT "users".* FROM "users" WHERE "users"."deleted_at" IS NULL AND "users"."id" = 'a8b58455-32ed-4b42-af48-3bb969d2c5b8' LIMIT 1[0m
  ↳ app/controllers/api/v1/requests_controller.rb:22:in 'Api::V1::RequestsController#index'
  [1m[36mCACHE Rule Load (0.0ms)[0m  [1m[34mSELECT "rules".* FROM "rules" WHERE "rules"."deleted_at" IS NULL AND "rules"."id" = '48a78e3e-3f71-41f5-a9b5-01ff3306a6d0' LIMIT 1[0m
  ↳ app/controllers/api/v1/requests_controller.rb:22:in 'Api::V1::RequestsController#index'
  [1m[36mCACHE RequestType Load (0.0ms)[0m  [1m[34mSELECT "request_types".* FROM "request_types" WHERE "request_types"."deleted_at" IS NULL AND "request_types"."id" = 'dbc4ad97-8696-4a00-9423-3d4df65dbd59' LIMIT 1[0m
  ↳ app/controllers/api/v1/requests_controller.rb:22:in 'Api::V1::RequestsController#index'
  [1m[36mCACHE User Load (0.0ms)[0m  [1m[34mSELECT "users".* FROM "users" INNER JOIN "request_type_approvers" ON "users"."id" = "request_type_approvers"."user_id" WHERE "users"."deleted_at" IS NULL AND "request_type_approvers"."request_type_id" = 'dbc4ad97-8696-4a00-9423-3d4df65dbd59'[0m
  ↳ app/controllers/api/v1/requests_controller.rb:22:in 'Api::V1::RequestsController#index'
  [1m[36mUser Load (0.5ms)[0m  [1m[34mSELECT "users".* FROM "users" INNER JOIN "request_type_approvers" ON "users"."id" = "request_type_approvers"."user_id" WHERE "users"."deleted_at" IS NULL AND "request_type_approvers"."request_type_id" = '1f5dd956-b4d1-456e-a5ea-d3c63ebde7b8' /*action='index',application='ApprovalEngine',controller='requests'*/[0m
  ↳ app/controllers/api/v1/requests_controller.rb:22:in 'Api::V1::RequestsController#index'
  [1m[36mRule Load (0.3ms)[0m  [1m[34mSELECT "rules".* FROM "rules" WHERE "rules"."deleted_at" IS NULL AND "rules"."id" = 'bf0d0cb8-758c-434f-beb1-e73dee813eec' LIMIT 1 /*action='index',application='ApprovalEngine',controller='requests'*/[0m
  ↳ app/controllers/api/v1/requests_controller.rb:22:in 'Api::V1::RequestsController#index'
  [1m[36mRequestType Load (0.3ms)[0m  [1m[34mSELECT "request_types".* FROM "request_types" WHERE "request_types"."deleted_at" IS NULL AND "request_types"."id" = '1f5dd956-b4d1-456e-a5ea-d3c63ebde7b8' LIMIT 1 /*action='index',application='ApprovalEngine',controller='requests'*/[0m
  ↳ app/controllers/api/v1/requests_controller.rb:22:in 'Api::V1::RequestsController#index'
  [1m[36mCACHE User Load (0.0ms)[0m  [1m[34mSELECT "users".* FROM "users" INNER JOIN "request_type_approvers" ON "users"."id" = "request_type_approvers"."user_id" WHERE "users"."deleted_at" IS NULL AND "request_type_approvers"."request_type_id" = '1f5dd956-b4d1-456e-a5ea-d3c63ebde7b8'[0m
  ↳ app/controllers/api/v1/requests_controller.rb:22:in 'Api::V1::RequestsController#index'
  [1m[36mCACHE User Load (0.0ms)[0m  [1m[34mSELECT "users".* FROM "users" WHERE "users"."deleted_at" IS NULL AND "users"."id" = 'a8b58455-32ed-4b42-af48-3bb969d2c5b8' LIMIT 1[0m
  ↳ app/controllers/api/v1/requests_controller.rb:22:in 'Api::V1::RequestsController#index'
  [1m[36mRule Load (0.3ms)[0m  [1m[34mSELECT "rules".* FROM "rules" WHERE "rules"."deleted_at" IS NULL AND "rules"."id" = '1080d429-9d8c-4294-bf05-4b56efcf7824' LIMIT 1 /*action='index',application='ApprovalEngine',controller='requests'*/[0m
  ↳ app/controllers/api/v1/requests_controller.rb:22:in 'Api::V1::RequestsController#index'
  [1m[36mCACHE RequestType Load (0.0ms)[0m  [1m[34mSELECT "request_types".* FROM "request_types" WHERE "request_types"."deleted_at" IS NULL AND "request_types"."id" = '1f5dd956-b4d1-456e-a5ea-d3c63ebde7b8' LIMIT 1[0m
  ↳ app/controllers/api/v1/requests_controller.rb:22:in 'Api::V1::RequestsController#index'
  [1m[36mCACHE User Load (0.0ms)[0m  [1m[34mSELECT "users".* FROM "users" INNER JOIN "request_type_approvers" ON "users"."id" = "request_type_approvers"."user_id" WHERE "users"."deleted_at" IS NULL AND "request_type_approvers"."request_type_id" = '1f5dd956-b4d1-456e-a5ea-d3c63ebde7b8'[0m
  ↳ app/controllers/api/v1/requests_controller.rb:22:in 'Api::V1::RequestsController#index'
  [1m[36mCACHE Rule Load (0.0ms)[0m  [1m[34mSELECT "rules".* FROM "rules" WHERE "rules"."deleted_at" IS NULL AND "rules"."id" = 'bf0d0cb8-758c-434f-beb1-e73dee813eec' LIMIT 1[0m
  ↳ app/controllers/api/v1/requests_controller.rb:22:in 'Api::V1::RequestsController#index'
  [1m[36mCACHE RequestType Load (0.0ms)[0m  [1m[34mSELECT "request_types".* FROM "request_types" WHERE "request_types"."deleted_at" IS NULL AND "request_types"."id" = '1f5dd956-b4d1-456e-a5ea-d3c63ebde7b8' LIMIT 1[0m
  ↳ app/controllers/api/v1/requests_controller.rb:22:in 'Api::V1::RequestsController#index'
  [1m[36mCACHE User Load (0.0ms)[0m  [1m[34mSELECT "users".* FROM "users" INNER JOIN "request_type_approvers" ON "users"."id" = "request_type_approvers"."user_id" WHERE "users"."deleted_at" IS NULL AND "request_type_approvers"."request_type_id" = '1f5dd956-b4d1-456e-a5ea-d3c63ebde7b8'[0m
  ↳ app/controllers/api/v1/requests_controller.rb:22:in 'Api::V1::RequestsController#index'
  [1m[36mCACHE User Load (0.0ms)[0m  [1m[34mSELECT "users".* FROM "users" WHERE "users"."deleted_at" IS NULL AND "users"."id" = 'a8b58455-32ed-4b42-af48-3bb969d2c5b8' LIMIT 1[0m
  ↳ app/controllers/api/v1/requests_controller.rb:22:in 'Api::V1::RequestsController#index'
  [1m[36mCACHE Rule Load (0.0ms)[0m  [1m[34mSELECT "rules".* FROM "rules" WHERE "rules"."deleted_at" IS NULL AND "rules"."id" = 'bf0d0cb8-758c-434f-beb1-e73dee813eec' LIMIT 1[0m
  ↳ app/controllers/api/v1/requests_controller.rb:22:in 'Api::V1::RequestsController#index'
  [1m[36mCACHE RequestType Load (0.0ms)[0m  [1m[34mSELECT "request_types".* FROM "request_types" WHERE "request_types"."deleted_at" IS NULL AND "request_types"."id" = '1f5dd956-b4d1-456e-a5ea-d3c63ebde7b8' LIMIT 1[0m
  ↳ app/controllers/api/v1/requests_controller.rb:22:in 'Api::V1::RequestsController#index'
  [1m[36mCACHE User Load (0.0ms)[0m  [1m[34mSELECT "users".* FROM "users" INNER JOIN "request_type_approvers" ON "users"."id" = "request_type_approvers"."user_id" WHERE "users"."deleted_at" IS NULL AND "request_type_approvers"."request_type_id" = '1f5dd956-b4d1-456e-a5ea-d3c63ebde7b8'[0m
  ↳ app/controllers/api/v1/requests_controller.rb:22:in 'Api::V1::RequestsController#index'
  [1m[36mCACHE User Load (0.0ms)[0m  [1m[34mSELECT "users".* FROM "users" WHERE "users"."deleted_at" IS NULL AND "users"."id" = 'a8b58455-32ed-4b42-af48-3bb969d2c5b8' LIMIT 1[0m
  ↳ app/controllers/api/v1/requests_controller.rb:22:in 'Api::V1::RequestsController#index'
  [1m[36mCACHE Rule Load (0.0ms)[0m  [1m[34mSELECT "rules".* FROM "rules" WHERE "rules"."deleted_at" IS NULL AND "rules"."id" = '48a78e3e-3f71-41f5-a9b5-01ff3306a6d0' LIMIT 1[0m
  ↳ app/controllers/api/v1/requests_controller.rb:22:in 'Api::V1::RequestsController#index'
  [1m[36mCACHE RequestType Load (0.0ms)[0m  [1m[34mSELECT "request_types".* FROM "request_types" WHERE "request_types"."deleted_at" IS NULL AND "request_types"."id" = 'dbc4ad97-8696-4a00-9423-3d4df65dbd59' LIMIT 1[0m
  ↳ app/controllers/api/v1/requests_controller.rb:22:in 'Api::V1::RequestsController#index'
  [1m[36mCACHE User Load (0.0ms)[0m  [1m[34mSELECT "users".* FROM "users" INNER JOIN "request_type_approvers" ON "users"."id" = "request_type_approvers"."user_id" WHERE "users"."deleted_at" IS NULL AND "request_type_approvers"."request_type_id" = 'dbc4ad97-8696-4a00-9423-3d4df65dbd59'[0m
  ↳ app/controllers/api/v1/requests_controller.rb:22:in 'Api::V1::RequestsController#index'
  [1m[36mCACHE User Load (0.0ms)[0m  [1m[34mSELECT "users".* FROM "users" WHERE "users"."deleted_at" IS NULL AND "users"."id" = 'a8b58455-32ed-4b42-af48-3bb969d2c5b8' LIMIT 1[0m
  ↳ app/controllers/api/v1/requests_controller.rb:22:in 'Api::V1::RequestsController#index'
  [1m[36mCACHE Rule Load (0.0ms)[0m  [1m[34mSELECT "rules".* FROM "rules" WHERE "rules"."deleted_at" IS NULL AND "rules"."id" = '48a78e3e-3f71-41f5-a9b5-01ff3306a6d0' LIMIT 1[0m
  ↳ app/controllers/api/v1/requests_controller.rb:22:in 'Api::V1::RequestsController#index'
  [1m[36mCACHE RequestType Load (0.0ms)[0m  [1m[34mSELECT "request_types".* FROM "request_types" WHERE "request_types"."deleted_at" IS NULL AND "request_types"."id" = 'dbc4ad97-8696-4a00-9423-3d4df65dbd59' LIMIT 1[0m
  ↳ app/controllers/api/v1/requests_controller.rb:22:in 'Api::V1::RequestsController#index'
  [1m[36mCACHE User Load (0.0ms)[0m  [1m[34mSELECT "users".* FROM "users" INNER JOIN "request_type_approvers" ON "users"."id" = "request_type_approvers"."user_id" WHERE "users"."deleted_at" IS NULL AND "request_type_approvers"."request_type_id" = 'dbc4ad97-8696-4a00-9423-3d4df65dbd59'[0m
  ↳ app/controllers/api/v1/requests_controller.rb:22:in 'Api::V1::RequestsController#index'
Completed 200 OK in 58ms (Views: 0.2ms | ActiveRecord: 12.9ms (46 queries, 31 cached) | GC: 0.0ms)


